ID,Type,Name
CVS_F_71707,Female,FirstTrim_F_71707
CVS_M_72039,Male,FirstTrim_M_72039
PL_M_72350,Male,ThirdTrim_M_72350
PL_F_72439,Female,ThirdTrim_F_72439
CVS_F_72290,Female,FirstTrim_F_72290
PL_M_72273,Male,ThirdTrim_M_72273
CVS_M_72273,Male,FirstTrim_M_72273
CVS_M_72287,Male,FirstTrim_M_72287
PL_M_72275,Male,ThirdTrim_M_72275
CVS_M_72373,Male,FirstTrim_M_72373
PL_F_72475,Female,ThirdTrim_F_72475
PL_M_72416,Male,ThirdTrim_M_72416
CVS_M_72388,Male,FirstTrim_M_72388
PL_M_72268,Male,ThirdTrim_M_72268
PL_F_72340,Female,ThirdTrim_F_72340
CVS_M_72111,Male,FirstTrim_M_72111
CVS_M_71186,Male,FirstTrim_M_71186
PL_M_72334,Male,ThirdTrim_M_72334
PL_M_72388,Male,ThirdTrim_M_72388
PL_M_72361,Male,ThirdTrim_M_72361
CVS_F_72011,Female,FirstTrim_F_72011
CVS_F_72298,Female,FirstTrim_F_72298
PL_M_72039,Male,ThirdTrim_M_72039
PL_M_72373,Male,ThirdTrim_M_72373
PL_M_72311,Male,ThirdTrim_M_72311
CVS_M_70707,Male,FirstTrim_M_70707
CVS_M_72306,Male,FirstTrim_M_72306
PL_F_72367,Female,ThirdTrim_F_72367
PL_M_72351,Male,ThirdTrim_M_72351
PL_F_72375,Female,ThirdTrim_F_72375
PL_F_72387,Female,ThirdTrim_F_72387
PL_F_72391,Female,ThirdTrim_F_72391
CVS_F_72466,Female,FirstTrim_F_72466
CVS_M_72268,Male,FirstTrim_M_72268
CVS_F_72340,Female,FirstTrim_F_72340
PL_F_72114,Female,ThirdTrim_F_72114
CVS_F_72387,Female,FirstTrim_F_72387
CVS_M_72334,Male,FirstTrim_M_72334
CVS_M_72350,Male,FirstTrim_M_72350
PL_F_72298,Female,ThirdTrim_F_72298
CVS_F_71218,Female,FirstTrim_F_71218
PL_F_72155,Female,ThirdTrim_F_72155
PL_M_72306,Male,ThirdTrim_M_72306
CVS_M_72351,Male,FirstTrim_M_72351
CVS_M_72416,Male,FirstTrim_M_72416
PL_M_72287,Male,ThirdTrim_M_72287
CVS_F_72391,Female,FirstTrim_F_72391
PL_M_71997,Male,ThirdTrim_M_71997
PL_F_72115,Female,ThirdTrim_F_72115
PL_F_72290,Female,ThirdTrim_F_72290
CVS_F_72375,Female,FirstTrim_F_72375
PL_F_72402,Female,ThirdTrim_F_72402
CVS_F_72402,Female,FirstTrim_F_72402
CVS_M_71997,Male,FirstTrim_M_71997
CVS_M_72341,Male,FirstTrim_M_72341
CVS_M_72361,Male,FirstTrim_M_72361
CVS_M_72275,Male,FirstTrim_M_72275
CVS_F_72439,Female,FirstTrim_F_72439
PL_F_72359,Female,ThirdTrim_F_72359
CVS_F_72155,Female,FirstTrim_F_72155
CVS_F_71579,Female,FirstTrim_F_71579
CVS_F_71485,Female,FirstTrim_F_71485
CVS_F_71849,Female,FirstTrim_F_71849
CVS_F_71335,Female,FirstTrim_F_71335
PL_M_72355,Male,ThirdTrim_M_72355
CVS_F_71418,Female,FirstTrim_F_71418
CVS_M_71503,Male,FirstTrim_M_71503
CVS_M_71128,Male,FirstTrim_M_71128
CVS_F_71250,Female,FirstTrim_F_71250
CVS_F_71424,Female,FirstTrim_F_71424
CVS_M_70903,Male,FirstTrim_M_70903
CVS_M_70784,Male,FirstTrim_M_70784
PL_F_72426,Female,ThirdTrim_F_72426
CVS_F_70696,Female,FirstTrim_F_70696
CVS_F_71822,Female,FirstTrim_F_71822
CVS_M_71637,Male,FirstTrim_M_71637
CVS_F_71035,Female,FirstTrim_F_71035
CVS_M_70973,Male,FirstTrim_M_70973
PL_M_72408,Male,ThirdTrim_M_72408
CVS_M_71806,Male,FirstTrim_M_71806
PL_M_72343,Male,ThirdTrim_M_72343
CVS_F_72091,Female,FirstTrim_F_72091
CVS_M_71451,Male,FirstTrim_M_71451
PL_M_72319,Male,ThirdTrim_M_72319
CVS_M_71491,Male,FirstTrim_M_71491
CVS_M_70911,Male,FirstTrim_M_70911
CVS_M_70913,Male,FirstTrim_M_70913
CVS_M_72003,Male,FirstTrim_M_72003
CVS_F_71869,Female,FirstTrim_F_71869
CVS_F_71369,Female,FirstTrim_F_71369
PL_M_72330,Male,ThirdTrim_M_72330
CVS_F_70965,Female,FirstTrim_F_70965
CVS_M_71445,Male,FirstTrim_M_71445
CVS_F_71099,Female,FirstTrim_F_71099
CVS_M_71895,Male,FirstTrim_M_71895
CVS_F_70964,Female,FirstTrim_F_70964
CVS_M_71412,Male,FirstTrim_M_71412
CVS_F_71759,Female,FirstTrim_F_71759
CVS_M_71394,Male,FirstTrim_M_71394
CVS_M_72380,Male,FirstTrim_M_72380
CVS_M_71624,Male,FirstTrim_M_71624
CVS_M_70830,Male,FirstTrim_M_70830
CVS_F_71607,Female,FirstTrim_F_71607
CVS_M_70949,Male,FirstTrim_M_70949
CVS_M_70838,Male,FirstTrim_M_70838
CVS_M_71756,Male,FirstTrim_M_71756
PL_F_71987,Female,ThirdTrim_F_71987
CVS_F_70922,Female,FirstTrim_F_70922
CVS_F_71949,Female,FirstTrim_F_71949
PL_M_72358,Male,ThirdTrim_M_72358
CVS_F_70866,Female,FirstTrim_F_70866
CVS_F_71179,Female,FirstTrim_F_71179
CVS_M_70893,Male,FirstTrim_M_70893
CVS_F_70847,Female,FirstTrim_F_70847
CVS_F_71793,Female,FirstTrim_F_71793
CVS_F_71146,Female,FirstTrim_F_71146
CVS_F_71104,Female,FirstTrim_F_71104
CVS_M_70956,Male,FirstTrim_M_70956
CVS_F_71757,Female,FirstTrim_F_71757
CVS_M_71086,Male,FirstTrim_M_71086
CVS_F_70805,Female,FirstTrim_F_70805
CVS_M_71861,Male,FirstTrim_M_71861
CVS_F_71016,Female,FirstTrim_F_71016
CVS_M_70932,Male,FirstTrim_M_70932
CVS_M_70801,Male,FirstTrim_M_70801
CVS_M_70906,Male,FirstTrim_M_70906
CVS_M_71282,Male,FirstTrim_M_71282
CVS_M_71127,Male,FirstTrim_M_71127
CVS_F_72098,Female,FirstTrim_F_72098
CVS_M_71905,Male,FirstTrim_M_71905
CVS_F_71527,Female,FirstTrim_F_71527
CVS_M_71673,Male,FirstTrim_M_71673
CVS_M_71955,Male,FirstTrim_M_71955
CVS_F_72069,Female,FirstTrim_F_72069
CVS_F_72034,Female,FirstTrim_F_72034
CVS_F_70710,Female,FirstTrim_F_70710
CVS_F_71318,Female,FirstTrim_F_71318
CVS_F_70738,Female,FirstTrim_F_70738
CVS_M_71731,Male,FirstTrim_M_71731
CVS_M_70774,Male,FirstTrim_M_70774
CVS_M_70705,Male,FirstTrim_M_70705
CVS_M_72324,Male,FirstTrim_M_72324
CVS_F_71743,Female,FirstTrim_F_71743
CVS_F_71203,Female,FirstTrim_F_71203
PL_F_72314,Female,ThirdTrim_F_72314
PL_M_72145,Male,ThirdTrim_M_72145
CVS_M_71038,Male,FirstTrim_M_71038
CVS_F_71702,Female,FirstTrim_F_71702
CVS_M_72054,Male,FirstTrim_M_72054
CVS_F_70879,Female,FirstTrim_F_70879
CVS_F_71419,Female,FirstTrim_F_71419
CVS_M_70747,Male,FirstTrim_M_70747
CVS_M_71171,Male,FirstTrim_M_71171
CVS_F_71440,Female,FirstTrim_F_71440
CVS_M_71286,Male,FirstTrim_M_71286
CVS_M_71314,Male,FirstTrim_M_71314
CVS_F_71095,Female,FirstTrim_F_71095
CVS_F_71652,Female,FirstTrim_F_71652
CVS_F_70807,Female,FirstTrim_F_70807
PL_M_72316,Male,ThirdTrim_M_72316
CVS_F_71620,Female,FirstTrim_F_71620
PL_M_72420,Male,ThirdTrim_M_72420
CVS_M_70910,Male,FirstTrim_M_70910
PL_F_72424,Female,ThirdTrim_F_72424
CVS_M_71758,Male,FirstTrim_M_71758
CVS_M_72308,Male,FirstTrim_M_72308
PL_M_72344,Male,ThirdTrim_M_72344
