Variante,Clinical_Group,ClinVar_Final_Classification,Structural_Category_Consensus,Structural_Categories_By_Structure,DDG_7UUY,DDG_7UUZ,DDG_7UV0,DDG_AF,Experimental_Mean_DDG,Experimental_Max_DDG,Conformational_Range_Experimental,Most_Destabilizing_Experimental_State,Allele_Frequency,Literature_Label,Functional_Summary
p.Tyr324His,VUS_or_unclassified,Uncertain significance / not classified in gnomAD extract,core,7UUY=core; 7UUZ=core; 7UV0=core; AF=core,34.970733,1.246788,-0.891245,3.247167,11.775425333333336,34.970733,35.861978,7UUY_apo,1.8604258886e-06,,
p.Pro77Leu,VUS_or_unclassified,Uncertain significance / not classified in gnomAD extract,core,7UUY=core; 7UUZ=core; 7UV0=core; AF=core,1.047123,31.185533,-0.795734,5.085643,10.478974,31.185533,31.981267,7UUZ_ReO4_Na,3.1003022174e-06,,
p.Ile284Phe,VUS_or_unclassified,Uncertain significance / not classified in gnomAD extract,core,7UUY=core; 7UUZ=core; 7UV0=core; AF=core,30.668433,1.019966,7.535177,0.326121,13.074525333333334,30.668433,29.648467,7UUY_apo,1.23951217758e-05,,
p.Arg474Lys,Uncertain_significance,Uncertain significance,core,7UUY=core; 7UUZ=core; 7UV0=core; AF=superficie,-0.069017,28.563767,14.054367,0.631561,14.183038999999999,28.563767,28.632783999999997,7UUZ_ReO4_Na,1.40689429363e-05,,
p.Pro326Leu,VUS_or_unclassified,Uncertain significance / not classified in gnomAD extract,core,7UUY=superficie; 7UUZ=superficie; 7UV0=core; AF=core,-1.215453,2.126367,27.927233,0.761972,9.612715666666668,27.927233,29.142686,7UV0_I_Na,1.2396934981e-06,,
p.Val445Phe,VUS_or_unclassified,Uncertain significance / not classified in gnomAD extract,core,7UUY=core; 7UUZ=core; 7UV0=core; AF=core,27.5383,1.085263,0.094104,13.2798,9.572555666666668,27.5383,27.444195999999998,7UUY_apo,1.252702706e-06,,
p.Leu168Phe,VUS_or_unclassified,Uncertain significance / not classified in gnomAD extract,core,7UUY=core; 7UUZ=core; 7UV0=core; AF=core,5.733523,22.577967,5.43567,5.88056,11.249053333333334,22.577967,17.142297,7UUZ_ReO4_Na,1.2390606433e-06,,
p.Ala518Val,Uncertain_significance,Uncertain significance,core,7UUY=core; 7UUZ=core; 7UV0=core; AF=superficie,2.875093,22.128933,0.000279,0.159356,8.334768333333333,22.128933,22.128654,7UUZ_ReO4_Na,3.46987282916e-05,,
p.Val367Ile,VUS_or_unclassified,Uncertain significance / not classified in gnomAD extract,core,7UUY=core; 7UUZ=core; 7UV0=core; AF=core,1.194037,1.394323,22.109167,0.316179,8.232509,22.109167,20.915129999999998,7UV0_I_Na,6.19498850210134e-07,,
p.Thr274Arg,VUS_or_unclassified,Uncertain significance / not classified in gnomAD extract,core,7UUY=core; 7UUZ=core; 7UV0=core; AF=core,21.8803,-1.270957,1.619263,2.810297,7.409535333333333,21.8803,23.151256999999998,7UUY_apo,1.2389777442e-06,,
p.Leu100Phe,VUS_or_unclassified,Uncertain significance / not classified in gnomAD extract,core,7UUY=superficie; 7UUZ=superficie; 7UV0=core; AF=core,4.23158,-0.90073,21.3832,0.240336,8.238016666666667,21.3832,22.283929999999998,7UV0_I_Na,9.9260139733e-06,,
p.Arg482His,VUS_or_unclassified,Uncertain significance / not classified in gnomAD extract,core,7UUY=core; 7UUZ=core; 7UV0=core; AF=superficie,0.896331,0.355511,21.2565,1.082447,7.502780666666666,21.2565,20.900989,7UV0_I_Na,1.27841272276e-05,,
p.Thr101Ile,VUS_or_unclassified,Uncertain significance / not classified in gnomAD extract,core,7UUY=superficie; 7UUZ=core; 7UV0=superficie; AF=core,-0.719151,20.8107,1.447823,2.149103,7.179790666666666,20.8107,21.529851,7UUZ_ReO4_Na,6.20462095350133e-07,,
p.Asp322Val,VUS_or_unclassified,Uncertain significance / not classified in gnomAD extract,core,7UUY=core; 7UUZ=core; 7UV0=core; AF=core,-0.116565,19.553267,4.410603,-0.632821,7.9491016666666665,19.553267,19.669832000000003,7UUZ_ReO4_Na,4.9658905393e-06,,
p.Arg474Met,VUS_or_unclassified,Uncertain significance / not classified in gnomAD extract,core,7UUY=core; 7UUZ=core; 7UV0=core; AF=superficie,-0.262909,19.550133,8.119457,1.894923,9.135560333333332,19.550133,19.813042,7UUZ_ReO4_Na,1.2789948123e-06,,
p.Glu470Lys,VUS_or_unclassified,Uncertain significance / not classified in gnomAD extract,core,7UUY=core; 7UUZ=core; 7UV0=core; AF=superficie,1.238703,18.5879,19.225067,1.255967,13.017223333333334,19.225067,17.986364,7UV0_I_Na,5.1148344264e-06,,
p.Ala451Val,VUS_or_unclassified,Uncertain significance / not classified in gnomAD extract,core,7UUY=core; 7UUZ=core; 7UV0=core; AF=core,2.543207,18.944933,9.78567,0.535784,10.424603333333332,18.944933,16.401726,7UUZ_ReO4_Na,6.311840254897357e-07,,
p.Asp163Glu,VUS_or_unclassified,Uncertain significance / not classified in gnomAD extract,core,7UUY=core; 7UUZ=core; 7UV0=core; AF=core,1.775143,18.5729,1.960407,1.802623,7.4361500000000005,18.5729,16.797757,7UUZ_ReO4_Na,6.195111313760086e-07,,
p.Val195Phe,VUS_or_unclassified,Uncertain significance / not classified in gnomAD extract,core,7UUY=core; 7UUZ=core; 7UV0=core; AF=core,18.468,-0.107183,0.025279,1.33923,6.128698666666668,18.468,18.575183,7UUY_apo,6.195111313760086e-07,,
p.Tyr324Asn,VUS_or_unclassified,Uncertain significance / not classified in gnomAD extract,core,7UUY=core; 7UUZ=core; 7UV0=core; AF=core,18.321067,1.466643,-0.767455,4.480093,6.340084999999999,18.321067,19.088521999999998,7UUY_apo,1.2402839257e-06,,
p.Pro517Thr,VUS_or_unclassified,Uncertain significance / not classified in gnomAD extract,core,7UUY=core; 7UUZ=core; 7UV0=core; AF=superficie,18.316833,0.346658,2.24763,1.216693,6.970373666666667,18.316833,17.970174999999998,7UUY_apo,6.196247552482217e-07,,
p.Arg374Trp,VUS_or_unclassified,Uncertain significance / not classified in gnomAD extract,core,7UUY=core; 7UUZ=core; 7UV0=core; AF=superficie,0.884602,18.192767,4.22583,0.888529,7.767733,18.192767,17.308165,7UUZ_ReO4_Na,6.93897174351e-05,,
p.Gly452Arg,VUS_or_unclassified,Uncertain significance / not classified in gnomAD extract,core,7UUY=core; 7UUZ=core; 7UV0=core; AF=core,3.60885,8.443107,18.097867,36.887767,10.049941333333335,18.097867,14.489017,7UV0_I_Na,6.312358208653738e-07,,
p.Ala518Thr,VUS_or_unclassified,Uncertain significance / not classified in gnomAD extract,core,7UUY=core; 7UUZ=core; 7UV0=core; AF=superficie,2.248713,17.8563,-0.031092,-0.02831,6.691306999999999,17.8563,17.887392000000002,7UUZ_ReO4_Na,1.92097957564e-05,,
p.Arg376Trp,Uncertain_significance,Uncertain significance,core,7UUY=core; 7UUZ=core; 7UV0=core; AF=superficie,17.648833,3.544133,-0.601901,0.038189,6.863688333333332,17.648833,18.250734,7UUY_apo,4.52285155257e-05,,
p.Ala451Thr,VUS_or_unclassified,Uncertain significance / not classified in gnomAD extract,core,7UUY=core; 7UUZ=core; 7UV0=core; AF=core,2.247193,16.7186,10.396067,-0.197589,9.787286666666667,16.7186,14.471407,7UUZ_ReO4_Na,1.2625864082e-06,,
p.Pro468Leu,VUS_or_unclassified,Uncertain significance / not classified in gnomAD extract,core,7UUY=core; 7UUZ=core; 7UV0=core; AF=superficie,16.573567,-0.009165,-1.859167,4.044437,4.901745000000001,16.573567,18.432734,7UUY_apo,1.2780614364e-06,,
p.Tyr137His,VUS_or_unclassified,Uncertain significance / not classified in gnomAD extract,core,7UUY=core; 7UUZ=core; 7UV0=core; AF=core,3.530677,2.405523,16.475697,1.17421,7.4706323333333335,16.475697,14.070174,7UV0_I_Na,1.8619777928e-06,,
p.Cys91Tyr,VUS_or_unclassified,Uncertain significance / not classified in gnomAD extract,sitio activo,7UUY=core; 7UUZ=core; 7UV0=sitio activo; AF=core,6.56553,12.437733,16.0415,-0.275016,11.681587666666667,16.0415,9.47597,7UV0_I_Na,6.200773608515398e-07,,
p.Leu519Ile,VUS_or_unclassified,Uncertain significance / not classified in gnomAD extract,core,7UUY=core; 7UUZ=core; 7UV0=core; AF=superficie,0.549958,2.870277,16.033767,1.287179,6.484667333333334,16.033767,15.483809,7UV0_I_Na,8.6740156231e-06,,
p.Trp165Arg,VUS_or_unclassified,Uncertain significance / not classified in gnomAD extract,core,7UUY=core; 7UUZ=core; 7UV0=core; AF=core,15.4585,4.677927,9.08102,0.842888,9.739149,15.4585,10.780573,7UUY_apo,6.1955719008e-06,,
p.Leu449Ile,VUS_or_unclassified,Uncertain significance / not classified in gnomAD extract,core,7UUY=core; 7UUZ=core; 7UV0=core; AF=core,15.264367,2.37261,-0.002306,0.755795,5.878223666666667,15.264367,15.266673,7UUY_apo,5.6595586801e-06,,
p.Tyr118Phe,VUS_or_unclassified,Uncertain significance / not classified in gnomAD extract,core,7UUY=core; 7UUZ=core; 7UV0=core; AF=core,0.230409,14.6342,3.40086,1.775573,6.088489666666667,14.6342,14.403791,7UUZ_ReO4_Na,6.320808861268358e-07,,
p.Ser424Arg,VUS_or_unclassified,Uncertain significance / not classified in gnomAD extract,core,7UUY=core; 7UUZ=core; 7UV0=core; AF=core,-0.877361,13.9846,7.171323,-0.254778,6.759520666666667,13.9846,14.861961,7UUZ_ReO4_Na,6.220375461862878e-07,,
p.Glu470Asp,VUS_or_unclassified,Uncertain significance / not classified in gnomAD extract,core,7UUY=core; 7UUZ=core; 7UV0=core; AF=superficie,2.53217,13.898367,13.624503,0.827887,10.018346666666668,13.898367,11.366197,7UUZ_ReO4_Na,1.2787118768e-06,,
p.Leu375Arg,VUS_or_unclassified,Uncertain significance / not classified in gnomAD extract,core,7UUY=core; 7UUZ=core; 7UV0=core; AF=superficie,13.798313,-0.832599,0.330793,0.606174,4.432169,13.798313,14.630912,7UUY_apo,6.195095962036452e-07,,
p.Val99Phe,VUS_or_unclassified,Uncertain significance / not classified in gnomAD extract,core,7UUY=core; 7UUZ=superficie; 7UV0=core; AF=core,13.554833,-0.678513,1.897387,-0.900638,4.924569,13.554833,14.233346000000001,7UUY_apo,6.20275824253529e-07,,
p.Ser377Arg,VUS_or_unclassified,Uncertain significance / not classified in gnomAD extract,core,7UUY=core; 7UUZ=core; 7UV0=core; AF=superficie,-2.948477,12.0205,13.544633,-0.461665,7.538885333333333,13.544633,16.493109999999998,7UV0_I_Na,6.195172721415473e-07,,
p.Lys276Glu,VUS_or_unclassified,Uncertain significance / not classified in gnomAD extract,core,7UUY=core; 7UUZ=core; 7UV0=core; AF=core,-0.065988,2.132367,13.5305,-0.587106,5.198959666666666,13.5305,13.596488,7UV0_I_Na,1.8586922984e-06,,
p.Gly450Arg,VUS_or_unclassified,Uncertain significance / not classified in gnomAD extract,core,7UUY=core; 7UUZ=core; 7UV0=core; AF=core,13.496333,4.123173,-3.081087,-1.204933,4.846139666666667,13.496333,16.57742,7UUY_apo,5.664944943e-06,,
p.Leu342Phe,VUS_or_unclassified,Uncertain significance / not classified in gnomAD extract,core,7UUY=superficie; 7UUZ=superficie; 7UV0=superficie; AF=core,13.423537,-0.845284,4.09907,0.941689,5.559107666666667,13.423537,14.268820999999999,7UUY_apo,6.195664026487703e-07,,
p.Arg273His,Benign_or_likely,Likely Benign,core,7UUY=core; 7UUZ=core; 7UV0=core; AF=core,-0.151426,13.376733,2.725587,1.25406,5.316964666666666,13.376733,13.528159,7UUZ_ReO4_Na,3.7170023119e-06,,
p.Ala447Pro,VUS_or_unclassified,Uncertain significance / not classified in gnomAD extract,core,7UUY=core; 7UUZ=core; 7UV0=core; AF=core,4.224677,13.031967,5.703803,2.854627,7.653482333333334,13.031967,8.80729,7UUZ_ReO4_Na,6.281533297151701e-07,,
p.Lys276Gln,VUS_or_unclassified,Uncertain significance / not classified in gnomAD extract,core,7UUY=core; 7UUZ=core; 7UV0=core; AF=core,-0.222018,1.703027,12.749667,-0.407938,4.743558666666667,12.749667,12.971685,7UV0_I_Na,6.195188073519536e-07,,
p.Leu476Val,VUS_or_unclassified,Uncertain significance / not classified in gnomAD extract,core,7UUY=core; 7UUZ=core; 7UV0=core; AF=superficie,12.725333,0.254103,0.25632,1.617027,4.411918666666667,12.725333,12.471229999999998,7UUY_apo,1.2798967891e-06,,
p.Leu428Arg,VUS_or_unclassified,Uncertain significance / not classified in gnomAD extract,core,7UUY=core; 7UUZ=core; 7UV0=core; AF=core,0.402506,0.928963,12.6255,9.150097,4.652323,12.6255,12.222994,7UV0_I_Na,1.3519414555e-06,,
p.Thr141Pro,VUS_or_unclassified,Uncertain significance / not classified in gnomAD extract,core,7UUY=superficie; 7UUZ=superficie; 7UV0=core; AF=core,8.574437,12.485567,1.44879,4.834723,7.502931333333333,12.485567,11.036776999999999,7UUZ_ReO4_Na,1.244669702e-06,,
p.Tyr178His,VUS_or_unclassified,Uncertain significance / not classified in gnomAD extract,core,7UUY=core; 7UUZ=superficie; 7UV0=superficie; AF=core,11.958667,3.876673,-0.344954,0.566701,5.163462,11.958667,12.303621,7UUY_apo,2.4782840361e-06,,
p.Ala447Val,VUS_or_unclassified,Uncertain significance / not classified in gnomAD extract,core,7UUY=core; 7UUZ=core; 7UV0=core; AF=core,0.847685,11.903167,3.90807,-0.538603,5.552974,11.903167,11.055482,7UUZ_ReO4_Na,2.5127301189e-06,,
p.Trp458Leu,VUS_or_unclassified,Uncertain significance / not classified in gnomAD extract,core,7UUY=core; 7UUZ=core; 7UV0=core; AF=core,11.665533,-0.036468,-2.403433,-0.106724,3.075210666666667,11.665533,14.068966,7UUY_apo,6.355767922947754e-07,,
