Variante,ClinVar,DDG_7UUY,DDG_7UUZ,DDG_7UV0,DDG_AF
p.Met1?,VUS / Sin Clasificar,,,,-0.045322
p.Met1?,VUS / Sin Clasificar,,,,0.0
p.Met1?,VUS / Sin Clasificar,,,,0.0
p.Met1?,VUS / Sin Clasificar,,,,0.0
p.Met1?,VUS / Sin Clasificar,,,,0.0
p.Glu2Val,VUS / Sin Clasificar,,,,1.003219
p.Ala3Asp,VUS / Sin Clasificar,,,,1.00412
p.Glu5Gln,VUS / Sin Clasificar,,,,-0.232479
p.Thr6Ala,VUS / Sin Clasificar,,,,-0.191791
p.Thr6Ile,Uncertain significance,,,,-0.212203
p.Gly7Arg,Uncertain significance,,,,1.66733
p.Gly7Arg,VUS / Sin Clasificar,,,,1.665893
p.Gly7Glu,VUS / Sin Clasificar,,,,1.857443
p.Glu8Lys,Uncertain significance,,,,0.206611
p.Arg9Trp,VUS / Sin Clasificar,1.596203,,,-0.787256
p.Arg9Pro,VUS / Sin Clasificar,2.527697,,,1.611387
p.Arg9Gln,VUS / Sin Clasificar,2.261437,,,0.885513
p.Pro10Leu,VUS / Sin Clasificar,0.33228,,,0.306875
p.Thr11Ile,Uncertain significance,0.839993,0.442896,-1.292457,-0.652834
p.Phe12Leu,VUS / Sin Clasificar,1.763973,-0.833879,0.311488,0.953331
p.Trp15Leu,VUS / Sin Clasificar,0.22672,-0.827501,0.05291,-0.536565
p.Trp15Cys,VUS / Sin Clasificar,1.037467,-0.062194,1.516413,0.731975
p.Trp15Cys,VUS / Sin Clasificar,1.04267,-0.127292,1.50554,0.725676
p.Asp16Asn,VUS / Sin Clasificar,0.389607,0.566464,-0.159394,3.244453
p.Asp16Gly,VUS / Sin Clasificar,1.827703,0.971195,-0.303856,4.821003
p.Gly18Arg,Likely Pathogenic,-1.512153,-1.06561,-1.302833,-1.608537
p.Gly18Ala,VUS / Sin Clasificar,-0.881724,0.355342,-0.051643,-0.845267
p.Val19Ile,VUS / Sin Clasificar,0.541767,-1.7848,-0.848107,-0.430383
p.Phe20Leu,VUS / Sin Clasificar,0.692774,-0.83586,-0.644785,1.646687
p.Leu22Phe,VUS / Sin Clasificar,-0.641764,-0.75599,-0.926746,0.312922
p.Leu22Pro,VUS / Sin Clasificar,2.574537,2.484857,4.314137,3.951853
p.Met23Leu,Uncertain significance,-0.566375,-0.731219,-1.07169,1.193847
p.Met23Thr,VUS / Sin Clasificar,1.025819,0.002217,-0.000318,3.214807
p.Leu24Val,VUS / Sin Clasificar,2.094753,0.62876,0.722666,2.05001
p.Val26Met,VUS / Sin Clasificar,-0.819674,0.081161,-0.187302,-0.604361
p.Ser27Ala,VUS / Sin Clasificar,0.218019,-0.27511,-0.031255,-0.202083
p.Thr28Ala,VUS / Sin Clasificar,-0.125923,0.717974,1.156957,0.010748
p.Thr28Ser,VUS / Sin Clasificar,0.100424,-0.002389,-0.000158,0.091977
p.Thr28Ile,VUS / Sin Clasificar,-1.562523,0.098868,1.33903,-0.742845
p.Gly29Ser,VUS / Sin Clasificar,0.082195,1.207207,0.951105,-0.472394
p.Ile30Met,VUS / Sin Clasificar,-0.420431,-1.47004,-2.020047,0.889444
p.Gly31Arg,VUS / Sin Clasificar,-2.0289,-1.33604,-0.422467,-1.934527
p.Leu32Pro,VUS / Sin Clasificar,1.79378,2.84266,3.76748,2.666397
p.Leu32Gln,VUS / Sin Clasificar,-0.15227,-0.10087,-0.161377,0.826606
p.Trp33Arg,VUS / Sin Clasificar,-0.034747,1.30609,1.91698,0.432233
p.Trp33Ser,VUS / Sin Clasificar,0.748795,2.037917,3.087827,0.619564
p.Val34Asp,VUS / Sin Clasificar,,1.19569,0.671917,2.218793
p.Gly35Arg,Uncertain significance,,-0.185212,-0.691458,-0.215402
p.Gly35Arg,VUS / Sin Clasificar,,-0.170345,-0.718092,-0.699945
p.Leu36Val,VUS / Sin Clasificar,,9.456167,,0.603642
p.Leu36Arg,VUS / Sin Clasificar,,10.230677,,0.408899
p.Ala37Ser,VUS / Sin Clasificar,,1.145627,,0.515435
p.Arg38Pro,VUS / Sin Clasificar,,,,0.844006
p.Arg38Gln,VUS / Sin Clasificar,,,,0.4251
p.Gly39Ser,VUS / Sin Clasificar,,,,4.43623
p.Gly39Asp,VUS / Sin Clasificar,,,,3.548173
p.Gly40Arg,VUS / Sin Clasificar,,,,2.138487
p.Gln41Lys,VUS / Sin Clasificar,,,,0.275205
p.Gln41Arg,VUS / Sin Clasificar,,,,0.508908
p.Arg42Cys,VUS / Sin Clasificar,,,,0.360214
p.Arg42Leu,Uncertain significance,,,,1.305813
p.Arg42His,VUS / Sin Clasificar,,,,0.623477
p.Ser43Arg,VUS / Sin Clasificar,,,,-0.846451
p.Ser43Arg,VUS / Sin Clasificar,,,,-0.888037
p.Ala44Thr,VUS / Sin Clasificar,,,,1.65388
p.Ala44Gly,VUS / Sin Clasificar,,,,1.508127
p.Ala44Val,VUS / Sin Clasificar,,,,-0.665469
p.Glu45Lys,VUS / Sin Clasificar,,,,0.122639
p.Asp46Tyr,VUS / Sin Clasificar,,,,0.146703
p.Asp46His,VUS / Sin Clasificar,,,,0.832981
p.Asp46Val,VUS / Sin Clasificar,,,,0.439345
p.Phe48Ser,VUS / Sin Clasificar,,,,3.998217
p.Thr49Ala,VUS / Sin Clasificar,,,,0.580884
p.Thr49Pro,VUS / Sin Clasificar,,,,1.860083
p.Gly50Arg,VUS / Sin Clasificar,,,,16.399167
p.Gly50Arg,VUS / Sin Clasificar,,,,14.187633
p.Gly50Glu,VUS / Sin Clasificar,,,,8.73973
p.Gly51Cys,VUS / Sin Clasificar,,,,2.92174
p.Gly51Asp,Uncertain significance,,,,3.846503
p.Gly51Ala,VUS / Sin Clasificar,,,,2.92788
p.Arg52Gly,VUS / Sin Clasificar,,,,2.388353
p.Arg52Gln,VUS / Sin Clasificar,,,,1.520407
p.Arg53Gly,Uncertain significance,,,,1.289647
p.Arg53Pro,VUS / Sin Clasificar,,,,4.403957
p.Arg53Leu,VUS / Sin Clasificar,,,,0.556008
p.Arg53His,Likely Benign,,,,0.783626
p.Ala55Val,VUS / Sin Clasificar,,,7.142207,0.874148
p.Ala55Gly,VUS / Sin Clasificar,,,0.0,-0.098946
p.Ala56Thr,VUS / Sin Clasificar,,,0.679576,4.01992
p.Pro58Ser,VUS / Sin Clasificar,,,,3.433803
p.Pro58Leu,VUS / Sin Clasificar,,,,1.78647
p.Val59Leu,VUS / Sin Clasificar,,,,2.403763
p.Val59Met,VUS / Sin Clasificar,,,,3.431627
p.Val59Glu,Pathogenic,,,,5.3265
p.Ala65Thr,VUS / Sin Clasificar,,,,2.228247
p.Ala65Ser,VUS / Sin Clasificar,,,,1.958233
p.Ser66Gly,VUS / Sin Clasificar,,,,1.755933
p.Ser66Ile,VUS / Sin Clasificar,,,,3.242857
p.Phe67Leu,VUS / Sin Clasificar,,,,0.645313
p.Met68Val,VUS / Sin Clasificar,,,,3.899617
p.Met68Thr,VUS / Sin Clasificar,,,,5.19205
p.Met68Ile,VUS / Sin Clasificar,,,,2.701717
p.Ser69Leu,VUS / Sin Clasificar,,,,8.610703
p.Ala70Gly,VUS / Sin Clasificar,,,,1.92499
p.Gln72Glu,VUS / Sin Clasificar,-0.152171,-0.725468,,0.634568
p.Gln72Arg,VUS / Sin Clasificar,-0.204377,-0.157875,,0.672987
p.Val73Leu,VUS / Sin Clasificar,-0.01324,0.366556,,2.161776
p.Val73Met,VUS / Sin Clasificar,-0.336784,-0.356506,,2.257233
p.Gly75Arg,VUS / Sin Clasificar,0.729593,2.384817,,12.52
p.Gly75Asp,Uncertain significance,0.648582,3.66978,,13.681833
p.Val76Met,VUS / Sin Clasificar,0.046223,0.355582,-0.983397,1.559573
p.Val76Leu,VUS / Sin Clasificar,-0.652582,0.139684,-1.398423,-0.099126
p.Pro77Ser,VUS / Sin Clasificar,2.410727,8.178203,1.194,3.74907
p.Pro77Leu,VUS / Sin Clasificar,1.047123,31.185533,-0.795734,5.085643
p.Ser78Pro,VUS / Sin Clasificar,-0.474507,5.632323,0.001028,2.000247
p.Ser78Leu,VUS / Sin Clasificar,-1.337313,-0.048229,1.414723,-0.01623
p.Glu79Gly,VUS / Sin Clasificar,0.0,1.002539,1.507787,5.826767
p.Tyr81Asn,VUS / Sin Clasificar,0.432597,3.934743,2.0836,3.189303
p.Arg82Cys,VUS / Sin Clasificar,1.589523,2.276877,2.37276,2.119083
p.Arg82Leu,VUS / Sin Clasificar,-0.015605,6.272547,1.29128,-0.488754
p.Tyr83Cys,VUS / Sin Clasificar,-0.270875,0.349578,2.96125,3.123563
p.Lys86Asn,VUS / Sin Clasificar,1.789367,1.152059,0.094173,1.418837
p.Leu88Pro,VUS / Sin Clasificar,1.072547,1.213873,7.298683,3.783753
p.Met90Thr,VUS / Sin Clasificar,1.912437,1.406633,2.638303,2.271453
p.Met90Ile,VUS / Sin Clasificar,0.847943,-0.471124,3.921763,0.490237
p.Cys91Tyr,VUS / Sin Clasificar,6.56553,12.437733,16.0415,-0.275016
p.Leu92Gln,VUS / Sin Clasificar,2.168003,7.430343,-0.03009,1.68786
p.Leu92Arg,VUS / Sin Clasificar,6.00175,9.3233,0.766651,1.572797
p.Gly93Ser,VUS / Sin Clasificar,3.97346,3.4322,2.89364,1.04039
p.Gln94Lys,VUS / Sin Clasificar,9.47089,10.015523,5.18313,2.111333
p.Asn97Ser,VUS / Sin Clasificar,0.613062,0.055714,3.48299,-0.918621
p.Ser98Thr,VUS / Sin Clasificar,2.3758,2.80955,1.258657,-0.198526
p.Ser98Leu,VUS / Sin Clasificar,2.050457,0.902734,4.514707,-2.226747
p.Val99Ile,VUS / Sin Clasificar,5.156077,1.232868,3.354003,-0.822005
p.Val99Phe,VUS / Sin Clasificar,13.554833,-0.678513,1.897387,-0.900638
p.Val99Ala,Uncertain significance,0.0,1.329313,2.249157,0.211408
p.Val99Gly,Uncertain significance,1.56809,2.458793,4.051977,1.057923
p.Leu100Val,VUS / Sin Clasificar,2.835373,2.347453,2.6708,0.894269
p.Leu100Phe,VUS / Sin Clasificar,4.23158,-0.90073,21.3832,0.240336
p.Thr101Ile,VUS / Sin Clasificar,-0.719151,20.8107,1.447823,2.149103
p.Ala102Thr,VUS / Sin Clasificar,3.326243,0.628092,2.431757,1.880157
p.Ala102Ser,Uncertain significance,4.10144,0.63553,1.397427,0.446368
p.Ala102Asp,VUS / Sin Clasificar,1.071616,1.153907,1.83154,3.896693
p.Ala102Val,VUS / Sin Clasificar,3.018357,1.928993,0.548457,1.096331
p.Phe105Cys,VUS / Sin Clasificar,-0.151503,1.530443,2.97059,4.802527
p.Phe105Ser,VUS / Sin Clasificar,0.314248,1.807637,3.047533,3.895747
p.Met106Val,VUS / Sin Clasificar,1.90412,1.57779,-0.120305,2.585693
p.Val108Ile,VUS / Sin Clasificar,2.185147,-0.526452,1.090513,-0.023049
p.Val108Ala,VUS / Sin Clasificar,3.248993,-0.291714,1.93898,2.186047
p.Phe109Ser,VUS / Sin Clasificar,4.20954,1.109083,3.383587,4.054753
p.Arg111His,VUS / Sin Clasificar,1.82383,6.585027,6.618453,4.707953
p.Leu112Val,VUS / Sin Clasificar,2.374617,1.54045,-1.066083,3.25323
p.Gly113Cys,VUS / Sin Clasificar,-1.093363,2.29483,0.381673,2.544497
p.Gly113Ala,VUS / Sin Clasificar,-0.165353,1.88013,-1.29207,2.50185
p.Gly113Val,VUS / Sin Clasificar,-1.28815,1.199157,4.95624,3.810177
p.Gly113Asp,VUS / Sin Clasificar,0.852473,2.43913,6.156623,2.919853
p.Thr115Ile,VUS / Sin Clasificar,1.6251,-2.465243,-0.043587,-0.68868
p.Thr117Ser,VUS / Sin Clasificar,0.002651,3.042157,0.100358,1.332273
p.Tyr118Cys,VUS / Sin Clasificar,0.654598,0.577973,-0.232533,4.01656
p.Tyr118Phe,VUS / Sin Clasificar,0.230409,14.6342,3.40086,1.775573
p.Glu119Lys,VUS / Sin Clasificar,0.258652,1.548063,0.43699,-0.570384
p.Glu119Ala,VUS / Sin Clasificar,2.083883,0.0,1.070537,-0.12944
p.Glu122Lys,VUS / Sin Clasificar,-0.148376,3.126997,0.59068,0.273118
p.Glu122Ala,VUS / Sin Clasificar,0.447926,4.25258,0.0,0.185922
p.Met123Val,VUS / Sin Clasificar,1.150447,2.002177,0.413822,1.606547
p.Arg124Ser,VUS / Sin Clasificar,4.102317,3.05972,2.751983,3.872117
p.Arg124Gly,VUS / Sin Clasificar,5.078687,3.122347,3.300933,5.23723
p.Arg124Leu,VUS / Sin Clasificar,0.602511,3.172067,-0.007517,2.446733
p.Arg124His,Likely Pathogenic,2.824967,5.99556,0.98366,5.538117
p.Arg127Cys,VUS / Sin Clasificar,1.319194,0.244563,2.354677,1.046789
p.Ala128Thr,VUS / Sin Clasificar,3.972357,1.9296,2.063227,-0.252691
p.Ala128Ser,Uncertain significance,3.319973,2.159803,2.50324,0.138934
p.Val129Met,VUS / Sin Clasificar,0.197104,0.745274,1.821557,2.335103
p.Arg130Pro,VUS / Sin Clasificar,6.40773,3.16835,4.472623,7.537283
p.Gly133Arg,VUS / Sin Clasificar,3.221847,0.367447,-0.405148,14.162333
p.Thr134Ser,Uncertain significance,0.139277,1.995427,3.832673,2.13775
p.Gln136Leu,VUS / Sin Clasificar,-0.252075,-0.473454,0.924378,-1.824207
p.Gln136Arg,VUS / Sin Clasificar,5.156383,-0.033232,1.095909,-0.168677
p.Gln136His,VUS / Sin Clasificar,7.765213,0.792869,2.63062,0.388012
p.Tyr137His,VUS / Sin Clasificar,3.530677,2.405523,16.475697,1.17421
p.Ile138Phe,VUS / Sin Clasificar,0.479434,0.294508,-0.98828,2.275553
p.Ile138Leu,VUS / Sin Clasificar,0.282264,-0.001239,-0.520138,-0.43666
p.Ile138Val,VUS / Sin Clasificar,1.125,3.706177,0.899995,1.361043
p.Ile138Thr,VUS / Sin Clasificar,1.17264,3.63531,2.742767,1.52425
p.Val139Ile,VUS / Sin Clasificar,3.90914,2.277503,0.471583,-0.727343
p.Val139Ala,VUS / Sin Clasificar,4.410813,0.684284,0.806471,0.603612
p.Ala140Thr,VUS / Sin Clasificar,2.078047,2.685997,4.691387,2.972733
p.Ala140Val,VUS / Sin Clasificar,4.015093,1.83186,5.730837,1.056245
p.Thr141Pro,VUS / Sin Clasificar,8.574437,12.485567,1.44879,4.834723
p.Thr141Met,VUS / Sin Clasificar,2.19378,1.122457,0.043689,-2.128163
p.Thr141Lys,VUS / Sin Clasificar,2.05946,3.012303,3.15489,0.709849
p.Met142Val,VUS / Sin Clasificar,1.770203,7.743117,1.857543,1.390963
p.Met142Leu,VUS / Sin Clasificar,-0.002965,2.0289,-0.07523,-0.513236
p.Met142Thr,VUS / Sin Clasificar,1.15616,5.408117,2.981697,1.296967
p.Met142Ile,VUS / Sin Clasificar,1.340427,6.954213,1.672813,0.608508
p.Thr145Ala,VUS / Sin Clasificar,0.980704,0.0,4.089437,0.035552
p.Thr145Ile,VUS / Sin Clasificar,1.90923,-0.420468,5.38238,2.89893
p.Gly146Arg,VUS / Sin Clasificar,-0.092427,9.003633,1.075921,20.971933
p.Gly146Cys,VUS / Sin Clasificar,2.446177,2.209887,0.918703,9.539503
p.Gly146Ser,VUS / Sin Clasificar,1.969353,2.70302,-0.002684,7.235473
p.Gly146Asp,VUS / Sin Clasificar,1.56686,4.22366,-1.626577,20.970533
p.Ile147Val,VUS / Sin Clasificar,-0.021211,3.859963,0.895013,1.09661
p.Val148Ile,VUS / Sin Clasificar,0.434392,0.090596,-1.274567,1.94271
p.Ile149Val,VUS / Sin Clasificar,4.189893,-1.270497,0.002168,1.251973
p.Tyr150Cys,VUS / Sin Clasificar,1.72968,2.58832,2.897753,2.234617
p.Tyr150Phe,VUS / Sin Clasificar,-0.222142,8.08301,0.528484,-0.509153
p.Tyr150Ser,Uncertain significance,1.288387,1.1151,1.806147,1.97463
p.Ala151Ser,VUS / Sin Clasificar,-0.251965,1.64601,1.47345,2.035537
p.Pro152Leu,VUS / Sin Clasificar,0.033995,-0.008688,-1.88938,4.69375
p.Ala153Thr,VUS / Sin Clasificar,0.008632,0.963949,4.236687,2.10835
p.Ile155Val,VUS / Sin Clasificar,-0.140367,1.79157,1.009207,1.440797
p.Asn157Lys,Uncertain significance,1.951743,4.649517,1.412433,0.817113
p.Gln158Pro,VUS / Sin Clasificar,3.743763,5.297663,7.528777,4.43288
p.Thr160Ser,VUS / Sin Clasificar,0.793097,3.577373,1.327633,1.616117
p.Gly161Arg,VUS / Sin Clasificar,1.060873,0.641674,-1.52248,1.72402
p.Gly161Glu,Uncertain significance,1.881157,2.1625,-0.008155,3.004027
p.Gly161Val,VUS / Sin Clasificar,0.537504,2.163293,-0.273581,4.169423
p.Asp163Glu,VUS / Sin Clasificar,1.775143,18.5729,1.960407,1.802623
p.Ile164Phe,VUS / Sin Clasificar,6.98517,0.385164,-0.645903,1.258616
p.Trp165Arg,VUS / Sin Clasificar,15.4585,4.677927,9.08102,0.842888
p.Ala166Thr,VUS / Sin Clasificar,1.774007,1.893957,10.467067,0.473556
p.Ala166Ser,VUS / Sin Clasificar,2.761853,3.088073,4.660257,0.085489
p.Leu168Phe,VUS / Sin Clasificar,5.733523,22.577967,5.43567,5.88056
p.Leu169Pro,VUS / Sin Clasificar,9.743863,-0.000889,6.705423,4.257313
p.Ser170Cys,VUS / Sin Clasificar,2.822397,3.663877,2.018063,0.221973
p.Thr171Pro,VUS / Sin Clasificar,0.014111,9.589633,6.912727,4.15248
p.Thr171Ala,VUS / Sin Clasificar,1.539173,1.98468,0.0,0.694713
p.Thr171Ser,VUS / Sin Clasificar,2.9367,2.182717,2.046037,0.819513
p.Cys175Ser,VUS / Sin Clasificar,3.075917,1.60531,4.2794,0.973592
p.Thr176Pro,VUS / Sin Clasificar,3.734177,9.024727,8.121663,4.562747
p.Phe177Leu,VUS / Sin Clasificar,-0.807779,-0.695445,0.807713,-0.211999
p.Phe177Ser,VUS / Sin Clasificar,0.401604,1.059127,-0.682171,1.47441
p.Phe177Leu,VUS / Sin Clasificar,-0.679844,-0.273128,-0.320936,-0.203394
p.Tyr178His,VUS / Sin Clasificar,11.958667,3.876673,-0.344954,0.566701
p.Thr179Lys,VUS / Sin Clasificar,1.166107,0.196876,5.414573,9.083083
p.Thr179Arg,VUS / Sin Clasificar,1.320665,-0.602996,6.46667,8.293337
p.Thr179Met,Uncertain significance,-0.692648,-0.398486,0.17356,3.013947
p.Ala180Ser,VUS / Sin Clasificar,2.515423,1.59145,0.969026,0.982125
p.Val181Met,VUS / Sin Clasificar,-0.253414,0.696226,3.39221,-1.529303
p.Val181Ala,VUS / Sin Clasificar,0.920262,2.35859,3.31702,0.167607
p.Gly182Ala,VUS / Sin Clasificar,1.41873,1.509857,1.231237,-0.823895
p.Gly182Asp,VUS / Sin Clasificar,-0.025594,1.96961,1.39238,1.230217
p.Gly183Ser,VUS / Sin Clasificar,0.43902,-0.258153,0.486688,0.8317
p.Gly183Asp,VUS / Sin Clasificar,0.089832,0.49299,-0.130325,-2.964493
p.Met184Val,VUS / Sin Clasificar,,,,2.156863
p.Met184Thr,VUS / Sin Clasificar,,,,2.057097
p.Lys185Gln,VUS / Sin Clasificar,,,,0.334575
p.Ala186Thr,VUS / Sin Clasificar,,,,0.407405
p.Ala186Val,VUS / Sin Clasificar,,,,1.067493
p.Val187Gly,VUS / Sin Clasificar,,,,2.394437
p.Val188Ile,VUS / Sin Clasificar,,,,0.922477
p.Trp189Arg,VUS / Sin Clasificar,-0.960778,9.4302,,1.815973
p.Trp189Gly,Uncertain significance,1.316883,0.372657,,3.679287
p.Thr190Ser,VUS / Sin Clasificar,0.401308,3.476723,2.13861,0.625727
p.Asp191Val,VUS / Sin Clasificar,1.383163,0.712303,1.690563,5.609913
p.Val192Leu,VUS / Sin Clasificar,-0.098121,-1.890113,-0.995656,-0.377033
p.Phe193Leu,VUS / Sin Clasificar,0.011029,3.04782,2.428037,0.933795
p.Phe193Leu,VUS / Sin Clasificar,0.007934,3.302457,2.26693,1.142798
p.Gln194His,VUS / Sin Clasificar,-0.431668,6.88518,3.932657,-1.54357
p.Val195Phe,VUS / Sin Clasificar,18.468,-0.107183,0.025279,1.33923
p.Val196Met,VUS / Sin Clasificar,0.599975,-0.07944,-1.55792,-1.07045
p.Val196Leu,VUS / Sin Clasificar,0.479162,-0.675991,-1.724613,-0.866978
p.Val197Leu,VUS / Sin Clasificar,0.047329,-0.426034,3.355267,-0.398663
p.Val197Gly,VUS / Sin Clasificar,1.281347,1.15305,3.630943,3.076687
p.Met198Val,VUS / Sin Clasificar,0.820561,-0.152277,1.438553,0.571084
p.Met198Thr,VUS / Sin Clasificar,2.071137,0.008568,1.934943,2.021383
p.Leu199Pro,VUS / Sin Clasificar,3.66418,4.30391,3.20914,5.094427
p.Ser200Arg,VUS / Sin Clasificar,-0.05555,2.04354,1.558373,-0.710254
p.Gly201Ser,Uncertain significance,1.032691,0.663423,0.547872,3.286357
p.Gly201Ala,VUS / Sin Clasificar,0.980977,0.238852,-0.307168,0.404884
p.Trp203Cys,VUS / Sin Clasificar,-0.468286,0.656081,2.033873,1.86801
p.Val204Ile,VUS / Sin Clasificar,-1.051973,3.007717,0.64472,-0.46881
p.Val205Phe,VUS / Sin Clasificar,-0.75406,0.706616,11.5107,3.555423
p.Ala207Val,VUS / Sin Clasificar,1.73367,,-0.006523,0.421439
p.Arg208Cys,Uncertain significance,,,3.236713,2.902243
p.Arg208Ser,VUS / Sin Clasificar,,,2.179743,4.309427
p.Arg208Gly,VUS / Sin Clasificar,,,0.0,4.33488
p.Arg208His,VUS / Sin Clasificar,,,9.939413,2.430393
p.Arg208Pro,VUS / Sin Clasificar,,,8.142857,7.08602
p.Gly209Ser,VUS / Sin Clasificar,,,0.169952,1.22361
p.Gly209Cys,VUS / Sin Clasificar,,,-0.227604,-0.181089
p.Gly209Asp,VUS / Sin Clasificar,,,0.107438,3.525323
p.Val210Ile,VUS / Sin Clasificar,,,,-0.635202
p.Val210Phe,VUS / Sin Clasificar,,,,0.619566
p.Met211Leu,VUS / Sin Clasificar,,0.928683,,0.185605
p.Met211Thr,VUS / Sin Clasificar,,0.953154,,1.098177
p.Leu212Pro,VUS / Sin Clasificar,,-0.137567,,4.437353
p.Val213Leu,VUS / Sin Clasificar,0.252324,-0.190917,,-1.54464
p.Val213Gly,VUS / Sin Clasificar,0.333898,1.699987,,2.843373
p.Val213Ala,VUS / Sin Clasificar,0.449288,0.375884,,1.16494
p.Gly214Ser,VUS / Sin Clasificar,-0.305026,1.718007,,4.31859
p.Gly214Asp,VUS / Sin Clasificar,-0.628943,1.87923,,4.363917
p.Gly215Arg,Uncertain significance,-0.122941,0.144208,,2.713277
p.Pro216Thr,VUS / Sin Clasificar,0.674152,1.013359,0.000117,1.679963
p.Pro216Ser,VUS / Sin Clasificar,1.239933,0.73154,0.149278,1.752083
p.Arg217Cys,Uncertain significance,1.20242,1.814673,2.020257,0.535449
p.Arg217His,Uncertain significance,0.643403,2.49267,2.21763,0.153005
p.Val219Met,VUS / Sin Clasificar,-0.19425,-1.057275,0.048808,0.20103
p.Val219Gly,VUS / Sin Clasificar,2.341297,1.80909,1.33833,4.732283
p.Thr221Pro,VUS / Sin Clasificar,4.64397,6.321093,6.634387,3.234397
p.Thr221Met,VUS / Sin Clasificar,-0.475803,1.092118,-1.621377,-0.346282
p.Thr221Lys,VUS / Sin Clasificar,0.108611,2.491987,0.217814,-0.139945
p.Thr221Arg,VUS / Sin Clasificar,0.249651,2.808017,0.195097,0.087422
p.Ala223Ser,VUS / Sin Clasificar,3.867177,0.304599,0.810571,0.697013
p.His226Gln,VUS / Sin Clasificar,3.241527,-0.165433,-0.614414,0.306825
p.Ser227Thr,VUS / Sin Clasificar,1.338367,2.200577,1.546023,1.09465
p.Ser227Phe,VUS / Sin Clasificar,0.171197,4.78207,-3.497,-0.702126
p.Arg228Gly,VUS / Sin Clasificar,1.034802,3.25975,4.77068,7.51151
p.Arg228Trp,VUS / Sin Clasificar,-1.197643,3.953073,2.245423,9.016437
p.Arg228Gln,Uncertain significance,-0.494396,0.793344,2.84831,4.853563
p.Ile229Val,VUS / Sin Clasificar,1.25806,0.023512,2.428443,1.82613
p.Ile229Ser,Uncertain significance,3.48791,-0.12425,2.7136,3.063153
p.Asn230Ser,VUS / Sin Clasificar,2.711263,2.357523,0.013843,2.200373
p.Leu231Pro,VUS / Sin Clasificar,3.244097,4.99691,6.768787,0.537394
p.Met232Arg,VUS / Sin Clasificar,-0.53968,0.062108,1.174381,0.030857
p.Met232Ile,VUS / Sin Clasificar,0.672655,-0.895913,-0.2008,2.686557
p.Asp233Ala,VUS / Sin Clasificar,-0.60784,1.08535,-0.0,2.785513
p.Asp233Glu,VUS / Sin Clasificar,5.371237,0.883111,-0.203895,2.480457
p.Phe234Cys,VUS / Sin Clasificar,1.18298,2.03671,1.38717,1.964523
p.Phe234Leu,VUS / Sin Clasificar,-1.305917,0.003852,-1.14167,1.37704
p.Asn235Asp,VUS / Sin Clasificar,0.459064,3.56924,3.991887,0.456184
p.Pro236Ser,VUS / Sin Clasificar,0.992283,2.56709,2.178967,0.440447
p.Pro236Thr,VUS / Sin Clasificar,1.11856,3.32751,0.940669,0.721561
p.Pro236Arg,VUS / Sin Clasificar,-0.491309,1.303047,0.945868,-1.240552
p.Pro236Leu,Likely Benign,0.0,2.443507,0.066946,0.195805
p.Pro238Leu,VUS / Sin Clasificar,3.305267,0.985926,-0.005408,0.101349
p.Pro238Arg,VUS / Sin Clasificar,2.634623,1.325263,0.456181,-1.22202
p.Arg239Lys,VUS / Sin Clasificar,1.439403,-0.267567,1.247613,2.386977
p.Ser240Cys,VUS / Sin Clasificar,2.026137,1.04812,1.749713,0.611681
p.Ser240Ile,VUS / Sin Clasificar,0.635313,-0.40085,3.532643,-1.544187
p.Ser240Asn,VUS / Sin Clasificar,1.692993,0.007755,1.53012,0.214791
p.Ser240Thr,VUS / Sin Clasificar,1.295017,1.137433,3.78627,0.104694
p.Arg241Cys,VUS / Sin Clasificar,0.525995,2.6874,-0.617299,3.719777
p.Arg241His,Uncertain significance,0.404665,2.962693,-0.280965,5.105017
p.Tyr242Cys,VUS / Sin Clasificar,0.649618,1.680213,1.87181,3.188913
p.Tyr242Ser,VUS / Sin Clasificar,0.217338,1.076697,1.503577,4.583493
p.Thr243Ala,VUS / Sin Clasificar,2.517973,-0.042206,0.429646,6.535117
p.Thr243Ile,VUS / Sin Clasificar,0.554388,-0.521081,0.09325,6.132287
p.Phe244Ser,VUS / Sin Clasificar,0.961775,2.822113,-0.340122,3.901437
p.Phe247Ile,VUS / Sin Clasificar,0.542052,0.002799,-0.144526,4.454557
p.Phe247Leu,VUS / Sin Clasificar,-1.105357,0.037233,-0.346124,-0.834185
p.Val248Leu,VUS / Sin Clasificar,-0.85884,-1.046996,0.007351,-0.160128
p.Val248Ala,Uncertain significance,0.450503,1.090604,1.40887,2.134297
p.Gly250Cys,VUS / Sin Clasificar,0.908215,5.764537,0.758104,9.53643
p.Gly250Ala,VUS / Sin Clasificar,0.57983,5.970987,0.408954,3.11228
p.Gly251Ser,VUS / Sin Clasificar,-0.0,3.12938,0.130173,1.760177
p.Gly251Asp,VUS / Sin Clasificar,-1.157117,2.1371,0.846051,4.94116
p.Thr252Lys,VUS / Sin Clasificar,7.52241,-0.227548,0.406246,-0.711809
p.Thr252Met,VUS / Sin Clasificar,5.500873,0.706414,-0.284667,-1.493793
p.Leu256Ile,VUS / Sin Clasificar,0.343395,1.393957,-0.984564,2.42429
p.Leu256Phe,VUS / Sin Clasificar,0.193386,-0.05631,-0.749448,2.64288
p.Met258Leu,VUS / Sin Clasificar,1.59811,-0.286888,0.218754,0.088299
p.Met258Val,VUS / Sin Clasificar,2.11719,0.883545,0.713086,4.91377
p.Met258Ile,VUS / Sin Clasificar,1.704087,0.543442,0.664407,4.124673
p.Tyr259Cys,VUS / Sin Clasificar,0.57733,3.553823,0.442985,2.25991
p.Val261Met,VUS / Sin Clasificar,3.960853,3.98551,0.9474,3.467917
p.Val261Ala,VUS / Sin Clasificar,3.286747,3.59159,0.461889,2.859703
p.Asn262Ser,VUS / Sin Clasificar,2.27426,0.000717,1.020105,0.823686
p.Asn262Lys,VUS / Sin Clasificar,1.28579,-1.728983,0.585872,2.062173
p.Ala264Ser,VUS / Sin Clasificar,0.000407,4.707713,1.23509,0.311696
p.Ala264Glu,VUS / Sin Clasificar,0.940248,3.548157,0.427094,-0.659637
p.Ala264Val,Uncertain significance,-0.44114,0.619588,0.93037,0.920006
p.Gln265Leu,VUS / Sin Clasificar,-1.372923,1.96656,2.901547,-0.758418
p.Gln265Pro,VUS / Sin Clasificar,5.594493,3.50424,4.486693,0.651444
p.Val266Met,VUS / Sin Clasificar,3.17352,-0.712493,-0.757323,-0.555536
p.Val266Leu,VUS / Sin Clasificar,1.763873,-0.529729,-1.206553,3.524463
p.Val266Gly,VUS / Sin Clasificar,7.251653,2.147597,-0.117393,3.879477
p.Val266Glu,VUS / Sin Clasificar,6.480357,0.222832,1.197777,3.68601
p.Gln267Glu,Likely Pathogenic,5.56063,0.107834,0.924432,2.0982
p.Gln267Arg,VUS / Sin Clasificar,2.485523,0.049166,0.0,1.928357
p.Gln267His,VUS / Sin Clasificar,4.744137,0.46086,2.479147,2.674847
p.Arg268Ser,VUS / Sin Clasificar,2.248103,0.262919,7.233407,3.016333
p.Arg268Cys,Uncertain significance,1.617037,0.81589,4.907537,2.464637
p.Arg268His,VUS / Sin Clasificar,0.988247,10.076557,3.364663,2.59161
p.Val270Leu,VUS / Sin Clasificar,0.81966,-0.822453,0.355565,-0.375819
p.Val270Met,Uncertain significance,5.50353,0.439481,0.184533,0.059041
p.Arg273Cys,VUS / Sin Clasificar,0.512369,0.799657,4.49145,1.399453
p.Arg273His,Likely Benign,-0.151426,13.376733,2.725587,1.25406
p.Arg273Pro,VUS / Sin Clasificar,2.79983,2.4583,8.472873,0.645452
p.Thr274Arg,VUS / Sin Clasificar,21.8803,-1.270957,1.619263,2.810297
p.Glu275Lys,VUS / Sin Clasificar,8.168143,1.344407,-0.090585,4.65515
p.Lys276Gln,VUS / Sin Clasificar,-0.222018,1.703027,12.749667,-0.407938
p.Lys276Glu,VUS / Sin Clasificar,-0.065988,2.132367,13.5305,-0.587106
p.Ala278Thr,VUS / Sin Clasificar,1.325187,2.876613,-0.008667,2.664537
p.Ala281Ser,VUS / Sin Clasificar,0.007769,4.00393,3.104873,0.66652
p.Ala281Asp,VUS / Sin Clasificar,4.839127,1.730683,2.44228,8.284743
p.Ala281Val,VUS / Sin Clasificar,1.22447,4.96736,3.363977,5.22658
p.Ala281Gly,VUS / Sin Clasificar,1.0261,4.23798,3.336977,1.74935
p.Ile284Phe,VUS / Sin Clasificar,30.668433,1.019966,7.535177,0.326121
p.Ile284Val,VUS / Sin Clasificar,3.358513,3.638973,0.885317,0.93876
p.Asn285Ser,VUS / Sin Clasificar,1.537197,3.229803,1.746798,0.453979
p.Val287Ala,VUS / Sin Clasificar,0.970728,-0.135209,2.366627,0.068674
p.Gly288Ser,Pathogenic,-0.390818,3.559027,1.65714,2.340057
p.Gly288Cys,VUS / Sin Clasificar,0.09436,2.007173,2.95288,2.573753
p.Gly288Asp,VUS / Sin Clasificar,-0.518145,3.405243,1.241207,4.709467
p.Gly288Val,VUS / Sin Clasificar,-0.124386,0.001419,5.759007,2.786763
p.Leu289Arg,VUS / Sin Clasificar,-0.991595,-0.799175,-0.062104,4.11452
p.Leu289Pro,VUS / Sin Clasificar,-0.099728,4.772793,3.68094,7.106657
p.Phe290Tyr,VUS / Sin Clasificar,6.3788,0.776035,-1.214907,-0.112939
p.Leu291Arg,VUS / Sin Clasificar,0.144624,4.99868,0.858092,0.763421
p.Val293Met,VUS / Sin Clasificar,0.460104,-1.173923,-0.255943,-0.470479
p.Val293Leu,VUS / Sin Clasificar,-0.109904,-0.908635,-0.645975,-1.303707
p.Ser294Phe,VUS / Sin Clasificar,1.67748,11.6133,0.278853,-2.571883
p.Ala296Thr,Uncertain significance,0.83814,-1.954833,0.370461,2.511263
p.Ala296Pro,VUS / Sin Clasificar,1.819563,3.839833,3.507847,6.142353
p.Ala296Val,VUS / Sin Clasificar,1.509227,0.911049,-5.4e-05,1.857597
p.Ala297Val,VUS / Sin Clasificar,2.761927,-0.103571,0.310366,-0.779584
p.Cys298Gly,Likely Benign,-1.086505,0.0,0.169595,0.81978
p.Cys298Ser,VUS / Sin Clasificar,-1.295857,-1.243957,0.272623,-0.276993
p.Cys299Gly,VUS / Sin Clasificar,4.322667,0.40958,0.270523,2.083473
p.Cys299Tyr,Uncertain significance,1.290463,-0.004515,-0.56159,20.28669
p.Gly300Asp,VUS / Sin Clasificar,-0.584533,5.002553,0.669177,21.8917
p.Ile301Val,VUS / Sin Clasificar,0.702247,0.351126,1.777667,0.958412
p.Ile301Met,VUS / Sin Clasificar,-0.615037,-0.210735,-1.68346,-0.273707
p.Val302Ile,VUS / Sin Clasificar,2.95033,0.196521,0.11906,0.10985
p.Val302Leu,VUS / Sin Clasificar,5.416507,0.0,-0.322097,0.666988
p.Met303Leu,VUS / Sin Clasificar,-0.162498,6.060383,-0.400805,-0.930195
p.Met303Leu,VUS / Sin Clasificar,-0.162919,7.120123,-0.454073,-0.971172
p.Met303Val,VUS / Sin Clasificar,0.41008,2.597057,0.13522,1.859907
p.Phe304Cys,VUS / Sin Clasificar,2.066407,3.24953,2.379193,3.497833
p.Phe304Ser,VUS / Sin Clasificar,1.811633,3.603013,1.160894,3.889843
p.Val305Met,VUS / Sin Clasificar,4.32009,-0.30542,-0.291596,3.849373
p.Val305Ala,VUS / Sin Clasificar,0.0,1.25763,0.788864,1.943673
p.Tyr307Cys,Uncertain significance,1.779627,0.852548,0.096181,4.270293
p.Thr308Ala,VUS / Sin Clasificar,1.273983,0.464406,2.729187,0.339394
p.Asp309Tyr,VUS / Sin Clasificar,7.444503,0.331029,0.619007,-0.267904
p.Cys310Phe,VUS / Sin Clasificar,2.1964,9.693047,-0.389346,5.138107
p.Asp311Asn,VUS / Sin Clasificar,1.34504,2.57085,-0.011475,1.806497
p.Pro312Ser,VUS / Sin Clasificar,1.26449,2.158823,0.473827,4.224003
p.Pro312Leu,VUS / Sin Clasificar,-0.419004,0.364994,-1.44674,3.66657
p.Leu313Phe,VUS / Sin Clasificar,11.341133,0.050515,-0.556215,1.01857
p.Leu313Pro,VUS / Sin Clasificar,5.546697,4.540683,3.757467,11.859233
p.Leu314Phe,VUS / Sin Clasificar,0.004652,6.700323,7.87328,0.436366
p.Leu314Val,VUS / Sin Clasificar,0.266308,1.274283,-2.090663,0.856745
p.Leu314Ile,VUS / Sin Clasificar,-0.408944,0.003824,-2.129407,0.361009
p.Leu315Gln,VUS / Sin Clasificar,0.751933,1.34131,1.764897,1.652687
p.Arg317Ser,VUS / Sin Clasificar,0.595929,-0.011279,1.291537,4.64878
p.Arg317Gly,VUS / Sin Clasificar,2.47271,1.69496,2.33477,5.10904
p.Arg317Cys,VUS / Sin Clasificar,0.825388,1.307377,1.772683,4.260713
p.Arg317Leu,VUS / Sin Clasificar,-0.810775,-1.2508,0.0,2.461617
p.Arg317His,Uncertain significance,11.415,0.553494,1.075333,4.196647
p.Ser319Pro,VUS / Sin Clasificar,2.853353,3.872957,5.543343,-0.172007
p.Ser319Cys,VUS / Sin Clasificar,0.057569,0.228827,1.720723,0.261253
p.Ala320Thr,Uncertain significance,1.87746,-0.586614,-0.219687,-0.083097
p.Pro321Ser,VUS / Sin Clasificar,1.04477,0.398266,-0.005017,2.394667
p.Asp322Val,VUS / Sin Clasificar,-0.116565,19.553267,4.410603,-0.632821
p.Tyr324Asn,VUS / Sin Clasificar,18.321067,1.466643,-0.767455,4.480093
p.Tyr324His,VUS / Sin Clasificar,34.970733,1.246788,-0.891245,3.247167
p.Met325Val,VUS / Sin Clasificar,1.06382,2.4614,-1.0428,1.725703
p.Pro326Ser,VUS / Sin Clasificar,2.511677,3.982413,4.90024,3.658123
p.Pro326Leu,VUS / Sin Clasificar,-1.215453,2.126367,27.927233,0.761972
p.Ile332Val,VUS / Sin Clasificar,0.493099,0.744099,1.077053,1.623277
p.Phe333Leu,VUS / Sin Clasificar,-1.57315,1.548213,1.842393,1.82852
p.Glu334Gln,VUS / Sin Clasificar,4.377287,6.766353,0.215127,-0.894586
p.Glu334Lys,Uncertain significance,4.176303,7.75076,-0.00109,-1.319027
p.Asp335Tyr,VUS / Sin Clasificar,4.926743,1.72744,-1.19933,0.180792
p.Asp335Val,VUS / Sin Clasificar,2.224383,1.44884,-0.984129,0.348193
p.Asp335Gly,VUS / Sin Clasificar,3.994167,2.597013,-0.616247,0.061652
p.Pro337Ser,VUS / Sin Clasificar,2.537087,-2.96809,4.24078,1.369847
p.Pro337Leu,VUS / Sin Clasificar,-0.004046,-1.961037,3.677677,0.251577
p.Val339Ala,VUS / Sin Clasificar,0.299431,4.399577,2.334763,1.66505
p.Pro340Ser,VUS / Sin Clasificar,2.673253,4.213457,1.03129,4.913377
p.Pro340Thr,VUS / Sin Clasificar,3.51859,3.99468,2.784263,6.239163
p.Pro340Leu,VUS / Sin Clasificar,2.786137,0.892218,-0.011954,1.619057
p.Gly341Trp,VUS / Sin Clasificar,1.935838,0.032827,-1.38461,62.181133
p.Gly341Arg,Likely Pathogenic,-0.6293,-0.174702,-1.035734,32.336633
p.Gly341Glu,VUS / Sin Clasificar,2.68238,-0.126708,-0.363416,27.177067
p.Leu342Phe,VUS / Sin Clasificar,13.423537,-0.845284,4.09907,0.941689
p.Leu342Ile,VUS / Sin Clasificar,-0.004653,-0.317328,4.88064,0.536697
p.Phe343Leu,VUS / Sin Clasificar,-0.502839,1.330787,2.6516,2.040187
p.Ala345Thr,VUS / Sin Clasificar,2.942723,3.00337,-0.213189,4.490727
p.Cys346Arg,VUS / Sin Clasificar,0.634487,2.6802,-1.174793,4.781883
p.Cys346Tyr,VUS / Sin Clasificar,6.799593,-0.0,-0.725538,17.441867
p.Ala347Val,VUS / Sin Clasificar,1.211376,1.682543,2.173623,0.582238
p.Ser349Gly,VUS / Sin Clasificar,5.34502,4.13794,-0.228878,-0.283411
p.Ser349Arg,VUS / Sin Clasificar,5.122733,2.447797,-1.896487,9.011287
p.Thr351Ala,VUS / Sin Clasificar,1.395995,2.88229,3.169333,-0.1649
p.Thr351Ile,VUS / Sin Clasificar,1.410287,-0.725628,2.286547,2.99672
p.Thr351Asn,VUS / Sin Clasificar,2.743963,3.74841,3.48026,1.24796
p.Ser353Asn,VUS / Sin Clasificar,2.43154,3.642457,2.9295,7.33002
p.Thr354Pro,Pathogenic,5.803303,7.45501,8.663883,4.1453
p.Ala355Glu,VUS / Sin Clasificar,-0.2678,5.310067,3.807833,6.230147
p.Ser358Asn,VUS / Sin Clasificar,0.384026,0.931881,2.915557,-0.509348
p.Ala361Val,VUS / Sin Clasificar,0.177294,0.003761,-0.170279,5.29704
p.Met362Val,VUS / Sin Clasificar,1.027611,2.355447,0.335197,3.485047
p.Met362Leu,Uncertain significance,-0.303085,2.524183,-0.008445,0.381045
p.Met362Thr,VUS / Sin Clasificar,1.07031,3.50941,0.998981,2.346127
p.Met362Ile,VUS / Sin Clasificar,0.673913,3.814633,-0.134372,1.794597
p.Ala364Pro,VUS / Sin Clasificar,-0.006006,5.482377,0.09175,8.13202
p.Ala364Ser,VUS / Sin Clasificar,3.832753,1.28788,-0.763208,0.930988
p.Ala364Thr,VUS / Sin Clasificar,3.465877,2.499197,-2.072863,0.863104
p.Thr366Ala,VUS / Sin Clasificar,1.165213,4.510087,2.69361,0.47719
p.Thr366Pro,VUS / Sin Clasificar,6.218667,7.153987,0.021574,4.189327
p.Val367Ile,VUS / Sin Clasificar,1.194037,1.394323,22.109167,0.316179
p.Val367Ala,VUS / Sin Clasificar,3.775567,0.0,1.776483,2.355087
p.Asp369Gly,VUS / Sin Clasificar,1.985773,1.94011,4.51686,5.78359
p.Leu370Phe,VUS / Sin Clasificar,-1.4266,-0.638131,0.71421,0.599206
p.Leu370Pro,VUS / Sin Clasificar,3.351167,7.560627,7.237167,3.86365
p.Pro373Ser,VUS / Sin Clasificar,0.00063,1.327573,0.41903,2.52906
p.Pro373Thr,VUS / Sin Clasificar,-1.816783,0.003618,1.080053,3.035803
p.Pro373Leu,VUS / Sin Clasificar,-0.310109,5.840953,1.13117,3.055627
p.Arg374Trp,VUS / Sin Clasificar,0.884602,18.192767,4.22583,0.888529
p.Arg374Gln,VUS / Sin Clasificar,2.040457,2.36048,3.316547,0.448762
p.Leu375Arg,VUS / Sin Clasificar,13.798313,-0.832599,0.330793,0.606174
p.Arg376Trp,Uncertain significance,17.648833,3.544133,-0.601901,0.038189
p.Arg376Gln,VUS / Sin Clasificar,3.78709,-0.633946,1.746483,0.741648
p.Ser377Asn,VUS / Sin Clasificar,-0.126089,5.14489,2.316897,-0.478181
p.Ser377Arg,VUS / Sin Clasificar,-2.948477,12.0205,13.544633,-0.461665
p.Ala379Ser,VUS / Sin Clasificar,0.689447,-0.206768,-0.000808,-0.237579
p.Ala379Glu,VUS / Sin Clasificar,9.149197,-1.838058,-0.077304,-1.10537
p.Pro380Ser,VUS / Sin Clasificar,0.00889,0.003742,0.287159,1.445777
p.Arg381Gly,VUS / Sin Clasificar,0.034691,4.359883,1.863787,1.084393
p.Arg381Ser,VUS / Sin Clasificar,-0.697893,4.038947,1.72094,0.794207
p.Lys382Thr,VUS / Sin Clasificar,0.628693,-0.294195,-0.109673,0.818861
p.Leu383Val,Uncertain significance,0.950044,-0.146646,0.326933,1.112433
p.Val384Met,VUS / Sin Clasificar,-0.175102,-0.00297,-1.978703,0.480158
p.Val384Leu,Uncertain significance,-0.058059,-0.248155,-1.93488,-0.564484
p.Val384Ala,VUS / Sin Clasificar,0.741354,2.12325,-0.506371,1.45839
p.Ile385Phe,VUS / Sin Clasificar,0.000436,9.249853,6.988497,0.042057
p.Ile385Thr,VUS / Sin Clasificar,0.432517,3.7621,2.81843,0.492259
p.Ile385Ser,VUS / Sin Clasificar,0.678053,0.874735,3.450257,0.546742
p.Gly389Arg,VUS / Sin Clasificar,-0.084266,1.858075,2.653237,-1.191187
p.Gly389Val,VUS / Sin Clasificar,0.001016,0.003232,2.558037,-1.093372
p.Gly389Ala,VUS / Sin Clasificar,0.984864,2.379683,0.0,-0.838252
p.Leu390Phe,VUS / Sin Clasificar,-0.04855,-0.377139,-0.400205,1.503797
p.Ser391Leu,VUS / Sin Clasificar,-1.04164,-0.728898,-0.789763,-3.14311
p.Leu392Phe,VUS / Sin Clasificar,-0.47406,3.241527,-1.059435,-0.207762
p.Ile393Ser,VUS / Sin Clasificar,1.560597,3.850797,1.415733,0.528568
p.Gly395Arg,Likely Pathogenic,1.884503,1.917593,1.924597,12.737967
p.Gly395Glu,VUS / Sin Clasificar,2.257703,1.428757,0.146227,11.804243
p.Ser396Leu,VUS / Sin Clasificar,-0.311699,0.776145,0.022498,-0.727653
p.Ala397Pro,VUS / Sin Clasificar,-0.002814,5.302003,3.050443,3.2001
p.Ala397Ser,VUS / Sin Clasificar,2.383273,1.717823,1.7734,0.331078
p.Ala397Val,VUS / Sin Clasificar,1.889973,1.826627,1.47578,0.109768
p.Cys398Arg,Uncertain significance,-0.031035,-0.229769,-0.345315,4.069223
p.Cys398Tyr,VUS / Sin Clasificar,0.57585,0.085231,0.787327,11.6519
p.Thr400Ser,VUS / Sin Clasificar,0.401206,1.143183,0.564556,-0.540463
p.Val401Met,VUS / Sin Clasificar,0.179987,-0.706588,-0.009834,-0.402434
p.Val401Leu,VUS / Sin Clasificar,0.064378,-0.335253,-0.017319,0.000405
p.Val401Leu,VUS / Sin Clasificar,0.118358,-0.343977,-0.077583,-0.211412
p.Val401Ala,VUS / Sin Clasificar,0.166983,0.0,1.118517,1.415377
p.Ala402Thr,VUS / Sin Clasificar,2.339087,1.648237,-0.287804,4.297437
p.Ala402Ser,VUS / Sin Clasificar,2.651627,1.640247,-0.074529,0.742342
p.Ala402Val,VUS / Sin Clasificar,1.815687,1.86466,0.347583,4.924853
p.Ala403Asp,VUS / Sin Clasificar,-1.14609,-0.88978,2.54447,1.927287
p.Ser405Phe,VUS / Sin Clasificar,-0.075431,1.142157,0.334012,1.522029
p.Ser405Tyr,VUS / Sin Clasificar,-0.066533,3.377993,-0.03963,2.62769
p.Ser405Cys,VUS / Sin Clasificar,0.211723,1.939773,-0.596677,-0.250422
p.Ser406Thr,VUS / Sin Clasificar,1.323933,-0.310734,0.396092,1.478797
p.Leu408Phe,VUS / Sin Clasificar,0.187159,0.860844,-0.361158,0.132013
p.Leu408Ile,VUS / Sin Clasificar,-0.353843,0.00526,-0.647548,0.41894
p.Leu408Pro,VUS / Sin Clasificar,2.181087,5.674253,-1.396677,2.50078
p.Gly409Arg,Uncertain significance,-0.133017,-1.135295,1.586154,-1.117
p.Gly410Arg,VUS / Sin Clasificar,1.69071,-0.282397,-0.350313,2.24617
p.Gly410Arg,VUS / Sin Clasificar,1.660213,-0.208834,-0.383305,2.574217
p.Gly411Ser,VUS / Sin Clasificar,0.007733,-1.017617,0.550314,-1.59368
p.Gly411Val,VUS / Sin Clasificar,-0.576567,-1.240597,0.828426,-0.818893
p.Val412Ile,VUS / Sin Clasificar,0.004363,1.60571,-0.000476,-0.724209
p.Gln414His,VUS / Sin Clasificar,2.180067,0.695374,0.935807,1.383907
p.Gln414His,VUS / Sin Clasificar,2.288207,0.695068,0.990313,1.35684
p.Ser416Phe,VUS / Sin Clasificar,0.022277,0.47493,0.920694,4.400723
p.Phe417Ser,VUS / Sin Clasificar,0.187039,-1.171077,0.000569,3.973423
p.Val419Ile,VUS / Sin Clasificar,-1.56268,-0.397698,0.000895,-0.661961
p.Val419Asp,VUS / Sin Clasificar,0.823989,0.494812,0.521148,2.833347
p.Met420Leu,VUS / Sin Clasificar,-0.585077,1.69634,1.511997,-0.39633
p.Met420Val,VUS / Sin Clasificar,0.337261,0.289983,1.891493,1.542593
p.Met420Thr,VUS / Sin Clasificar,0.021319,-0.388439,2.45436,2.941287
p.Met420Lys,VUS / Sin Clasificar,-0.301673,4.722293,2.855493,2.611293
p.Met420Ile,VUS / Sin Clasificar,-0.242781,1.174472,0.940916,0.096228
p.Met420Ile,Uncertain significance,-0.239631,1.357483,0.988114,0.043351
p.Val422Leu,VUS / Sin Clasificar,1.440277,-0.758474,-0.736292,1.164982
p.Val422Ile,VUS / Sin Clasificar,1.478677,-0.84261,-0.543822,0.737801
p.Ile423Thr,VUS / Sin Clasificar,2.483193,1.543387,0.95842,2.408833
p.Ser424Arg,VUS / Sin Clasificar,-0.877361,13.9846,7.171323,-0.254778
p.Gly425Cys,VUS / Sin Clasificar,1.899137,0.324788,2.849677,7.73744
p.Gly425Ser,VUS / Sin Clasificar,2.349067,0.235154,2.603807,9.166477
p.Gly425Ala,VUS / Sin Clasificar,1.227477,0.0,2.51764,4.611097
p.Pro426Leu,VUS / Sin Clasificar,5.680113,0.001228,-0.743841,10.13309
p.Leu427Gln,VUS / Sin Clasificar,-0.41053,-1.085887,0.710595,0.865889
p.Leu428Met,VUS / Sin Clasificar,-0.309801,0.565599,4.572403,0.895844
p.Leu428Arg,VUS / Sin Clasificar,0.402506,0.928963,12.6255,9.150097
p.Leu428Pro,VUS / Sin Clasificar,4.103517,5.458487,8.2263,9.37015
p.Ala430Pro,VUS / Sin Clasificar,6.00699,4.863083,4.362637,4.83012
p.Ala430Ser,VUS / Sin Clasificar,0.00111,1.540297,1.191513,0.819908
p.Ala430Asp,VUS / Sin Clasificar,-1.263623,0.412091,1.400813,5.602587
p.Phe431Leu,VUS / Sin Clasificar,0.018573,3.703113,-2.863147,1.600047
p.Phe431Ser,VUS / Sin Clasificar,0.374212,2.68185,0.000423,4.40706
p.Ile432Val,VUS / Sin Clasificar,0.849462,2.38678,-0.434326,1.349283
p.Ile432Thr,VUS / Sin Clasificar,0.330899,2.382573,0.059872,2.942417
p.Ile432Asn,VUS / Sin Clasificar,0.310019,-0.302661,3.51805,2.065777
p.Gly434Ala,VUS / Sin Clasificar,1.806933,2.535997,0.542335,0.104268
p.Met435Leu,Likely Benign,2.30814,-0.010867,3.141197,-0.137691
p.Met435Thr,VUS / Sin Clasificar,4.183043,2.6126,4.443763,3.896443
p.Phe436Tyr,VUS / Sin Clasificar,9.673077,1.748503,1.445887,-0.407325
p.Phe436Cys,Uncertain significance,2.163493,0.943919,1.420143,3.218483
p.Phe436Leu,VUS / Sin Clasificar,-0.665325,0.184298,0.758897,1.171523
p.Leu437Pro,Uncertain significance,1.42668,4.41648,6.74419,4.400337
p.Pro438Leu,VUS / Sin Clasificar,0.353108,0.936072,1.95775,1.381553
p.Ala439Pro,VUS / Sin Clasificar,1.889397,5.060143,3.046747,-0.081999
p.Ala439Asp,VUS / Sin Clasificar,-0.017399,3.162293,4.12323,-0.002723
p.Cys440Gly,VUS / Sin Clasificar,0.618477,1.095703,1.887343,1.832057
p.Cys440Arg,VUS / Sin Clasificar,4.235773,-1.095303,-0.085485,2.040663
p.Cys440Ser,VUS / Sin Clasificar,0.015587,-0.059246,0.419178,0.423057
p.Cys440Tyr,Uncertain significance,6.66356,4.360813,0.567191,9.86633
p.Asn441Ser,VUS / Sin Clasificar,4.28003,1.646963,0.560789,2.492907
p.Asn441Lys,Uncertain significance,3.189213,-0.180377,-0.359201,3.382823
p.Thr442Ala,VUS / Sin Clasificar,0.857502,2.485807,-1.274933,0.452637
p.Thr442Lys,VUS / Sin Clasificar,-0.819911,1.091905,5.554933,-0.673785
p.Pro443Thr,VUS / Sin Clasificar,1.66491,5.419173,1.38541,2.448947
p.Pro443Ala,VUS / Sin Clasificar,1.650373,0.794265,1.57416,2.05596
p.Pro443Ser,VUS / Sin Clasificar,1.915357,2.913993,2.57854,2.551413
p.Pro443Leu,VUS / Sin Clasificar,0.084591,4.952463,0.00059,1.24183
p.Gly444Val,VUS / Sin Clasificar,1.83907,-0.001164,-0.313935,15.888767
p.Val445Ile,VUS / Sin Clasificar,9.229097,-0.032218,0.774455,0.938463
p.Val445Phe,VUS / Sin Clasificar,27.5383,1.085263,0.094104,13.2798
p.Val445Ala,VUS / Sin Clasificar,1.55997,3.221697,1.41713,2.735253
p.Leu446Ile,VUS / Sin Clasificar,-0.649928,1.361877,-0.08233,0.666742
p.Leu446Phe,Uncertain significance,9.307703,1.82273,-0.385327,1.342183
p.Ala447Pro,VUS / Sin Clasificar,4.224677,13.031967,5.703803,2.854627
p.Ala447Thr,VUS / Sin Clasificar,1.983103,9.300773,2.76903,-0.212674
p.Ala447Gly,Uncertain significance,3.483443,0.0,0.0,1.26776
p.Ala447Val,VUS / Sin Clasificar,0.847685,11.903167,3.90807,-0.538603
p.Leu449Ile,VUS / Sin Clasificar,15.264367,2.37261,-0.002306,0.755795
p.Gly450Arg,VUS / Sin Clasificar,13.496333,4.123173,-3.081087,-1.204933
p.Gly450Ser,VUS / Sin Clasificar,3.89489,5.267563,0.002907,-0.547028
p.Ala451Thr,VUS / Sin Clasificar,2.247193,16.7186,10.396067,-0.197589
p.Ala451Val,VUS / Sin Clasificar,2.543207,18.944933,9.78567,0.535784
p.Gly452Ser,VUS / Sin Clasificar,3.918433,0.595977,3.13939,5.34703
p.Gly452Arg,VUS / Sin Clasificar,3.60885,8.443107,18.097867,36.887767
p.Gly452Asp,VUS / Sin Clasificar,4.715337,7.40695,6.963047,17.8388
p.Gly452Val,VUS / Sin Clasificar,1.728117,2.252447,5.1515,13.2091
p.Leu453Ser,VUS / Sin Clasificar,5.388623,5.109857,3.27755,2.56009
p.Ala454Thr,VUS / Sin Clasificar,2.732697,-0.002389,5.062023,-0.048744
p.Ala454Pro,VUS / Sin Clasificar,7.155353,4.15595,8.940237,2.86716
p.Ala454Glu,VUS / Sin Clasificar,4.71318,0.04806,4.8365,-0.034583
p.Ala454Val,VUS / Sin Clasificar,1.044365,0.126539,4.378043,0.526207
p.Ser456Pro,VUS / Sin Clasificar,3.178733,7.59225,6.24646,3.909457
p.Trp458Ser,VUS / Sin Clasificar,1.902283,1.910803,0.5561,2.375337
p.Trp458Leu,VUS / Sin Clasificar,11.665533,-0.036468,-2.403433,-0.106724
p.Ala460Val,VUS / Sin Clasificar,1.525453,3.81,11.0955,0.733704
p.Gly462Ala,VUS / Sin Clasificar,2.650483,0.490151,1.993257,4.8886
p.Ala463Thr,VUS / Sin Clasificar,2.4381,-1.209268,1.37392,0.642916
p.Ala463Asp,VUS / Sin Clasificar,0.463107,-0.456314,1.911987,1.739433
p.Thr464Ala,VUS / Sin Clasificar,0.411618,-0.426011,1.976197,-0.101593
p.Pro467Ala,VUS / Sin Clasificar,0.013758,1.757313,2.916323,1.61489
p.Pro467Leu,VUS / Sin Clasificar,-0.552459,3.520207,2.211163,0.878712
p.Pro468Ala,VUS / Sin Clasificar,2.46979,2.08012,-0.6597,1.421767
p.Pro468Leu,VUS / Sin Clasificar,16.573567,-0.009165,-1.859167,4.044437
p.Ser469Gly,VUS / Sin Clasificar,4.980863,0.741159,2.42374,2.235183
p.Ser469Arg,VUS / Sin Clasificar,11.558133,-1.09526,-0.166768,2.17014
p.Ser469Arg,VUS / Sin Clasificar,7.64352,-1.030468,-0.14706,2.12959
p.Glu470Lys,VUS / Sin Clasificar,1.238703,18.5879,19.225067,1.255967
p.Glu470Gly,Uncertain significance,3.370793,0.0,0.0,2.40507
p.Glu470Asp,VUS / Sin Clasificar,2.53217,13.898367,13.624503,0.827887
p.Thr472Pro,VUS / Sin Clasificar,9.80226,3.432083,6.049357,0.417078
p.Thr472Asn,VUS / Sin Clasificar,11.623467,0.013251,1.926627,0.367802
p.Met473Val,Uncertain significance,1.702547,-0.281638,-0.773238,2.636437
p.Met473Thr,Uncertain significance,2.994493,-0.139601,-0.617967,3.300727
p.Met473Ile,Uncertain significance,0.28606,-0.829811,-1.274113,2.701097
p.Met473Ile,VUS / Sin Clasificar,0.458289,-0.823726,-1.259657,2.530487
p.Arg474Met,VUS / Sin Clasificar,-0.262909,19.550133,8.119457,1.894923
p.Arg474Lys,Uncertain significance,-0.069017,28.563767,14.054367,0.631561
p.Val475Ala,VUS / Sin Clasificar,0.0,1.88749,2.511207,1.46092
p.Leu476Val,VUS / Sin Clasificar,12.725333,0.254103,0.25632,1.617027
p.Ala481Asp,VUS / Sin Clasificar,1.699753,3.89188,1.96321,0.400013
p.Ala481Val,Uncertain significance,0.903635,0.003458,-0.005627,0.334283
p.Arg482Pro,VUS / Sin Clasificar,5.31212,6.437163,6.937683,3.52172
p.Arg482His,VUS / Sin Clasificar,0.896331,0.355511,21.2565,1.082447
p.Val484Met,VUS / Sin Clasificar,,,,-0.179344
p.Ala485Thr,VUS / Sin Clasificar,,,,0.075033
p.Leu486Val,VUS / Sin Clasificar,,,,0.591024
p.Val488Leu,VUS / Sin Clasificar,,,,-0.209012
p.Ala490Pro,VUS / Sin Clasificar,,,,3.549097
p.Ala490Thr,Uncertain significance,,,,-0.269771
p.Ala490Val,VUS / Sin Clasificar,,,,-0.014266
p.Leu493Ile,VUS / Sin Clasificar,,,,0.105514
p.Leu493Pro,VUS / Sin Clasificar,,,,-0.625039
p.Leu494Val,VUS / Sin Clasificar,,,,2.162667
p.Leu494Arg,VUS / Sin Clasificar,,,,0.989537
p.Asp495His,VUS / Sin Clasificar,,,,0.589079
p.Asp495Tyr,VUS / Sin Clasificar,,,,1.50698
p.Pro496Thr,VUS / Sin Clasificar,,,,1.054033
p.Pro496Gln,VUS / Sin Clasificar,,,,0.252289
p.Pro496Arg,Uncertain significance,,,,-0.001482
p.Pro496Leu,VUS / Sin Clasificar,,,,0.451718
p.Ala497Thr,VUS / Sin Clasificar,,,,-0.097282
p.Ala497Val,VUS / Sin Clasificar,,,,1.186823
p.Leu498Phe,VUS / Sin Clasificar,,,,-0.221334
p.Leu498Val,VUS / Sin Clasificar,,,,0.602927
p.Pro500Arg,VUS / Sin Clasificar,,,,-0.081421
p.Pro500Leu,Uncertain significance,,,,0.694491
p.Ala501Val,VUS / Sin Clasificar,,,,0.020123
p.Asn502Asp,VUS / Sin Clasificar,,,,-0.400154
p.Asn502Lys,Uncertain significance,,,,0.033828
p.Asp503Asn,Likely Benign,,,,0.058193
p.Ser504Pro,VUS / Sin Clasificar,,,,0.561425
p.Ser505Gly,VUS / Sin Clasificar,,,,1.178773
p.Ser505Ile,VUS / Sin Clasificar,,,,1.298773
p.Arg506Thr,Uncertain significance,,,,0.793928
p.Ala507Val,VUS / Sin Clasificar,,,,0.466498
p.Ala507Asp,VUS / Sin Clasificar,,,,-0.022197
p.Pro508Thr,VUS / Sin Clasificar,,,,0.611554
p.Pro508Arg,VUS / Sin Clasificar,,,,0.409831
p.Pro508Leu,VUS / Sin Clasificar,,,,0.569722
p.Ser509Gly,VUS / Sin Clasificar,,,,1.541323
p.Ser510Leu,VUS / Sin Clasificar,,,,1.540137
p.Gly511Glu,VUS / Sin Clasificar,,,,-2.112967
p.Met512Ile,VUS / Sin Clasificar,,,,0.593703
p.Ala514Thr,Likely Benign,,,,0.366187
p.Ala514Ser,VUS / Sin Clasificar,,,,-0.074284
p.Ala514Val,VUS / Sin Clasificar,,,,0.459946
p.Ser515Asn,VUS / Sin Clasificar,1.516593,,1.972617,-0.015535
p.Ser515Thr,VUS / Sin Clasificar,1.44331,,1.72013,0.221943
p.Arg516Leu,VUS / Sin Clasificar,-0.627077,,0.387309,1.716537
p.Arg516Gln,VUS / Sin Clasificar,-0.338299,,4.664227,2.581243
p.Pro517Thr,VUS / Sin Clasificar,18.316833,0.346658,2.24763,1.216693
p.Ala518Ser,VUS / Sin Clasificar,0.099311,11.6099,0.854796,-0.093108
p.Ala518Thr,VUS / Sin Clasificar,2.248713,17.8563,-0.031092,-0.02831
p.Ala518Val,Uncertain significance,2.875093,22.128933,0.000279,0.159356
p.Leu519Ile,VUS / Sin Clasificar,0.549958,2.870277,16.033767,1.287179
p.Ala520Gly,VUS / Sin Clasificar,1.411677,0.410021,-0.167268,2.028293
p.Asp521Gly,VUS / Sin Clasificar,3.67444,1.726653,0.850335,2.058407
p.Asp521Ala,VUS / Sin Clasificar,1.572387,0.640431,0.468777,1.8916
p.Ser522Gly,Uncertain significance,1.089377,2.24685,1.510103,0.177573
p.Ser522Ile,VUS / Sin Clasificar,1.019277,1.44046,-0.146307,1.090277
p.Phe523Ile,VUS / Sin Clasificar,0.69529,1.022983,2.015493,0.974846
p.Tyr524His,VUS / Sin Clasificar,-0.147547,7.532033,0.234608,3.055597
p.Tyr524Cys,VUS / Sin Clasificar,0.137361,2.783963,0.679771,3.480507
p.Ala525Val,VUS / Sin Clasificar,0.559467,1.22901,2.10471,2.937777
p.Ile526Val,VUS / Sin Clasificar,0.657065,1.105223,-0.040183,0.618447
p.Ser527Cys,VUS / Sin Clasificar,0.25118,0.470748,1.204307,-0.559143
p.Tyr528His,VUS / Sin Clasificar,2.597883,0.358208,0.255866,3.92639
p.Leu529Phe,VUS / Sin Clasificar,4.328157,1.805398,-0.641834,1.800598
p.Leu529Arg,VUS / Sin Clasificar,3.63812,0.486324,-1.502597,6.75121
p.Tyr530His,VUS / Sin Clasificar,0.636979,3.793593,1.331243,1.517253
p.Tyr530Cys,Uncertain significance,1.133323,3.618587,1.316003,1.360637
p.Gly532Cys,VUS / Sin Clasificar,1.541977,0.962463,0.844623,-0.545476
p.Gly532Ser,VUS / Sin Clasificar,1.35346,1.643457,1.882197,1.069387
p.Ala533Thr,Uncertain significance,0.003706,1.815977,3.610823,-0.632724
p.Ala533Asp,VUS / Sin Clasificar,-1.475083,1.37007,2.033147,0.957172
p.Leu534Pro,VUS / Sin Clasificar,-1.01624,-0.589484,-0.00027,6.42294
p.Gly535Ser,VUS / Sin Clasificar,0.965906,1e-06,0.303103,2.747793
p.Gly535Asp,VUS / Sin Clasificar,0.456135,1.040661,2.210413,14.615
p.Thr536Met,VUS / Sin Clasificar,0.03523,-0.468878,0.365415,-2.867877
p.Leu537Val,VUS / Sin Clasificar,4.894963,0.245046,0.456778,0.869261
p.Leu537Pro,VUS / Sin Clasificar,7.859757,5.2561,0.590168,4.39775
p.Thr538Ser,VUS / Sin Clasificar,5.94516,-0.215906,-0.134383,0.678133
p.Leu541Pro,VUS / Sin Clasificar,,,,4.44527
p.Gly543Arg,VUS / Sin Clasificar,,,,20.330333
p.Ala544Asp,VUS / Sin Clasificar,,,,0.568924
p.Leu545Phe,VUS / Sin Clasificar,,,,0.018303
p.Ile546Leu,VUS / Sin Clasificar,,,,0.274147
p.Ser547Gly,VUS / Sin Clasificar,,,,1.85495
p.Ser547Ile,Uncertain significance,,,,3.444843
p.Cys548Tyr,Uncertain significance,,,,-1.61866
p.Thr550Arg,Uncertain significance,,,,-0.973117
p.Gly551Arg,VUS / Sin Clasificar,,,,1.356793
p.Gly551Cys,VUS / Sin Clasificar,,,,2.240733
p.Gly551Asp,VUS / Sin Clasificar,,,,2.054843
p.Pro552Ser,VUS / Sin Clasificar,,,,1.831553
p.Pro552Leu,VUS / Sin Clasificar,,,,0.234355
p.Thr553Asn,VUS / Sin Clasificar,,,,-0.206307
p.Lys554Arg,VUS / Sin Clasificar,,,,-0.204038
p.Lys554Asn,VUS / Sin Clasificar,,,,0.375911
p.Arg555Cys,VUS / Sin Clasificar,,,,1.287767
p.Arg555Leu,VUS / Sin Clasificar,,,,-0.092508
p.Arg555His,VUS / Sin Clasificar,,,,1.68239
p.Arg555Pro,VUS / Sin Clasificar,,,,-0.448575
p.Ser556Asn,VUS / Sin Clasificar,,,,0.104512
p.Thr557Ile,VUS / Sin Clasificar,,,,-0.458502
p.Ala559Asp,VUS / Sin Clasificar,,,,0.163586
p.Pro560Ala,VUS / Sin Clasificar,,,,0.599703
p.Pro560Leu,VUS / Sin Clasificar,,,,0.065995
p.Gly561Glu,VUS / Sin Clasificar,,,,3.298393
p.Trp564Arg,VUS / Sin Clasificar,,,,0.985459
p.Trp564Ser,VUS / Sin Clasificar,,,,2.715307
p.Asp566Glu,VUS / Sin Clasificar,-0.344012,,,-0.134298
p.Leu567Ile,VUS / Sin Clasificar,,,,1.05369
p.Ala568Pro,VUS / Sin Clasificar,,,,1.382007
p.Ala568Thr,VUS / Sin Clasificar,,,,0.852389
p.Arg569Trp,Uncertain significance,,,,0.344543
p.Arg569Gln,Uncertain significance,,,,0.433424
p.Gln570His,VUS / Sin Clasificar,,,,0.492609
p.Thr571Ile,VUS / Sin Clasificar,,,,1.42067
p.Ala572Val,VUS / Sin Clasificar,,,,0.671724
p.Pro576Ser,VUS / Sin Clasificar,,,,0.542348
p.Lys577Glu,VUS / Sin Clasificar,,,,0.313714
p.Lys577Arg,VUS / Sin Clasificar,,,,-0.189031
p.Ala581Asp,VUS / Sin Clasificar,,,,0.758289
p.Asp584Tyr,VUS / Sin Clasificar,,,,-0.250221
p.Asp584Ala,VUS / Sin Clasificar,,,,-0.121563
p.Asp585Gly,VUS / Sin Clasificar,,,,0.303746
p.Asp585Glu,VUS / Sin Clasificar,,,,-0.273771
p.Asn586Ser,VUS / Sin Clasificar,,,,0.16596
p.Leu587Phe,VUS / Sin Clasificar,,,,-0.114555
p.Val588Ile,VUS / Sin Clasificar,,,,0.041467
p.Val588Asp,VUS / Sin Clasificar,,,,0.287978
p.Lys589Glu,VUS / Sin Clasificar,,,,1.13503
p.Lys589Asn,VUS / Sin Clasificar,,,,-0.677388
p.Gly590Arg,VUS / Sin Clasificar,,,,-0.220095
p.Gly590Ser,VUS / Sin Clasificar,,,,0.331187
p.Glu592Val,Uncertain significance,,,,-0.122129
p.Leu594Phe,Pathogenic,,,,-0.119258
p.Leu594Pro,VUS / Sin Clasificar,,,,-1.022037
p.Pro595Arg,VUS / Sin Clasificar,,,,-2.507463
p.Thr596Ala,VUS / Sin Clasificar,,,,0.108914
p.Gly597Arg,Uncertain significance,,,,0.614837
p.Asn598Lys,VUS / Sin Clasificar,,,,-0.217823
p.Lys599Glu,VUS / Sin Clasificar,,,,0.263885
p.Lys599Gln,VUS / Sin Clasificar,,,,-0.077819
p.Lys600Asn,VUS / Sin Clasificar,,,,0.082426
p.Pro601Thr,VUS / Sin Clasificar,,,,1.639713
p.Pro601Ser,VUS / Sin Clasificar,,,,1.532
p.Pro602Ser,VUS / Sin Clasificar,,,,-1.7794
p.Pro602Thr,VUS / Sin Clasificar,,,,-1.649327
p.Phe604Leu,VUS / Sin Clasificar,,,,0.791713
p.Leu605Val,VUS / Sin Clasificar,,,,1.26263
p.Pro606Thr,VUS / Sin Clasificar,,,,0.667318
p.Pro606Leu,VUS / Sin Clasificar,,,,0.133104
p.Thr607Ala,Uncertain significance,,,,0.936669
p.Thr607Ile,VUS / Sin Clasificar,,,,1.482063
p.Asn608Ser,VUS / Sin Clasificar,,,,0.110525
p.Asn608Lys,VUS / Sin Clasificar,,,,1.132973
p.Glu609Lys,VUS / Sin Clasificar,,,,-2.23119
p.Arg611Ser,VUS / Sin Clasificar,,,,1.706037
p.Arg611Cys,VUS / Sin Clasificar,,,,0.862385
p.Arg611His,Likely Benign,,,,0.732603
p.Phe614Ser,VUS / Sin Clasificar,,,,0.453585
p.Phe614Leu,VUS / Sin Clasificar,,,,0.567294
p.Leu615Phe,VUS / Sin Clasificar,,,,0.310574
p.Gln617Arg,VUS / Sin Clasificar,,,,-0.236342
p.Lys618Met,VUS / Sin Clasificar,,,,0.91922
p.Lys618Arg,VUS / Sin Clasificar,,,,0.127502
p.Leu620Val,VUS / Sin Clasificar,,,,0.079914
p.Leu620Pro,VUS / Sin Clasificar,,,,1.339387
p.Glu621Lys,VUS / Sin Clasificar,,,,0.332158
p.Glu621Gln,VUS / Sin Clasificar,,,,0.116457
p.Glu621Asp,VUS / Sin Clasificar,,,,0.030305
p.Gly622Arg,VUS / Sin Clasificar,,,,1.416027
p.Gly622Glu,VUS / Sin Clasificar,,,,1.74957
p.Gly622Val,VUS / Sin Clasificar,,,,3.208557
p.Ala623Pro,VUS / Sin Clasificar,,,,2.074793
p.Ala623Thr,VUS / Sin Clasificar,,,,-1.085207
p.Ala623Ser,VUS / Sin Clasificar,,,,-1.07659
p.Gly624Cys,VUS / Sin Clasificar,,,,0.117499
p.Ser625Cys,VUS / Sin Clasificar,,,,0.46862
p.Trp626Leu,VUS / Sin Clasificar,,,,0.325975
p.Thr627Asn,VUS / Sin Clasificar,,,,0.372807
p.Pro628Leu,VUS / Sin Clasificar,,,,0.656847
p.Pro628His,VUS / Sin Clasificar,,,,0.920018
p.Cys629Arg,VUS / Sin Clasificar,,,,-0.563654
p.Cys629Tyr,VUS / Sin Clasificar,,,,0.023804
p.Gly631Val,VUS / Sin Clasificar,,,,4.224313
p.Gly634Ser,VUS / Sin Clasificar,,,,3.31401
p.Gly635Cys,VUS / Sin Clasificar,,,,2.958813
p.Arg636Gln,Uncertain significance,,,,0.223792
p.Arg636Pro,VUS / Sin Clasificar,,,,2.054317
p.Arg636Leu,VUS / Sin Clasificar,,,,0.382372
p.Gln638Lys,VUS / Sin Clasificar,,,,0.224349
p.Gln639Lys,VUS / Sin Clasificar,,,,-0.337024
p.Glu640Ala,VUS / Sin Clasificar,,,,0.134409
p.Thr641Ile,VUS / Sin Clasificar,,,,0.006487
p.Leu643Val,VUS / Sin Clasificar,,,,0.016088
p.Gly51Alafs*45,Pathogenic,,,,
p.Leu54Pro,Uncertain significance,,1.074237,,4.59742
p.Gly93Arg,Likely Pathogenic,5.006217,4.543643,4.03453,21.470467
p.Tyr137*,Likely Pathogenic,1.205753,0.925617,0.085924,1.69306
p.Met142_Gln323del,Likely Pathogenic,,,,
p.Asn157Thrfs*3,Pathogenic,,,,
p.Asp191Gly,Likely Pathogenic,1.212703,1.21912,2.229473,3.652663
p.Thr221=,Likely Benign,0.300689,1.08859,0.317309,-0.130737
p.Gly250Val,Likely Pathogenic,0.972716,5.38938,1.09695,13.016493
p.Gln263Leu,Likely Pathogenic,1.926093,0.107306,2.431353,0.672843
p.Gln265Arg,Likely Pathogenic,0.0,6.23098,0.046491,3.677757
p.Val270Glu,Likely Pathogenic,3.39465,1.063695,1.97163,2.00697
p.Cys272*,Pathogenic,0.93858,1.134143,0.465017,-0.013255
p.Val287_Gly288del,Likely Pathogenic,,,,
p.Cys310=,Uncertain significance,0.242475,-0.299682,0.43176,2.014327
p.Y324Hfs*148,Pathogenic,,,,
p.Asp331Asn,Likely Pathogenic,2.240543,-0.18552,3.441013,3.485783
p.Tyr348Asp,Likely Pathogenic,5.763523,6.256127,-0.044452,5.08241
p.Gly350Asp,Likely Pathogenic,5.92533,6.054273,3.34388,11.921133
p.Ser356Phe,Pathogenic,0.305726,-0.535422,1.93311,4.18244
p.Asp369Val,Likely Pathogenic,3.38952,-0.609633,1.946017,2.433813
p.Lys388*,Likely Pathogenic,0.0,0.57782,0.82893,1.34003
p.Leu408=,Benign,0.134467,0.668333,0.261062,1.24006
p.Gly421Arg,Likely Pathogenic,-0.67221,0.654763,-1.55792,9.122487
p.Ala439_Pro443del,Likely Pathogenic,,,,
p.Arg516*,Pathogenic,0.084642,,0.56127,2.41357
p.Ser509Argfs*6,Pathogenic,,,,
p.Cys542=,Benign,,,,-0.440107
p.Gly543Glu,Pathogenic,,,,13.645633
p.Ser547Arg,Likely Pathogenic,,,,4.861317
p.Leu562Met,Likely Pathogenic,,,,0.641403
p.Arg636*,Likely Pathogenic,,,,-0.769917
