Human_Variant,Input_7UUY,Input_7UUZ,Input_7UV0,Input_AF
p.Glu2Val,,,,EA2V;
p.Ala3Asp,,,,AA3D;
p.Glu5Gln,,,,EA5Q;
p.Thr6Ala,,,,TA6A;
p.Thr6Ile,,,,TA6I;
p.Gly7Arg,,,,GA7R;
p.Gly7Arg,,,,GA7R;
p.Gly7Glu,,,,GA7E;
p.Glu8Lys,,,,EA8K;
p.Arg9Trp,,,,RA9W;
p.Arg9Pro,,,,RA9P;
p.Arg9Gln,,,,RA9Q;
p.Pro10Leu,,,,PA10L;
p.Thr11Ile,,,,TA11I;
p.Phe12Leu,,,,FA12L;
p.Trp15Leu,WA10L;,WA10L;,WA10L;,WA15L;
p.Trp15Cys,WA10C;,WA10C;,WA10C;,WA15C;
p.Trp15Cys,WA10C;,WA10C;,WA10C;,WA15C;
p.Asp16Asn,DA11N;,DA11N;,DA11N;,DA16N;
p.Asp16Gly,DA11G;,DA11G;,DA11G;,DA16G;
p.Gly18Arg,GA13R;,GA13R;,GA13R;,GA18R;
p.Gly18Ala,GA13A;,GA13A;,GA13A;,GA18A;
p.Val19Ile,VA14I;,VA14I;,VA14I;,VA19I;
p.Phe20Leu,FA15L;,FA15L;,FA15L;,FA20L;
p.Leu22Phe,LA17F;,LA17F;,LA17F;,LA22F;
p.Leu22Pro,LA17P;,LA17P;,LA17P;,LA22P;
p.Met23Leu,MA18L;,MA18L;,MA18L;,MA23L;
p.Met23Thr,MA18T;,MA18T;,MA18T;,MA23T;
p.Leu24Val,LA19V;,LA19V;,LA19V;,LA24V;
p.Val26Met,VA21M;,VA21M;,VA21M;,VA26M;
p.Ser27Ala,SA22A;,SA22A;,SA22A;,SA27A;
p.Thr28Ala,TA23A;,TA23A;,TA23A;,TA28A;
p.Thr28Ser,TA23S;,TA23S;,TA23S;,TA28S;
p.Thr28Ile,TA23I;,TA23I;,TA23I;,TA28I;
p.Gly29Ser,GA24S;,GA24S;,GA24S;,GA29S;
p.Ile30Met,IA25M;,IA25M;,IA25M;,IA30M;
p.Gly31Arg,GA26R;,GA26R;,GA26R;,GA31R;
p.Leu32Pro,LA27P;,LA27P;,LA27P;,LA32P;
p.Leu32Gln,LA27Q;,LA27Q;,LA27Q;,LA32Q;
p.Trp33Arg,WA28R;,WA28R;,WA28R;,WA33R;
p.Trp33Ser,WA28S;,WA28S;,WA28S;,WA33S;
p.Val34Asp,VA29D;,VA29D;,VA29D;,VA34D;
p.Gly35Arg,GA30R;,GA30R;,GA30R;,GA35R;
p.Gly35Arg,GA30R;,GA30R;,GA30R;,GA35R;
p.Leu36Val,LA31V;,LA31V;,LA31V;,LA36V;
p.Leu36Arg,LA31R;,LA31R;,LA31R;,LA36R;
p.Ala37Ser,AA32S;,AA32S;,AA32S;,AA37S;
p.Arg38Pro,RA33P;,RA33P;,RA33P;,RA38P;
p.Arg38Gln,RA33Q;,RA33Q;,RA33Q;,RA38Q;
p.Gly39Ser,GA34S;,GA34S;,GA34S;,GA39S;
p.Gly39Asp,GA34D;,GA34D;,GA34D;,GA39D;
p.Gly40Arg,GA35R;,GA35R;,GA35R;,GA40R;
p.Gln41Lys,QA36K;,QA36K;,QA36K;,QA41K;
p.Gln41Arg,QA36R;,QA36R;,QA36R;,QA41R;
p.Arg42Cys,RA37C;,RA37C;,RA37C;,RA42C;
p.Arg42Leu,RA37L;,RA37L;,RA37L;,RA42L;
p.Arg42His,RA37H;,RA37H;,RA37H;,RA42H;
p.Ser43Arg,SA38R;,SA38R;,SA38R;,SA43R;
p.Ser43Arg,SA38R;,SA38R;,SA38R;,SA43R;
p.Ala44Thr,AA39T;,AA39T;,AA39T;,AA44T;
p.Ala44Gly,AA39G;,AA39G;,AA39G;,AA44G;
p.Ala44Val,AA39V;,AA39V;,AA39V;,AA44V;
p.Glu45Lys,EA40K;,EA40K;,EA40K;,EA45K;
p.Asp46Tyr,DA41Y;,DA41Y;,DA41Y;,DA46Y;
p.Asp46His,DA41H;,DA41H;,DA41H;,DA46H;
p.Asp46Val,DA41V;,DA41V;,DA41V;,DA46V;
p.Phe48Ser,FA43S;,FA43S;,FA43S;,FA48S;
p.Thr49Ala,TA44A;,TA44A;,TA44A;,TA49A;
p.Thr49Pro,TA44P;,TA44P;,TA44P;,TA49P;
p.Gly50Arg,GA45R;,GA45R;,GA45R;,GA50R;
p.Gly50Arg,GA45R;,GA45R;,GA45R;,GA50R;
p.Gly50Glu,GA45E;,GA45E;,GA45E;,GA50E;
p.Gly51Cys,GA46C;,GA46C;,GA46C;,GA51C;
p.Gly51Asp,GA46D;,GA46D;,GA46D;,GA51D;
p.Gly51Ala,GA46A;,GA46A;,GA46A;,GA51A;
p.Arg52Gly,RA47G;,RA47G;,RA47G;,RA52G;
p.Arg52Gln,RA47Q;,RA47Q;,RA47Q;,RA52Q;
p.Arg53Gly,RA48G;,RA48G;,RA48G;,RA53G;
p.Arg53Pro,RA48P;,RA48P;,RA48P;,RA53P;
p.Arg53Leu,RA48L;,RA48L;,RA48L;,RA53L;
p.Arg53His,RA48H;,RA48H;,RA48H;,RA53H;
p.Ala55Val,AA50V;,AA50V;,AA50V;,AA55V;
p.Ala55Gly,AA50G;,AA50G;,AA50G;,AA55G;
p.Ala56Thr,AA51T;,AA51T;,AA51T;,AA56T;
p.Pro58Ser,PA53S;,PA53S;,PA53S;,PA58S;
p.Pro58Leu,PA53L;,PA53L;,PA53L;,PA58L;
p.Val59Leu,VA54L;,VA54L;,VA54L;,VA59L;
p.Val59Met,VA54M;,VA54M;,VA54M;,VA59M;
p.Val59Glu,VA54E;,VA54E;,VA54E;,VA59E;
p.Ala65Thr,AA60T;,AA60T;,AA60T;,AA65T;
p.Ala65Ser,AA60S;,AA60S;,AA60S;,AA65S;
p.Ser66Gly,SA61G;,SA61G;,SA61G;,SA66G;
p.Ser66Ile,SA61I;,SA61I;,SA61I;,SA66I;
p.Phe67Leu,FA62L;,FA62L;,FA62L;,FA67L;
p.Met68Val,MA63V;,MA63V;,MA63V;,MA68V;
p.Met68Thr,MA63T;,MA63T;,MA63T;,MA68T;
p.Met68Ile,MA63I;,MA63I;,MA63I;,MA68I;
p.Ser69Leu,SA64L;,SA64L;,SA64L;,SA69L;
p.Ala70Gly,AA65G;,AA65G;,AA65G;,AA70G;
p.Gln72Glu,QA67E;,QA67E;,QA67E;,QA72E;
p.Gln72Arg,QA67R;,QA67R;,QA67R;,QA72R;
p.Val73Leu,VA68L;,VA68L;,VA68L;,VA73L;
p.Val73Met,VA68M;,VA68M;,VA68M;,VA73M;
p.Gly75Arg,GA70R;,GA70R;,GA70R;,GA75R;
p.Gly75Asp,GA70D;,GA70D;,GA70D;,GA75D;
p.Val76Met,VA71M;,VA71M;,VA71M;,VA76M;
p.Val76Leu,VA71L;,VA71L;,VA71L;,VA76L;
p.Pro77Ser,PA72S;,PA72S;,PA72S;,PA77S;
p.Pro77Leu,PA72L;,PA72L;,PA72L;,PA77L;
p.Ser78Pro,SA73P;,SA73P;,SA73P;,SA78P;
p.Ser78Leu,SA73L;,SA73L;,SA73L;,SA78L;
p.Glu79Gly,EA74G;,EA74G;,EA74G;,EA79G;
p.Tyr81Asn,YA76N;,YA76N;,YA76N;,YA81N;
p.Arg82Cys,RA77C;,RA77C;,RA77C;,RA82C;
p.Arg82Leu,RA77L;,RA77L;,RA77L;,RA82L;
p.Tyr83Cys,YA78C;,YA78C;,YA78C;,YA83C;
p.Lys86Asn,KA81N;,KA81N;,KA81N;,KA86N;
p.Leu88Pro,LA83P;,LA83P;,LA83P;,LA88P;
p.Met90Thr,MA85T;,MA85T;,MA85T;,MA90T;
p.Met90Ile,MA85I;,MA85I;,MA85I;,MA90I;
p.Cys91Tyr,CA86Y;,CA86Y;,CA86Y;,CA91Y;
p.Leu92Gln,LA87Q;,LA87Q;,LA87Q;,LA92Q;
p.Leu92Arg,LA87R;,LA87R;,LA87R;,LA92R;
p.Gly93Ser,GA88S;,GA88S;,GA88S;,GA93S;
p.Gln94Lys,QA89K;,QA89K;,QA89K;,QA94K;
p.Asn97Ser,NA92S;,NA92S;,NA92S;,NA97S;
p.Ser98Thr,SA93T;,SA93T;,SA93T;,SA98T;
p.Ser98Leu,SA93L;,SA93L;,SA93L;,SA98L;
p.Val99Ile,VA94I;,VA94I;,VA94I;,VA99I;
p.Val99Phe,VA94F;,VA94F;,VA94F;,VA99F;
p.Val99Ala,VA94A;,VA94A;,VA94A;,VA99A;
p.Val99Gly,VA94G;,VA94G;,VA94G;,VA99G;
p.Leu100Val,LA95V;,LA95V;,LA95V;,LA100V;
p.Leu100Phe,LA95F;,LA95F;,LA95F;,LA100F;
p.Thr101Ile,TA96I;,TA96I;,TA96I;,TA101I;
p.Ala102Thr,AA97T;,AA97T;,AA97T;,AA102T;
p.Ala102Ser,AA97S;,AA97S;,AA97S;,AA102S;
p.Ala102Asp,AA97D;,AA97D;,AA97D;,AA102D;
p.Ala102Val,AA97V;,AA97V;,AA97V;,AA102V;
p.Phe105Cys,FA100C;,FA100C;,FA100C;,FA105C;
p.Phe105Ser,FA100S;,FA100S;,FA100S;,FA105S;
p.Met106Val,MA101V;,MA101V;,MA101V;,MA106V;
p.Val108Ile,VA103I;,VA103I;,VA103I;,VA108I;
p.Val108Ala,VA103A;,VA103A;,VA103A;,VA108A;
p.Phe109Ser,FA104S;,FA104S;,FA104S;,FA109S;
p.Arg111His,RA106H;,RA106H;,RA106H;,RA111H;
p.Leu112Val,LA107V;,LA107V;,LA107V;,LA112V;
p.Gly113Cys,GA108C;,GA108C;,GA108C;,GA113C;
p.Gly113Ala,GA108A;,GA108A;,GA108A;,GA113A;
p.Gly113Val,GA108V;,GA108V;,GA108V;,GA113V;
p.Gly113Asp,GA108D;,GA108D;,GA108D;,GA113D;
p.Thr115Ile,TA110I;,TA110I;,TA110I;,TA115I;
p.Thr117Ser,TA112S;,TA112S;,TA112S;,TA117S;
p.Tyr118Cys,YA113C;,YA113C;,YA113C;,YA118C;
p.Tyr118Phe,YA113F;,YA113F;,YA113F;,YA118F;
p.Glu119Lys,EA114K;,EA114K;,EA114K;,EA119K;
p.Glu119Ala,EA114A;,EA114A;,EA114A;,EA119A;
p.Glu122Lys,EA117K;,EA117K;,EA117K;,EA122K;
p.Glu122Ala,EA117A;,EA117A;,EA117A;,EA122A;
p.Met123Val,MA118V;,MA118V;,MA118V;,MA123V;
p.Arg124Ser,RA119S;,RA119S;,RA119S;,RA124S;
p.Arg124Gly,RA119G;,RA119G;,RA119G;,RA124G;
p.Arg124Leu,RA119L;,RA119L;,RA119L;,RA124L;
p.Arg124His,RA119H;,RA119H;,RA119H;,RA124H;
p.Arg127Cys,RA122C;,RA122C;,RA122C;,RA127C;
p.Ala128Thr,AA123T;,AA123T;,AA123T;,AA128T;
p.Ala128Ser,AA123S;,AA123S;,AA123S;,AA128S;
p.Val129Met,VA124M;,VA124M;,VA124M;,VA129M;
p.Arg130Pro,RA125P;,RA125P;,RA125P;,RA130P;
p.Gly133Arg,GA128R;,GA128R;,GA128R;,GA133R;
p.Thr134Ser,TA129S;,TA129S;,TA129S;,TA134S;
p.Gln136Leu,QA131L;,QA131L;,QA131L;,QA136L;
p.Gln136Arg,QA131R;,QA131R;,QA131R;,QA136R;
p.Gln136His,QA131H;,QA131H;,QA131H;,QA136H;
p.Tyr137His,YA132H;,YA132H;,YA132H;,YA137H;
p.Ile138Phe,IA133F;,IA133F;,IA133F;,IA138F;
p.Ile138Leu,IA133L;,IA133L;,IA133L;,IA138L;
p.Ile138Val,IA133V;,IA133V;,IA133V;,IA138V;
p.Ile138Thr,IA133T;,IA133T;,IA133T;,IA138T;
p.Val139Ile,VA134I;,VA134I;,VA134I;,VA139I;
p.Val139Ala,VA134A;,VA134A;,VA134A;,VA139A;
p.Ala140Thr,AA135T;,AA135T;,AA135T;,AA140T;
p.Ala140Val,AA135V;,AA135V;,AA135V;,AA140V;
p.Thr141Pro,TA136P;,TA136P;,TA136P;,TA141P;
p.Thr141Met,TA136M;,TA136M;,TA136M;,TA141M;
p.Thr141Lys,TA136K;,TA136K;,TA136K;,TA141K;
p.Met142Val,MA137V;,MA137V;,MA137V;,MA142V;
p.Met142Leu,MA137L;,MA137L;,MA137L;,MA142L;
p.Met142Thr,MA137T;,MA137T;,MA137T;,MA142T;
p.Met142Ile,MA137I;,MA137I;,MA137I;,MA142I;
p.Thr145Ala,TA140A;,TA140A;,TA140A;,TA145A;
p.Thr145Ile,TA140I;,TA140I;,TA140I;,TA145I;
p.Gly146Arg,GA141R;,GA141R;,GA141R;,GA146R;
p.Gly146Cys,GA141C;,GA141C;,GA141C;,GA146C;
p.Gly146Ser,GA141S;,GA141S;,GA141S;,GA146S;
p.Gly146Asp,GA141D;,GA141D;,GA141D;,GA146D;
p.Ile147Val,IA142V;,IA142V;,IA142V;,IA147V;
p.Val148Ile,VA143I;,VA143I;,VA143I;,VA148I;
p.Ile149Val,IA144V;,IA144V;,IA144V;,IA149V;
p.Tyr150Cys,YA145C;,YA145C;,YA145C;,YA150C;
p.Tyr150Phe,YA145F;,YA145F;,YA145F;,YA150F;
p.Tyr150Ser,YA145S;,YA145S;,YA145S;,YA150S;
p.Ala151Ser,AA146S;,AA146S;,AA146S;,AA151S;
p.Pro152Leu,PA147L;,PA147L;,PA147L;,PA152L;
p.Ala153Thr,AA148T;,AA148T;,AA148T;,AA153T;
p.Ile155Val,IA150V;,IA150V;,IA150V;,IA155V;
p.Asn157Lys,NA152K;,NA152K;,NA152K;,NA157K;
p.Gln158Pro,QA153P;,QA153P;,QA153P;,QA158P;
p.Thr160Ser,TA155S;,TA155S;,TA155S;,TA160S;
p.Gly161Arg,GA156R;,GA156R;,GA156R;,GA161R;
p.Gly161Glu,GA156E;,GA156E;,GA156E;,GA161E;
p.Gly161Val,GA156V;,GA156V;,GA156V;,GA161V;
p.Asp163Glu,DA158E;,DA158E;,DA158E;,DA163E;
p.Ile164Phe,IA159F;,IA159F;,IA159F;,IA164F;
p.Trp165Arg,WA160R;,WA160R;,WA160R;,WA165R;
p.Ala166Thr,AA161T;,AA161T;,AA161T;,AA166T;
p.Ala166Ser,AA161S;,AA161S;,AA161S;,AA166S;
p.Leu168Phe,LA163F;,LA163F;,LA163F;,LA168F;
p.Leu169Pro,LA164P;,LA164P;,LA164P;,LA169P;
p.Ser170Cys,SA165C;,SA165C;,SA165C;,SA170C;
p.Thr171Pro,TA166P;,TA166P;,TA166P;,TA171P;
p.Thr171Ala,TA166A;,TA166A;,TA166A;,TA171A;
p.Thr171Ser,TA166S;,TA166S;,TA166S;,TA171S;
p.Cys175Ser,CA170S;,CA170S;,CA170S;,CA175S;
p.Thr176Pro,TA171P;,TA171P;,TA171P;,TA176P;
p.Phe177Leu,FA172L;,FA172L;,FA172L;,FA177L;
p.Phe177Ser,FA172S;,FA172S;,FA172S;,FA177S;
p.Phe177Leu,FA172L;,FA172L;,FA172L;,FA177L;
p.Tyr178His,YA173H;,YA173H;,YA173H;,YA178H;
p.Thr179Lys,TA174K;,TA174K;,TA174K;,TA179K;
p.Thr179Arg,TA174R;,TA174R;,TA174R;,TA179R;
p.Thr179Met,TA174M;,TA174M;,TA174M;,TA179M;
p.Ala180Ser,AA175S;,AA175S;,AA175S;,AA180S;
p.Val181Met,VA176M;,VA176M;,VA176M;,VA181M;
p.Val181Ala,VA176A;,VA176A;,VA176A;,VA181A;
p.Gly182Ala,GA177A;,GA177A;,GA177A;,GA182A;
p.Gly182Asp,GA177D;,GA177D;,GA177D;,GA182D;
p.Gly183Ser,GA178S;,GA178S;,GA178S;,GA183S;
p.Gly183Asp,GA178D;,GA178D;,GA178D;,GA183D;
p.Met184Val,MA179V;,MA179V;,MA179V;,MA184V;
p.Met184Thr,MA179T;,MA179T;,MA179T;,MA184T;
p.Lys185Gln,KA180Q;,KA180Q;,KA180Q;,KA185Q;
p.Ala186Thr,AA181T;,AA181T;,AA181T;,AA186T;
p.Ala186Val,AA181V;,AA181V;,AA181V;,AA186V;
p.Val187Gly,VA182G;,VA182G;,VA182G;,VA187G;
p.Val188Ile,VA183I;,VA183I;,VA183I;,VA188I;
p.Trp189Arg,WA184R;,WA184R;,WA184R;,WA189R;
p.Trp189Gly,WA184G;,WA184G;,WA184G;,WA189G;
p.Thr190Ser,TA185S;,TA185S;,TA185S;,TA190S;
p.Asp191Val,DA186V;,DA186V;,DA186V;,DA191V;
p.Val192Leu,VA187L;,VA187L;,VA187L;,VA192L;
p.Phe193Leu,FA188L;,FA188L;,FA188L;,FA193L;
p.Phe193Leu,FA188L;,FA188L;,FA188L;,FA193L;
p.Gln194His,QA189H;,QA189H;,QA189H;,QA194H;
p.Val195Phe,VA190F;,VA190F;,VA190F;,VA195F;
p.Val196Met,VA191M;,VA191M;,VA191M;,VA196M;
p.Val196Leu,VA191L;,VA191L;,VA191L;,VA196L;
p.Val197Leu,VA192L;,VA192L;,VA192L;,VA197L;
p.Val197Gly,VA192G;,VA192G;,VA192G;,VA197G;
p.Met198Val,MA193V;,MA193V;,MA193V;,MA198V;
p.Met198Thr,MA193T;,MA193T;,MA193T;,MA198T;
p.Leu199Pro,LA194P;,LA194P;,LA194P;,LA199P;
p.Ser200Arg,SA195R;,SA195R;,SA195R;,SA200R;
p.Gly201Ser,GA196S;,GA196S;,GA196S;,GA201S;
p.Gly201Ala,GA196A;,GA196A;,GA196A;,GA201A;
p.Trp203Cys,WA198C;,WA198C;,WA198C;,WA203C;
p.Val204Ile,VA199I;,VA199I;,VA199I;,VA204I;
p.Val205Phe,VA200F;,VA200F;,VA200F;,VA205F;
p.Ala207Val,AA202V;,AA202V;,AA202V;,AA207V;
p.Arg208Cys,RA203C;,RA203C;,RA203C;,RA208C;
p.Arg208Ser,RA203S;,RA203S;,RA203S;,RA208S;
p.Arg208Gly,RA203G;,RA203G;,RA203G;,RA208G;
p.Arg208His,RA203H;,RA203H;,RA203H;,RA208H;
p.Arg208Pro,RA203P;,RA203P;,RA203P;,RA208P;
p.Gly209Ser,GA204S;,GA204S;,GA204S;,GA209S;
p.Gly209Cys,GA204C;,GA204C;,GA204C;,GA209C;
p.Gly209Asp,GA204D;,GA204D;,GA204D;,GA209D;
p.Val210Ile,VA205I;,VA205I;,VA205I;,VA210I;
p.Val210Phe,VA205F;,VA205F;,VA205F;,VA210F;
p.Met211Leu,MA206L;,MA206L;,MA206L;,MA211L;
p.Met211Thr,MA206T;,MA206T;,MA206T;,MA211T;
p.Leu212Pro,LA207P;,LA207P;,LA207P;,LA212P;
p.Val213Leu,VA208L;,VA208L;,VA208L;,VA213L;
p.Val213Gly,VA208G;,VA208G;,VA208G;,VA213G;
p.Val213Ala,VA208A;,VA208A;,VA208A;,VA213A;
p.Gly214Ser,GA209S;,GA209S;,GA209S;,GA214S;
p.Gly214Asp,GA209D;,GA209D;,GA209D;,GA214D;
p.Gly215Arg,GA210R;,GA210R;,GA210R;,GA215R;
p.Pro216Thr,PA211T;,PA211T;,PA211T;,PA216T;
p.Pro216Ser,PA211S;,PA211S;,PA211S;,PA216S;
p.Arg217Cys,RA212C;,RA212C;,RA212C;,RA217C;
p.Arg217His,RA212H;,RA212H;,RA212H;,RA217H;
p.Val219Met,VA214M;,VA214M;,VA214M;,VA219M;
p.Val219Gly,VA214G;,VA214G;,VA214G;,VA219G;
p.Thr221Pro,TA216P;,TA216P;,TA216P;,TA221P;
p.Thr221Met,TA216M;,TA216M;,TA216M;,TA221M;
p.Thr221Lys,TA216K;,TA216K;,TA216K;,TA221K;
p.Thr221Arg,TA216R;,TA216R;,TA216R;,TA221R;
p.Ala223Ser,AA218S;,AA218S;,AA218S;,AA223S;
p.His226Gln,HA221Q;,HA221Q;,HA221Q;,HA226Q;
p.Ser227Thr,SA222T;,SA222T;,SA222T;,SA227T;
p.Ser227Phe,SA222F;,SA222F;,SA222F;,SA227F;
p.Arg228Gly,RA223G;,RA223G;,RA223G;,RA228G;
p.Arg228Trp,RA223W;,RA223W;,RA223W;,RA228W;
p.Arg228Gln,RA223Q;,RA223Q;,RA223Q;,RA228Q;
p.Ile229Val,IA224V;,IA224V;,IA224V;,IA229V;
p.Ile229Ser,IA224S;,IA224S;,IA224S;,IA229S;
p.Asn230Ser,NA225S;,NA225S;,NA225S;,NA230S;
p.Leu231Pro,LA226P;,LA226P;,LA226P;,LA231P;
p.Met232Arg,MA227R;,MA227R;,MA227R;,MA232R;
p.Met232Ile,MA227I;,MA227I;,MA227I;,MA232I;
p.Asp233Ala,DA228A;,DA228A;,DA228A;,DA233A;
p.Asp233Glu,DA228E;,DA228E;,DA228E;,DA233E;
p.Phe234Cys,FA229C;,FA229C;,FA229C;,FA234C;
p.Phe234Leu,FA229L;,FA229L;,FA229L;,FA234L;
p.Asn235Asp,NA230D;,NA230D;,NA230D;,NA235D;
p.Pro236Ser,PA231S;,PA231S;,PA231S;,PA236S;
p.Pro236Thr,PA231T;,PA231T;,PA231T;,PA236T;
p.Pro236Arg,PA231R;,PA231R;,PA231R;,PA236R;
p.Pro236Leu,PA231L;,PA231L;,PA231L;,PA236L;
p.Pro238Leu,PA233L;,PA233L;,PA233L;,PA238L;
p.Pro238Arg,PA233R;,PA233R;,PA233R;,PA238R;
p.Arg239Lys,RA234K;,RA234K;,RA234K;,RA239K;
p.Ser240Cys,SA235C;,SA235C;,SA235C;,SA240C;
p.Ser240Ile,SA235I;,SA235I;,SA235I;,SA240I;
p.Ser240Asn,SA235N;,SA235N;,SA235N;,SA240N;
p.Ser240Thr,SA235T;,SA235T;,SA235T;,SA240T;
p.Arg241Cys,RA236C;,RA236C;,RA236C;,RA241C;
p.Arg241His,RA236H;,RA236H;,RA236H;,RA241H;
p.Tyr242Cys,YA237C;,YA237C;,YA237C;,YA242C;
p.Tyr242Ser,YA237S;,YA237S;,YA237S;,YA242S;
p.Thr243Ala,TA238A;,TA238A;,TA238A;,TA243A;
p.Thr243Ile,TA238I;,TA238I;,TA238I;,TA243I;
p.Phe244Ser,FA239S;,FA239S;,FA239S;,FA244S;
p.Phe247Ile,FA242I;,FA242I;,FA242I;,FA247I;
p.Phe247Leu,FA242L;,FA242L;,FA242L;,FA247L;
p.Val248Leu,VA243L;,VA243L;,VA243L;,VA248L;
p.Val248Ala,VA243A;,VA243A;,VA243A;,VA248A;
p.Gly250Cys,GA245C;,GA245C;,GA245C;,GA250C;
p.Gly250Ala,GA245A;,GA245A;,GA245A;,GA250A;
p.Gly251Ser,GA246S;,GA246S;,GA246S;,GA251S;
p.Gly251Asp,GA246D;,GA246D;,GA246D;,GA251D;
p.Thr252Lys,TA247K;,TA247K;,TA247K;,TA252K;
p.Thr252Met,TA247M;,TA247M;,TA247M;,TA252M;
p.Leu256Ile,LA251I;,LA251I;,LA251I;,LA256I;
p.Leu256Phe,LA251F;,LA251F;,LA251F;,LA256F;
p.Met258Leu,MA253L;,MA253L;,MA253L;,MA258L;
p.Met258Val,MA253V;,MA253V;,MA253V;,MA258V;
p.Met258Ile,MA253I;,MA253I;,MA253I;,MA258I;
p.Tyr259Cys,YA254C;,YA254C;,YA254C;,YA259C;
p.Val261Met,VA256M;,VA256M;,VA256M;,VA261M;
p.Val261Ala,VA256A;,VA256A;,VA256A;,VA261A;
p.Asn262Ser,NA257S;,NA257S;,NA257S;,NA262S;
p.Asn262Lys,NA257K;,NA257K;,NA257K;,NA262K;
p.Ala264Ser,AA259S;,AA259S;,AA259S;,AA264S;
p.Ala264Glu,AA259E;,AA259E;,AA259E;,AA264E;
p.Ala264Val,AA259V;,AA259V;,AA259V;,AA264V;
p.Gln265Leu,QA260L;,QA260L;,QA260L;,QA265L;
p.Gln265Pro,QA260P;,QA260P;,QA260P;,QA265P;
p.Val266Met,VA261M;,VA261M;,VA261M;,VA266M;
p.Val266Leu,VA261L;,VA261L;,VA261L;,VA266L;
p.Val266Gly,VA261G;,VA261G;,VA261G;,VA266G;
p.Val266Glu,VA261E;,VA261E;,VA261E;,VA266E;
p.Gln267Glu,QA262E;,QA262E;,QA262E;,QA267E;
p.Gln267Arg,QA262R;,QA262R;,QA262R;,QA267R;
p.Gln267His,QA262H;,QA262H;,QA262H;,QA267H;
p.Arg268Ser,RA263S;,RA263S;,RA263S;,RA268S;
p.Arg268Cys,RA263C;,RA263C;,RA263C;,RA268C;
p.Arg268His,RA263H;,RA263H;,RA263H;,RA268H;
p.Val270Leu,VA265L;,VA265L;,VA265L;,VA270L;
p.Val270Met,VA265M;,VA265M;,VA265M;,VA270M;
p.Arg273Cys,RA268C;,RA268C;,RA268C;,RA273C;
p.Arg273His,RA268H;,RA268H;,RA268H;,RA273H;
p.Arg273Pro,RA268P;,RA268P;,RA268P;,RA273P;
p.Thr274Arg,TA269R;,TA269R;,TA269R;,TA274R;
p.Glu275Lys,EA270K;,EA270K;,EA270K;,EA275K;
p.Lys276Gln,KA271Q;,KA271Q;,KA271Q;,KA276Q;
p.Lys276Glu,KA271E;,KA271E;,KA271E;,KA276E;
p.Ala278Thr,AA273T;,AA273T;,AA273T;,AA278T;
p.Ala281Ser,AA276S;,AA276S;,AA276S;,AA281S;
p.Ala281Asp,AA276D;,AA276D;,AA276D;,AA281D;
p.Ala281Val,AA276V;,AA276V;,AA276V;,AA281V;
p.Ala281Gly,AA276G;,AA276G;,AA276G;,AA281G;
p.Ile284Phe,IA279F;,IA279F;,IA279F;,IA284F;
p.Ile284Val,IA279V;,IA279V;,IA279V;,IA284V;
p.Asn285Ser,NA280S;,NA280S;,NA280S;,NA285S;
p.Val287Ala,VA282A;,VA282A;,VA282A;,VA287A;
p.Gly288Ser,GA283S;,GA283S;,GA283S;,GA288S;
p.Gly288Cys,GA283C;,GA283C;,GA283C;,GA288C;
p.Gly288Asp,GA283D;,GA283D;,GA283D;,GA288D;
p.Gly288Val,GA283V;,GA283V;,GA283V;,GA288V;
p.Leu289Arg,LA284R;,LA284R;,LA284R;,LA289R;
p.Leu289Pro,LA284P;,LA284P;,LA284P;,LA289P;
p.Phe290Tyr,FA285Y;,FA285Y;,FA285Y;,FA290Y;
p.Leu291Arg,LA286R;,LA286R;,LA286R;,LA291R;
p.Val293Met,VA288M;,VA288M;,VA288M;,VA293M;
p.Val293Leu,VA288L;,VA288L;,VA288L;,VA293L;
p.Ser294Phe,SA289F;,SA289F;,SA289F;,SA294F;
p.Ala296Thr,AA291T;,AA291T;,AA291T;,AA296T;
p.Ala296Pro,AA291P;,AA291P;,AA291P;,AA296P;
p.Ala296Val,AA291V;,AA291V;,AA291V;,AA296V;
p.Ala297Val,AA292V;,AA292V;,AA292V;,AA297V;
p.Cys298Gly,CA293G;,CA293G;,CA293G;,CA298G;
p.Cys298Ser,CA293S;,CA293S;,CA293S;,CA298S;
p.Cys299Gly,CA294G;,CA294G;,CA294G;,CA299G;
p.Cys299Tyr,CA294Y;,CA294Y;,CA294Y;,CA299Y;
p.Gly300Asp,GA295D;,GA295D;,GA295D;,GA300D;
p.Ile301Val,IA296V;,IA296V;,IA296V;,IA301V;
p.Ile301Met,IA296M;,IA296M;,IA296M;,IA301M;
p.Val302Ile,VA297I;,VA297I;,VA297I;,VA302I;
p.Val302Leu,VA297L;,VA297L;,VA297L;,VA302L;
p.Met303Leu,MA298L;,MA298L;,MA298L;,MA303L;
p.Met303Leu,MA298L;,MA298L;,MA298L;,MA303L;
p.Met303Val,MA298V;,MA298V;,MA298V;,MA303V;
p.Phe304Cys,FA299C;,FA299C;,FA299C;,FA304C;
p.Phe304Ser,FA299S;,FA299S;,FA299S;,FA304S;
p.Val305Met,VA300M;,VA300M;,VA300M;,VA305M;
p.Val305Ala,VA300A;,VA300A;,VA300A;,VA305A;
p.Tyr307Cys,YA302C;,YA302C;,YA302C;,YA307C;
p.Thr308Ala,TA303A;,TA303A;,TA303A;,TA308A;
p.Asp309Tyr,DA304Y;,DA304Y;,DA304Y;,DA309Y;
p.Cys310Phe,CA305F;,CA305F;,CA305F;,CA310F;
p.Asp311Asn,DA306N;,DA306N;,DA306N;,DA311N;
p.Pro312Ser,PA307S;,PA307S;,PA307S;,PA312S;
p.Pro312Leu,PA307L;,PA307L;,PA307L;,PA312L;
p.Leu313Phe,LA308F;,LA308F;,LA308F;,LA313F;
p.Leu313Pro,LA308P;,LA308P;,LA308P;,LA313P;
p.Leu314Phe,LA309F;,LA309F;,LA309F;,LA314F;
p.Leu314Val,LA309V;,LA309V;,LA309V;,LA314V;
p.Leu314Ile,LA309I;,LA309I;,LA309I;,LA314I;
p.Leu315Gln,LA310Q;,LA310Q;,LA310Q;,LA315Q;
p.Arg317Ser,RA312S;,RA312S;,RA312S;,RA317S;
p.Arg317Gly,RA312G;,RA312G;,RA312G;,RA317G;
p.Arg317Cys,RA312C;,RA312C;,RA312C;,RA317C;
p.Arg317Leu,RA312L;,RA312L;,RA312L;,RA317L;
p.Arg317His,RA312H;,RA312H;,RA312H;,RA317H;
p.Ser319Pro,SA314P;,SA314P;,SA314P;,SA319P;
p.Ser319Cys,SA314C;,SA314C;,SA314C;,SA319C;
p.Ala320Thr,AA315T;,AA315T;,AA315T;,AA320T;
p.Pro321Ser,PA316S;,PA316S;,PA316S;,PA321S;
p.Asp322Val,DA317V;,DA317V;,DA317V;,DA322V;
p.Tyr324Asn,YA319N;,YA319N;,YA319N;,YA324N;
p.Tyr324His,YA319H;,YA319H;,YA319H;,YA324H;
p.Met325Val,MA320V;,MA320V;,MA320V;,MA325V;
p.Pro326Ser,PA321S;,PA321S;,PA321S;,PA326S;
p.Pro326Leu,PA321L;,PA321L;,PA321L;,PA326L;
p.Ile332Val,IA327V;,IA327V;,IA327V;,IA332V;
p.Phe333Leu,FA328L;,FA328L;,FA328L;,FA333L;
p.Glu334Gln,EA329Q;,EA329Q;,EA329Q;,EA334Q;
p.Glu334Lys,EA329K;,EA329K;,EA329K;,EA334K;
p.Asp335Tyr,DA330Y;,DA330Y;,DA330Y;,DA335Y;
p.Asp335Val,DA330V;,DA330V;,DA330V;,DA335V;
p.Asp335Gly,DA330G;,DA330G;,DA330G;,DA335G;
p.Pro337Ser,PA332S;,PA332S;,PA332S;,PA337S;
p.Pro337Leu,PA332L;,PA332L;,PA332L;,PA337L;
p.Val339Ala,VA334A;,VA334A;,VA334A;,VA339A;
p.Pro340Ser,PA335S;,PA335S;,PA335S;,PA340S;
p.Pro340Thr,PA335T;,PA335T;,PA335T;,PA340T;
p.Pro340Leu,PA335L;,PA335L;,PA335L;,PA340L;
p.Gly341Trp,GA336W;,GA336W;,GA336W;,GA341W;
p.Gly341Arg,GA336R;,GA336R;,GA336R;,GA341R;
p.Gly341Glu,GA336E;,GA336E;,GA336E;,GA341E;
p.Leu342Phe,LA337F;,LA337F;,LA337F;,LA342F;
p.Leu342Ile,LA337I;,LA337I;,LA337I;,LA342I;
p.Phe343Leu,FA338L;,FA338L;,FA338L;,FA343L;
p.Ala345Thr,AA340T;,AA340T;,AA340T;,AA345T;
p.Cys346Arg,CA341R;,CA341R;,CA341R;,CA346R;
p.Cys346Tyr,CA341Y;,CA341Y;,CA341Y;,CA346Y;
p.Ala347Val,AA342V;,AA342V;,AA342V;,AA347V;
p.Ser349Gly,SA344G;,SA344G;,SA344G;,SA349G;
p.Ser349Arg,SA344R;,SA344R;,SA344R;,SA349R;
p.Thr351Ala,TA346A;,TA346A;,TA346A;,TA351A;
p.Thr351Ile,TA346I;,TA346I;,TA346I;,TA351I;
p.Thr351Asn,TA346N;,TA346N;,TA346N;,TA351N;
p.Ser353Asn,SA348N;,SA348N;,SA348N;,SA353N;
p.Thr354Pro,TA349P;,TA349P;,TA349P;,TA354P;
p.Ala355Glu,AA350E;,AA350E;,AA350E;,AA355E;
p.Ser358Asn,SA353N;,SA353N;,SA353N;,SA358N;
p.Ala361Val,AA356V;,AA356V;,AA356V;,AA361V;
p.Met362Val,MA357V;,MA357V;,MA357V;,MA362V;
p.Met362Leu,MA357L;,MA357L;,MA357L;,MA362L;
p.Met362Thr,MA357T;,MA357T;,MA357T;,MA362T;
p.Met362Ile,MA357I;,MA357I;,MA357I;,MA362I;
p.Ala364Pro,AA359P;,AA359P;,AA359P;,AA364P;
p.Ala364Ser,AA359S;,AA359S;,AA359S;,AA364S;
p.Ala364Thr,AA359T;,AA359T;,AA359T;,AA364T;
p.Thr366Ala,TA361A;,TA361A;,TA361A;,TA366A;
p.Thr366Pro,TA361P;,TA361P;,TA361P;,TA366P;
p.Val367Ile,VA362I;,VA362I;,VA362I;,VA367I;
p.Val367Ala,VA362A;,VA362A;,VA362A;,VA367A;
p.Asp369Gly,DA364G;,DA364G;,DA364G;,DA369G;
p.Leu370Phe,LA365F;,LA365F;,LA365F;,LA370F;
p.Leu370Pro,LA365P;,LA365P;,LA365P;,LA370P;
p.Pro373Ser,PA368S;,PA368S;,PA368S;,PA373S;
p.Pro373Thr,PA368T;,PA368T;,PA368T;,PA373T;
p.Pro373Leu,PA368L;,PA368L;,PA368L;,PA373L;
p.Arg374Trp,RA369W;,RA369W;,RA369W;,RA374W;
p.Arg374Gln,RA369Q;,RA369Q;,RA369Q;,RA374Q;
p.Leu375Arg,LA370R;,LA370R;,LA370R;,LA375R;
p.Arg376Trp,RA371W;,RA371W;,RA371W;,RA376W;
p.Arg376Gln,RA371Q;,RA371Q;,RA371Q;,RA376Q;
p.Ser377Asn,SA372N;,SA372N;,SA372N;,SA377N;
p.Ser377Arg,SA372R;,SA372R;,SA372R;,SA377R;
p.Ala379Ser,AA374S;,AA374S;,AA374S;,AA379S;
p.Ala379Glu,AA374E;,AA374E;,AA374E;,AA379E;
p.Pro380Ser,PA375S;,PA375S;,PA375S;,PA380S;
p.Arg381Gly,RA376G;,RA376G;,RA376G;,RA381G;
p.Arg381Ser,RA376S;,RA376S;,RA376S;,RA381S;
p.Lys382Thr,KA377T;,KA377T;,KA377T;,KA382T;
p.Leu383Val,LA378V;,LA378V;,LA378V;,LA383V;
p.Val384Met,VA379M;,VA379M;,VA379M;,VA384M;
p.Val384Leu,VA379L;,VA379L;,VA379L;,VA384L;
p.Val384Ala,VA379A;,VA379A;,VA379A;,VA384A;
p.Ile385Phe,IA380F;,IA380F;,IA380F;,IA385F;
p.Ile385Thr,IA380T;,IA380T;,IA380T;,IA385T;
p.Ile385Ser,IA380S;,IA380S;,IA380S;,IA385S;
p.Gly389Arg,GA384R;,GA384R;,GA384R;,GA389R;
p.Gly389Val,GA384V;,GA384V;,GA384V;,GA389V;
p.Gly389Ala,GA384A;,GA384A;,GA384A;,GA389A;
p.Leu390Phe,LA385F;,LA385F;,LA385F;,LA390F;
p.Ser391Leu,SA386L;,SA386L;,SA386L;,SA391L;
p.Leu392Phe,LA387F;,LA387F;,LA387F;,LA392F;
p.Ile393Ser,IA388S;,IA388S;,IA388S;,IA393S;
p.Gly395Arg,GA390R;,GA390R;,GA390R;,GA395R;
p.Gly395Glu,GA390E;,GA390E;,GA390E;,GA395E;
p.Ser396Leu,SA391L;,SA391L;,SA391L;,SA396L;
p.Ala397Pro,AA392P;,AA392P;,AA392P;,AA397P;
p.Ala397Ser,AA392S;,AA392S;,AA392S;,AA397S;
p.Ala397Val,AA392V;,AA392V;,AA392V;,AA397V;
p.Cys398Arg,CA393R;,CA393R;,CA393R;,CA398R;
p.Cys398Tyr,CA393Y;,CA393Y;,CA393Y;,CA398Y;
p.Thr400Ser,TA395S;,TA395S;,TA395S;,TA400S;
p.Val401Met,VA396M;,VA396M;,VA396M;,VA401M;
p.Val401Leu,VA396L;,VA396L;,VA396L;,VA401L;
p.Val401Leu,VA396L;,VA396L;,VA396L;,VA401L;
p.Val401Ala,VA396A;,VA396A;,VA396A;,VA401A;
p.Ala402Thr,AA397T;,AA397T;,AA397T;,AA402T;
p.Ala402Ser,AA397S;,AA397S;,AA397S;,AA402S;
p.Ala402Val,AA397V;,AA397V;,AA397V;,AA402V;
p.Ala403Asp,AA398D;,AA398D;,AA398D;,AA403D;
p.Ser405Phe,SA400F;,SA400F;,SA400F;,SA405F;
p.Ser405Tyr,SA400Y;,SA400Y;,SA400Y;,SA405Y;
p.Ser405Cys,SA400C;,SA400C;,SA400C;,SA405C;
p.Ser406Thr,SA401T;,SA401T;,SA401T;,SA406T;
p.Leu408Phe,LA403F;,LA403F;,LA403F;,LA408F;
p.Leu408Ile,LA403I;,LA403I;,LA403I;,LA408I;
p.Leu408Pro,LA403P;,LA403P;,LA403P;,LA408P;
p.Gly409Arg,GA404R;,GA404R;,GA404R;,GA409R;
p.Gly410Arg,GA405R;,GA405R;,GA405R;,GA410R;
p.Gly410Arg,GA405R;,GA405R;,GA405R;,GA410R;
p.Gly411Ser,GA406S;,GA406S;,GA406S;,GA411S;
p.Gly411Val,GA406V;,GA406V;,GA406V;,GA411V;
p.Val412Ile,VA407I;,VA407I;,VA407I;,VA412I;
p.Gln414His,QA409H;,QA409H;,QA409H;,QA414H;
p.Gln414His,QA409H;,QA409H;,QA409H;,QA414H;
p.Ser416Phe,SA411F;,SA411F;,SA411F;,SA416F;
p.Phe417Ser,FA412S;,FA412S;,FA412S;,FA417S;
p.Val419Ile,VA414I;,VA414I;,VA414I;,VA419I;
p.Val419Asp,VA414D;,VA414D;,VA414D;,VA419D;
p.Met420Leu,MA415L;,MA415L;,MA415L;,MA420L;
p.Met420Val,MA415V;,MA415V;,MA415V;,MA420V;
p.Met420Thr,MA415T;,MA415T;,MA415T;,MA420T;
p.Met420Lys,MA415K;,MA415K;,MA415K;,MA420K;
p.Met420Ile,MA415I;,MA415I;,MA415I;,MA420I;
p.Met420Ile,MA415I;,MA415I;,MA415I;,MA420I;
p.Val422Leu,VA417L;,VA417L;,VA417L;,VA422L;
p.Val422Ile,VA417I;,VA417I;,VA417I;,VA422I;
p.Ile423Thr,IA418T;,IA418T;,IA418T;,IA423T;
p.Ser424Arg,SA419R;,SA419R;,SA419R;,SA424R;
p.Gly425Cys,GA420C;,GA420C;,GA420C;,GA425C;
p.Gly425Ser,GA420S;,GA420S;,GA420S;,GA425S;
p.Gly425Ala,GA420A;,GA420A;,GA420A;,GA425A;
p.Pro426Leu,PA421L;,PA421L;,PA421L;,PA426L;
p.Leu427Gln,LA422Q;,LA422Q;,LA422Q;,LA427Q;
p.Leu428Met,LA423M;,LA423M;,LA423M;,LA428M;
p.Leu428Arg,LA423R;,LA423R;,LA423R;,LA428R;
p.Leu428Pro,LA423P;,LA423P;,LA423P;,LA428P;
p.Ala430Pro,AA425P;,AA425P;,AA425P;,AA430P;
p.Ala430Ser,AA425S;,AA425S;,AA425S;,AA430S;
p.Ala430Asp,AA425D;,AA425D;,AA425D;,AA430D;
p.Phe431Leu,FA426L;,FA426L;,FA426L;,FA431L;
p.Phe431Ser,FA426S;,FA426S;,FA426S;,FA431S;
p.Ile432Val,IA427V;,IA427V;,IA427V;,IA432V;
p.Ile432Thr,IA427T;,IA427T;,IA427T;,IA432T;
p.Ile432Asn,IA427N;,IA427N;,IA427N;,IA432N;
p.Gly434Ala,GA429A;,GA429A;,GA429A;,GA434A;
p.Met435Leu,MA430L;,MA430L;,MA430L;,MA435L;
p.Met435Thr,MA430T;,MA430T;,MA430T;,MA435T;
p.Phe436Tyr,FA431Y;,FA431Y;,FA431Y;,FA436Y;
p.Phe436Cys,FA431C;,FA431C;,FA431C;,FA436C;
p.Phe436Leu,FA431L;,FA431L;,FA431L;,FA436L;
p.Leu437Pro,LA432P;,LA432P;,LA432P;,LA437P;
p.Pro438Leu,PA433L;,PA433L;,PA433L;,PA438L;
p.Ala439Pro,AA434P;,AA434P;,AA434P;,AA439P;
p.Ala439Asp,AA434D;,AA434D;,AA434D;,AA439D;
p.Cys440Gly,CA435G;,CA435G;,CA435G;,CA440G;
p.Cys440Arg,CA435R;,CA435R;,CA435R;,CA440R;
p.Cys440Ser,CA435S;,CA435S;,CA435S;,CA440S;
p.Cys440Tyr,CA435Y;,CA435Y;,CA435Y;,CA440Y;
p.Asn441Ser,NA436S;,NA436S;,NA436S;,NA441S;
p.Asn441Lys,NA436K;,NA436K;,NA436K;,NA441K;
p.Thr442Ala,TA437A;,TA437A;,TA437A;,TA442A;
p.Thr442Lys,TA437K;,TA437K;,TA437K;,TA442K;
p.Pro443Thr,PA438T;,PA438T;,PA438T;,PA443T;
p.Pro443Ala,PA438A;,PA438A;,PA438A;,PA443A;
p.Pro443Ser,PA438S;,PA438S;,PA438S;,PA443S;
p.Pro443Leu,PA438L;,PA438L;,PA438L;,PA443L;
p.Gly444Val,GA439V;,GA439V;,GA439V;,GA444V;
p.Val445Ile,VA440I;,VA440I;,VA440I;,VA445I;
p.Val445Phe,VA440F;,VA440F;,VA440F;,VA445F;
p.Val445Ala,VA440A;,VA440A;,VA440A;,VA445A;
p.Leu446Ile,LA441I;,LA441I;,LA441I;,LA446I;
p.Leu446Phe,LA441F;,LA441F;,LA441F;,LA446F;
p.Ala447Pro,AA442P;,AA442P;,AA442P;,AA447P;
p.Ala447Thr,AA442T;,AA442T;,AA442T;,AA447T;
p.Ala447Gly,AA442G;,AA442G;,AA442G;,AA447G;
p.Ala447Val,AA442V;,AA442V;,AA442V;,AA447V;
p.Leu449Ile,LA444I;,LA444I;,LA444I;,LA449I;
p.Gly450Arg,GA445R;,GA445R;,GA445R;,GA450R;
p.Gly450Ser,GA445S;,GA445S;,GA445S;,GA450S;
p.Ala451Thr,AA446T;,AA446T;,AA446T;,AA451T;
p.Ala451Val,AA446V;,AA446V;,AA446V;,AA451V;
p.Gly452Ser,GA447S;,GA447S;,GA447S;,GA452S;
p.Gly452Arg,GA447R;,GA447R;,GA447R;,GA452R;
p.Gly452Asp,GA447D;,GA447D;,GA447D;,GA452D;
p.Gly452Val,GA447V;,GA447V;,GA447V;,GA452V;
p.Leu453Ser,LA448S;,LA448S;,LA448S;,LA453S;
p.Ala454Thr,AA449T;,AA449T;,AA449T;,AA454T;
p.Ala454Pro,AA449P;,AA449P;,AA449P;,AA454P;
p.Ala454Glu,AA449E;,AA449E;,AA449E;,AA454E;
p.Ala454Val,AA449V;,AA449V;,AA449V;,AA454V;
p.Ser456Pro,SA451P;,SA451P;,SA451P;,SA456P;
p.Trp458Ser,WA453S;,WA453S;,WA453S;,WA458S;
p.Trp458Leu,WA453L;,WA453L;,WA453L;,WA458L;
p.Ala460Val,AA455V;,AA455V;,AA455V;,AA460V;
p.Gly462Ala,GA457A;,GA457A;,GA457A;,GA462A;
p.Ala463Thr,AA458T;,AA458T;,AA458T;,AA463T;
p.Ala463Asp,AA458D;,AA458D;,AA458D;,AA463D;
p.Thr464Ala,TA459A;,TA459A;,TA459A;,TA464A;
p.Pro467Ala,PA462A;,PA462A;,PA462A;,PA467A;
p.Pro467Leu,PA462L;,PA462L;,PA462L;,PA467L;
p.Pro468Ala,PA463A;,PA463A;,PA463A;,PA468A;
p.Pro468Leu,PA463L;,PA463L;,PA463L;,PA468L;
p.Ser469Gly,SA464G;,SA464G;,SA464G;,SA469G;
p.Ser469Arg,SA464R;,SA464R;,SA464R;,SA469R;
p.Ser469Arg,SA464R;,SA464R;,SA464R;,SA469R;
p.Glu470Lys,EA465K;,EA465K;,EA465K;,EA470K;
p.Glu470Gly,EA465G;,EA465G;,EA465G;,EA470G;
p.Glu470Asp,EA465D;,EA465D;,EA465D;,EA470D;
p.Thr472Pro,TA467P;,TA467P;,TA467P;,TA472P;
p.Thr472Asn,TA467N;,TA467N;,TA467N;,TA472N;
p.Met473Val,MA468V;,MA468V;,MA468V;,MA473V;
p.Met473Thr,MA468T;,MA468T;,MA468T;,MA473T;
p.Met473Ile,MA468I;,MA468I;,MA468I;,MA473I;
p.Met473Ile,MA468I;,MA468I;,MA468I;,MA473I;
p.Arg474Met,RA469M;,RA469M;,RA469M;,RA474M;
p.Arg474Lys,RA469K;,RA469K;,RA469K;,RA474K;
p.Val475Ala,VA470A;,VA470A;,VA470A;,VA475A;
p.Leu476Val,LA471V;,LA471V;,LA471V;,LA476V;
p.Ala481Asp,AA476D;,AA476D;,AA476D;,AA481D;
p.Ala481Val,AA476V;,AA476V;,AA476V;,AA481V;
p.Arg482Pro,RA477P;,RA477P;,RA477P;,RA482P;
p.Arg482His,RA477H;,RA477H;,RA477H;,RA482H;
p.Val484Met,VA479M;,VA479M;,VA479M;,VA484M;
p.Ala485Thr,AA480T;,AA480T;,AA480T;,AA485T;
p.Leu486Val,LA481V;,LA481V;,LA481V;,LA486V;
p.Val488Leu,VA483L;,VA483L;,VA483L;,VA488L;
p.Ala490Pro,AA485P;,AA485P;,AA485P;,AA490P;
p.Ala490Thr,AA485T;,AA485T;,AA485T;,AA490T;
p.Ala490Val,AA485V;,AA485V;,AA485V;,AA490V;
p.Leu493Ile,LA488I;,LA488I;,LA488I;,LA493I;
p.Leu493Pro,LA488P;,LA488P;,LA488P;,LA493P;
p.Leu494Val,LA489V;,LA489V;,LA489V;,LA494V;
p.Leu494Arg,LA489R;,LA489R;,LA489R;,LA494R;
p.Asp495His,DA490H;,DA490H;,DA490H;,DA495H;
p.Asp495Tyr,DA490Y;,DA490Y;,DA490Y;,DA495Y;
p.Pro496Thr,PA491T;,PA491T;,PA491T;,PA496T;
p.Pro496Gln,PA491Q;,PA491Q;,PA491Q;,PA496Q;
p.Pro496Arg,PA491R;,PA491R;,PA491R;,PA496R;
p.Pro496Leu,PA491L;,PA491L;,PA491L;,PA496L;
p.Ala497Thr,AA492T;,AA492T;,AA492T;,AA497T;
p.Ala497Val,AA492V;,AA492V;,AA492V;,AA497V;
p.Leu498Phe,LA493F;,LA493F;,LA493F;,LA498F;
p.Leu498Val,LA493V;,LA493V;,LA493V;,LA498V;
p.Pro500Arg,PA495R;,PA495R;,PA495R;,PA500R;
p.Pro500Leu,PA495L;,PA495L;,PA495L;,PA500L;
p.Ala501Val,AA496V;,AA496V;,AA496V;,AA501V;
p.Asn502Asp,NA497D;,NA497D;,NA497D;,NA502D;
p.Asn502Lys,NA497K;,NA497K;,NA497K;,NA502K;
p.Asp503Asn,DA498N;,DA498N;,DA498N;,DA503N;
p.Ser504Pro,SA499P;,SA499P;,SA499P;,SA504P;
p.Ser505Gly,SA500G;,SA500G;,SA500G;,SA505G;
p.Ser505Ile,SA500I;,SA500I;,SA500I;,SA505I;
p.Arg506Thr,RA501T;,RA501T;,RA501T;,RA506T;
p.Ala507Val,AA502V;,AA502V;,AA502V;,AA507V;
p.Ala507Asp,AA502D;,AA502D;,AA502D;,AA507D;
p.Pro508Thr,PA503T;,PA503T;,PA503T;,PA508T;
p.Pro508Arg,PA503R;,PA503R;,PA503R;,PA508R;
p.Pro508Leu,PA503L;,PA503L;,PA503L;,PA508L;
p.Ser509Gly,SA504G;,SA504G;,SA504G;,SA509G;
p.Ser510Leu,SA505L;,SA505L;,SA505L;,SA510L;
p.Gly511Glu,GA506E;,GA506E;,GA506E;,GA511E;
p.Met512Ile,MA507I;,MA507I;,MA507I;,MA512I;
p.Ala514Thr,AA509T;,AA509T;,AA509T;,AA514T;
p.Ala514Ser,AA509S;,AA509S;,AA509S;,AA514S;
p.Ala514Val,AA509V;,AA509V;,AA509V;,AA514V;
p.Ser515Asn,SA510N;,SA510N;,SA510N;,SA515N;
p.Ser515Thr,SA510T;,SA510T;,SA510T;,SA515T;
p.Arg516Leu,RA511L;,RA511L;,RA511L;,RA516L;
p.Arg516Gln,RA511Q;,RA511Q;,RA511Q;,RA516Q;
p.Pro517Thr,PA512T;,PA512T;,PA512T;,PA517T;
p.Ala518Ser,AA513S;,AA513S;,AA513S;,AA518S;
p.Ala518Thr,AA513T;,AA513T;,AA513T;,AA518T;
p.Ala518Val,AA513V;,AA513V;,AA513V;,AA518V;
p.Leu519Ile,LA514I;,LA514I;,LA514I;,LA519I;
p.Ala520Gly,AA515G;,AA515G;,AA515G;,AA520G;
p.Asp521Gly,DA516G;,DA516G;,DA516G;,DA521G;
p.Asp521Ala,DA516A;,DA516A;,DA516A;,DA521A;
p.Ser522Gly,SA517G;,SA517G;,SA517G;,SA522G;
p.Ser522Ile,SA517I;,SA517I;,SA517I;,SA522I;
p.Phe523Ile,FA518I;,FA518I;,FA518I;,FA523I;
p.Tyr524His,YA519H;,YA519H;,YA519H;,YA524H;
p.Tyr524Cys,YA519C;,YA519C;,YA519C;,YA524C;
p.Ala525Val,AA520V;,AA520V;,AA520V;,AA525V;
p.Ile526Val,IA521V;,IA521V;,IA521V;,IA526V;
p.Ser527Cys,SA522C;,SA522C;,SA522C;,SA527C;
p.Tyr528His,YA523H;,YA523H;,YA523H;,YA528H;
p.Leu529Phe,LA524F;,LA524F;,LA524F;,LA529F;
p.Leu529Arg,LA524R;,LA524R;,LA524R;,LA529R;
p.Tyr530His,YA525H;,YA525H;,YA525H;,YA530H;
p.Tyr530Cys,YA525C;,YA525C;,YA525C;,YA530C;
p.Gly532Cys,GA527C;,GA527C;,GA527C;,GA532C;
p.Gly532Ser,GA527S;,GA527S;,GA527S;,GA532S;
p.Ala533Thr,AA528T;,AA528T;,AA528T;,AA533T;
p.Ala533Asp,AA528D;,AA528D;,AA528D;,AA533D;
p.Leu534Pro,LA529P;,LA529P;,LA529P;,LA534P;
p.Gly535Ser,GA530S;,GA530S;,GA530S;,GA535S;
p.Gly535Asp,GA530D;,GA530D;,GA530D;,GA535D;
p.Thr536Met,TA531M;,TA531M;,TA531M;,TA536M;
p.Leu537Val,LA532V;,LA532V;,LA532V;,LA537V;
p.Leu537Pro,LA532P;,LA532P;,LA532P;,LA537P;
p.Thr538Ser,TA533S;,TA533S;,TA533S;,TA538S;
p.Leu541Pro,LA536P;,LA536P;,LA536P;,LA541P;
p.Gly543Arg,GA538R;,GA538R;,GA538R;,GA543R;
p.Ala544Asp,AA539D;,AA539D;,AA539D;,AA544D;
p.Leu545Phe,LA540F;,LA540F;,LA540F;,LA545F;
p.Ile546Leu,IA541L;,IA541L;,IA541L;,IA546L;
p.Ser547Gly,SA542G;,SA542G;,SA542G;,SA547G;
p.Ser547Ile,SA542I;,SA542I;,SA542I;,SA547I;
p.Cys548Tyr,CA543Y;,CA543Y;,CA543Y;,CA548Y;
p.Thr550Arg,TA545R;,TA545R;,TA545R;,TA550R;
p.Gly551Arg,GA546R;,GA546R;,GA546R;,GA551R;
p.Gly551Cys,GA546C;,GA546C;,GA546C;,GA551C;
p.Gly551Asp,GA546D;,GA546D;,GA546D;,GA551D;
p.Pro552Ser,PA547S;,PA547S;,PA547S;,PA552S;
p.Pro552Leu,PA547L;,PA547L;,PA547L;,PA552L;
p.Thr553Asn,TA548N;,TA548N;,TA548N;,TA553N;
p.Lys554Arg,KA549R;,KA549R;,KA549R;,KA554R;
p.Lys554Asn,KA549N;,KA549N;,KA549N;,KA554N;
p.Arg555Cys,RA550C;,RA550C;,RA550C;,RA555C;
p.Arg555Leu,RA550L;,RA550L;,RA550L;,RA555L;
p.Arg555His,RA550H;,RA550H;,RA550H;,RA555H;
p.Arg555Pro,RA550P;,RA550P;,RA550P;,RA555P;
p.Ser556Asn,SA551N;,SA551N;,SA551N;,SA556N;
p.Thr557Ile,TA552I;,TA552I;,TA552I;,TA557I;
p.Ala559Asp,AA554D;,AA554D;,AA554D;,AA559D;
p.Pro560Ala,PA555A;,PA555A;,PA555A;,PA560A;
p.Pro560Leu,PA555L;,PA555L;,PA555L;,PA560L;
p.Gly561Glu,GA556E;,GA556E;,GA556E;,GA561E;
p.Trp564Arg,WA559R;,WA559R;,WA559R;,WA564R;
p.Trp564Ser,WA559S;,WA559S;,WA559S;,WA564S;
p.Asp566Glu,DA561E;,DA561E;,DA561E;,DA566E;
p.Leu567Ile,LA562I;,LA562I;,LA562I;,LA567I;
p.Ala568Pro,AA563P;,AA563P;,AA563P;,AA568P;
p.Ala568Thr,AA563T;,AA563T;,AA563T;,AA568T;
p.Arg569Trp,RA564W;,RA564W;,RA564W;,RA569W;
p.Arg569Gln,RA564Q;,RA564Q;,RA564Q;,RA569Q;
p.Gln570His,QA565H;,QA565H;,QA565H;,QA570H;
p.Thr571Ile,TA566I;,TA566I;,TA566I;,TA571I;
p.Ala572Val,AA567V;,AA567V;,AA567V;,AA572V;
p.Pro576Ser,PA571S;,PA571S;,PA571S;,PA576S;
p.Lys577Glu,KA572E;,KA572E;,KA572E;,KA577E;
p.Lys577Arg,KA572R;,KA572R;,KA572R;,KA577R;
p.Ala581Asp,AA576D;,AA576D;,AA576D;,AA581D;
p.Asp584Tyr,DA579Y;,DA579Y;,DA579Y;,DA584Y;
p.Asp584Ala,DA579A;,DA579A;,DA579A;,DA584A;
p.Asp585Gly,DA580G;,DA580G;,DA580G;,DA585G;
p.Asp585Glu,DA580E;,DA580E;,DA580E;,DA585E;
p.Asn586Ser,NA581S;,NA581S;,NA581S;,NA586S;
p.Leu587Phe,LA582F;,LA582F;,LA582F;,LA587F;
p.Val588Ile,VA583I;,VA583I;,VA583I;,VA588I;
p.Val588Asp,VA583D;,VA583D;,VA583D;,VA588D;
p.Lys589Glu,KA584E;,KA584E;,KA584E;,KA589E;
p.Lys589Asn,KA584N;,KA584N;,KA584N;,KA589N;
p.Gly590Arg,GA585R;,GA585R;,GA585R;,GA590R;
p.Gly590Ser,GA585S;,GA585S;,GA585S;,GA590S;
p.Glu592Val,EA587V;,EA587V;,EA587V;,EA592V;
p.Leu594Phe,LA589F;,LA589F;,LA589F;,LA594F;
p.Leu594Pro,LA589P;,LA589P;,LA589P;,LA594P;
p.Pro595Arg,PA590R;,PA590R;,PA590R;,PA595R;
p.Thr596Ala,TA591A;,TA591A;,TA591A;,TA596A;
p.Gly597Arg,GA592R;,GA592R;,GA592R;,GA597R;
p.Asn598Lys,NA593K;,NA593K;,NA593K;,NA598K;
p.Lys599Glu,KA594E;,KA594E;,KA594E;,KA599E;
p.Lys599Gln,KA594Q;,KA594Q;,KA594Q;,KA599Q;
p.Lys600Asn,KA595N;,KA595N;,KA595N;,KA600N;
p.Pro601Thr,PA596T;,PA596T;,PA596T;,PA601T;
p.Pro601Ser,PA596S;,PA596S;,PA596S;,PA601S;
p.Pro602Ser,PA597S;,PA597S;,PA597S;,PA602S;
p.Pro602Thr,PA597T;,PA597T;,PA597T;,PA602T;
p.Phe604Leu,FA599L;,FA599L;,FA599L;,FA604L;
p.Leu605Val,LA600V;,LA600V;,LA600V;,LA605V;
p.Pro606Thr,PA601T;,PA601T;,PA601T;,PA606T;
p.Pro606Leu,PA601L;,PA601L;,PA601L;,PA606L;
p.Thr607Ala,TA602A;,TA602A;,TA602A;,TA607A;
p.Thr607Ile,TA602I;,TA602I;,TA602I;,TA607I;
p.Asn608Ser,NA603S;,NA603S;,NA603S;,NA608S;
p.Asn608Lys,NA603K;,NA603K;,NA603K;,NA608K;
p.Glu609Lys,EA604K;,EA604K;,EA604K;,EA609K;
p.Arg611Ser,RA606S;,RA606S;,RA606S;,RA611S;
p.Arg611Cys,RA606C;,RA606C;,RA606C;,RA611C;
p.Arg611His,RA606H;,RA606H;,RA606H;,RA611H;
p.Phe614Ser,FA609S;,FA609S;,FA609S;,FA614S;
p.Phe614Leu,FA609L;,FA609L;,FA609L;,FA614L;
p.Leu615Phe,LA610F;,LA610F;,LA610F;,LA615F;
p.Gln617Arg,QA612R;,QA612R;,QA612R;,QA617R;
p.Lys618Met,KA613M;,KA613M;,KA613M;,KA618M;
p.Lys618Arg,KA613R;,KA613R;,KA613R;,KA618R;
p.Leu620Val,LA615V;,LA615V;,LA615V;,LA620V;
p.Leu620Pro,LA615P;,LA615P;,LA615P;,LA620P;
p.Glu621Lys,EA616K;,EA616K;,EA616K;,EA621K;
p.Glu621Gln,EA616Q;,EA616Q;,EA616Q;,EA621Q;
p.Glu621Asp,EA616D;,EA616D;,EA616D;,EA621D;
p.Gly622Arg,GA617R;,GA617R;,GA617R;,GA622R;
p.Gly622Glu,GA617E;,GA617E;,GA617E;,GA622E;
p.Gly622Val,GA617V;,GA617V;,GA617V;,GA622V;
p.Ala623Pro,AA618P;,AA618P;,AA618P;,AA623P;
p.Ala623Thr,AA618T;,AA618T;,AA618T;,AA623T;
p.Ala623Ser,AA618S;,AA618S;,AA618S;,AA623S;
p.Gly624Cys,GA619C;,GA619C;,GA619C;,GA624C;
p.Ser625Cys,SA620C;,SA620C;,SA620C;,SA625C;
p.Trp626Leu,WA621L;,WA621L;,WA621L;,WA626L;
p.Thr627Asn,TA622N;,TA622N;,TA622N;,TA627N;
p.Pro628Leu,PA623L;,PA623L;,PA623L;,PA628L;
p.Pro628His,PA623H;,PA623H;,PA623H;,PA628H;
p.Cys629Arg,CA624R;,CA624R;,CA624R;,CA629R;
p.Cys629Tyr,CA624Y;,CA624Y;,CA624Y;,CA629Y;
p.Gly631Val,GA626V;,GA626V;,GA626V;,GA631V;
p.Gly634Ser,GA629S;,GA629S;,GA629S;,GA634S;
p.Gly635Cys,GA630C;,GA630C;,GA630C;,GA635C;
p.Arg636Gln,RA631Q;,RA631Q;,RA631Q;,RA636Q;
p.Arg636Pro,RA631P;,RA631P;,RA631P;,RA636P;
p.Arg636Leu,RA631L;,RA631L;,RA631L;,RA636L;
p.Gln638Lys,QA633K;,QA633K;,QA633K;,QA638K;
p.Gln639Lys,QA634K;,QA634K;,QA634K;,QA639K;
p.Glu640Ala,EA635A;,EA635A;,EA635A;,EA640A;
p.Thr641Ile,TA636I;,TA636I;,TA636I;,TA641I;
p.Leu643Val,LA638V;,LA638V;,LA638V;,LA643V;
p.Gly51Alafs*45,GA46A;,GA46A;,GA46A;,GA51A;
p.Leu54Pro,LA49P;,LA49P;,LA49P;,LA54P;
p.Gly93Arg,GA88R;,GA88R;,GA88R;,GA93R;
p.Asn157Thrfs*3,NA152T;,NA152T;,NA152T;,NA157T;
p.Asp191Gly,DA186G;,DA186G;,DA186G;,DA191G;
p.Gly250Val,GA245V;,GA245V;,GA245V;,GA250V;
p.Gln263Leu,QA258L;,QA258L;,QA258L;,QA263L;
p.Gln265Arg,QA260R;,QA260R;,QA260R;,QA265R;
p.Val270Glu,VA265E;,VA265E;,VA265E;,VA270E;
p.Asp331Asn,DA326N;,DA326N;,DA326N;,DA331N;
p.Tyr348Asp,YA343D;,YA343D;,YA343D;,YA348D;
p.Gly350Asp,GA345D;,GA345D;,GA345D;,GA350D;
p.Ser356Phe,SA351F;,SA351F;,SA351F;,SA356F;
p.Asp369Val,DA364V;,DA364V;,DA364V;,DA369V;
p.Gly421Arg,GA416R;,GA416R;,GA416R;,GA421R;
p.Ser509Argfs*6,SA504R;,SA504R;,SA504R;,SA509R;
p.Gly543Glu,GA538E;,GA538E;,GA538E;,GA543E;
p.Ser547Arg,SA542R;,SA542R;,SA542R;,SA547R;
p.Leu562Met,LA557M;,LA557M;,LA557M;,LA562M;
