Variante_Final,ClinVar_Final_Classification,ClinVar_Final_Source,Variant_SAVY_S3,Position_SAVY_S3,Activity_SAVY_S3,Activity_num_SAVY_S3,Functional_Label_From_Activity,VEST4_SAVY_S3,REVEL_SAVY_S3,MutPred2_SAVY_S3,BayesDel_SAVY_S3,VARITY_R_SAVY_S3,ESM1b_SAVY_S3,AlphaMissense_SAVY_S3,References_SAVY_S3,Clinical_Group_Current
p.Gly18Arg,Uncertain significance,NCBI ClinVar,p.Gly18Arg,18,0.1,0.1,Functional pathogenic (<20% WT activity),"0,434","0,568","0,596","-0,123","0,307","-11,983","0,883",32805706,Uncertain_or_unclassified
p.Leu54Pro,Uncertain significance,gnomAD extract,p.Leu54Pro,54,0.1,0.1,Functional pathogenic (<20% WT activity),"0,633","0,713","0,940","0,085","0,960","-12,448","0,911",Here,Uncertain_or_unclassified
p.Val59Leu,Uncertain significance / not classified in gnomAD extract,gnomAD extract,p.Val59Leu,59,0.6,0.6,Functional benign (>50% WT activity),"0,679","0,716","0,765","-0,027","0,746","-7,758","0,789",18339708,Uncertain_or_unclassified
p.Gln72Glu,Uncertain significance / not classified in gnomAD extract,gnomAD extract,p.Gln72Glu,72,0.1,0.1,Functional pathogenic (<20% WT activity),"0,481","0,375","0,828","-0,148","0,748","-9,295","0,488",36517601,Uncertain_or_unclassified
p.Gly93Ser,Uncertain significance / not classified in gnomAD extract,gnomAD extract,p.Gly93Ser,93,0.8,0.8,Functional benign (>50% WT activity),"0,302","0,385","0,690","-0,218","0,197","-9,558","0,339",22011571,Uncertain_or_unclassified
p.Glu119Ala,Uncertain significance / not classified in gnomAD extract,gnomAD extract,p.Glu119Ala,119,0.9,0.9,Functional benign (>50% WT activity),"0,266","0,768","0,769","0,005","0,530","-10,102","0,445",23690546,Uncertain_or_unclassified
p.Gln194His,Uncertain significance / not classified in gnomAD extract,gnomAD extract,p.Gln194His,194,0.1,0.1,Functional pathogenic (<20% WT activity),"0,939","0,902","0,916","0,349","0,652","-13,636","0,992",27562170,Uncertain_or_unclassified
p.Ser200Arg,Uncertain significance / not classified in gnomAD extract,gnomAD extract,p.Ser200Arg,200,0.1,0.1,Functional pathogenic (<20% WT activity),"0,503","0,471","0,424","-0,220","0,599","-14,023","0,958",16105966,Uncertain_or_unclassified
p.Asp233Ala,Uncertain significance / not classified in gnomAD extract,gnomAD extract,p.Asp233Ala,233,0.1,0.1,Functional pathogenic (<20% WT activity),"0,790","0,862","0,909","0,299","0,902","-11,284","0,570",21092238,Uncertain_or_unclassified
p.Gln267Arg,Uncertain significance / not classified in gnomAD extract,gnomAD extract,p.Gln267Arg,267,0.1,0.1,Functional pathogenic (<20% WT activity),"0,926","0,921","0,906","0,444","0,974","-12,829","0,982",14734652,Uncertain_or_unclassified
p.Val270Leu,Uncertain significance / not classified in gnomAD extract,gnomAD extract,p.Val270Leu,270,0.7,0.7,Functional benign (>50% WT activity),"0,341","0,251","0,315","-0,348","0,293","-3,553","0,320",26204134,Uncertain_or_unclassified
p.Arg273Cys,Uncertain significance / not classified in gnomAD extract,gnomAD extract,p.Arg273Cys,273,0.8,0.8,Functional benign (>50% WT activity),"0,576","0,494","0,417","-0,083","0,624","-9,746","0,155",Here,Uncertain_or_unclassified
p.Ala320Thr,Uncertain significance,NCBI ClinVar,p.Ala320Thr,320,1.0,1.0,Functional benign (>50% WT activity),"0,479","0,458","0,625","-0,142","0,184","-8,175","0,102",Here,Uncertain_or_unclassified
p.Thr351Ala,Uncertain significance / not classified in gnomAD extract,gnomAD extract,p.Thr351Ala,351,0.1,0.1,Functional pathogenic (<20% WT activity),"0,427","0,589","0,659","-0,047","0,451","-5,599","0,818",17606623,Uncertain_or_unclassified
p.Thr366Ala,Uncertain significance / not classified in gnomAD extract,gnomAD extract,p.Thr366Ala,366,1.0,1.0,Functional benign (>50% WT activity),"0,860","0,686","0,769","0,064","0,378","-9,245","0,621",17606623,Uncertain_or_unclassified
p.Arg376Trp,Uncertain significance,NCBI ClinVar,p.Arg376Trp,376,0.9,0.9,Functional benign (>50% WT activity),"0,176","0,422","0,199","-0,204","0,180","-7,516","0,118",Here,Uncertain_or_unclassified
p.Gly395Glu,Uncertain significance / not classified in gnomAD extract,gnomAD extract,p.Gly395Glu,395,0.1,0.1,Functional pathogenic (<20% WT activity),"0,847","0,927","0,942","0,418","0,972","-16,096","0,999",12145342,Uncertain_or_unclassified
p.Cys440Ser,Uncertain significance / not classified in gnomAD extract,gnomAD extract,p.Cys440Ser,440,0.8,0.8,Functional benign (>50% WT activity),"0,248","0,308","0,519","-0,339","0,326","-7,481","0,165",23690546,Uncertain_or_unclassified
p.Gly543Arg,Uncertain significance / not classified in gnomAD extract,gnomAD extract,p.Gly543Arg,543,0.1,0.1,Functional pathogenic (<20% WT activity),"0,951","0,781","0,928","0,283","0,783","-15,802","0,981",15976004,Uncertain_or_unclassified
p.Pro560Leu,Uncertain significance / not classified in gnomAD extract,gnomAD extract,p.Pro560Leu,560,0.9,0.9,Functional benign (>50% WT activity),"0,570","0,514","0,753","-0,110","0,240","-11,655","0,127",Here,Uncertain_or_unclassified
p.Arg569Trp,Uncertain significance,NCBI ClinVar,p.Arg569Trp,569,1.0,1.0,Functional benign (>50% WT activity),"0,258","0,302","0,468","-0,273","0,146","-9,662","0,101",Here,Uncertain_or_unclassified
