Variant,Position,VEST4,REVEL,MutPred2,BayesDel,VARITY_R,ESM1b,AlphaMissense,Activity,References (PMID),Variant_Key,VEST4_num,REVEL_num,MutPred2_num,BayesDel_num,VARITY_R_num,ESM1b_num,AlphaMissense_num,Activity_num,Functional_Label_From_Activity,Source_SAVY_S3
p.Gly18Arg,18,"0,434","0,568","0,596","-0,123","0,307","-11,983","0,883",0.1,32805706,P.GLY18ARG,0.434,0.568,0.596,-0.123,0.307,-11.983,0.883,0.1,Functional pathogenic (<20% WT activity),Mariano/Nicola Supplemental Table 3 functional dataset
p.Ser43Thr,43,"0,051","0,212","0,285","-0,491","0,113","-2,566","0,078",0.9,17913707,P.SER43THR,0.051,0.212,0.285,-0.491,0.113,-2.566,0.078,0.9,Functional benign (>50% WT activity),Mariano/Nicola Supplemental Table 3 functional dataset
p.Leu54Pro,54,"0,633","0,713","0,940","0,085","0,960","-12,448","0,911",0.1,Here,P.LEU54PRO,0.633,0.713,0.94,0.085,0.96,-12.448,0.911,0.1,Functional pathogenic (<20% WT activity),Mariano/Nicola Supplemental Table 3 functional dataset
p.Val59Ala,59,"0,733","0,860","0,831","-0,008","0,740","-10,186","0,734",0.6,18339708,P.VAL59ALA,0.733,0.86,0.831,-0.008,0.74,-10.186,0.734,0.6,Functional benign (>50% WT activity),Mariano/Nicola Supplemental Table 3 functional dataset
p.Val59Met,59,"0,687","0,720","0,777","0,008","0,654","-8,484","0,772",0.5,18339708,P.VAL59MET,0.687,0.72,0.777,0.008,0.654,-8.484,0.772,0.5,Functional intermediate (20-50% WT activity),Mariano/Nicola Supplemental Table 3 functional dataset
p.Val59Leu,59,"0,679","0,716","0,765","-0,027","0,746","-7,758","0,789",0.6,18339708,P.VAL59LEU,0.679,0.716,0.765,-0.027,0.746,-7.758,0.789,0.6,Functional benign (>50% WT activity),Mariano/Nicola Supplemental Table 3 functional dataset
p.Val59Glu,59,"0,971","0,913","0,940","0,264","0,968","-17,351","0,983",0.1,18339708,P.VAL59GLU,0.971,0.913,0.94,0.264,0.968,-17.351,0.983,0.1,Functional pathogenic (<20% WT activity),Mariano/Nicola Supplemental Table 3 functional dataset
p.Ser66Thr,66,"0,330","0,645","0,628","-0,149","0,832","-10,023","0,687",0.4,27562170,P.SER66THR,0.33,0.645,0.628,-0.149,0.832,-10.023,0.687,0.4,Functional intermediate (20-50% WT activity),Mariano/Nicola Supplemental Table 3 functional dataset
p.Ser66Ala,66,"0,736","0,787","0,705","0,049","0,909","-10,963","0,871",0.4,27562170,P.SER66ALA,0.736,0.787,0.705,0.049,0.909,-10.963,0.871,0.4,Functional intermediate (20-50% WT activity),Mariano/Nicola Supplemental Table 3 functional dataset
p.Ser66Cys,66,"0,850","0,927","0,872","0,190","0,890","-12,337","0,983",0.2,27562170,P.SER66CYS,0.85,0.927,0.872,0.19,0.89,-12.337,0.983,0.2,Functional intermediate (20-50% WT activity),Mariano/Nicola Supplemental Table 3 functional dataset
p.Gln72Glu,72,"0,481","0,375","0,828","-0,148","0,748","-9,295","0,488",0.1,36517601,P.GLN72GLU,0.481,0.375,0.828,-0.148,0.748,-9.295,0.488,0.1,Functional pathogenic (<20% WT activity),Mariano/Nicola Supplemental Table 3 functional dataset
p.Gln72His,72,"0,484","0,613","0,831","-0,094","0,665","-9,003","0,971",0.1,36517601,P.GLN72HIS,0.484,0.613,0.831,-0.094,0.665,-9.003,0.971,0.1,Functional pathogenic (<20% WT activity),Mariano/Nicola Supplemental Table 3 functional dataset
p.Glu79Ala,79,"0,856","0,879","0,876","0,107","0,910","-13,246","0,938",0.1,21092238,P.GLU79ALA,0.856,0.879,0.876,0.107,0.91,-13.246,0.938,0.1,Functional pathogenic (<20% WT activity),Mariano/Nicola Supplemental Table 3 functional dataset
p.Gly93Ala,93,"0,236","0,300","0,701","-0,261","0,193","-8,192","0,294",0.8,22011571,P.GLY93ALA,0.236,0.3,0.701,-0.261,0.193,-8.192,0.294,0.8,Functional benign (>50% WT activity),Mariano/Nicola Supplemental Table 3 functional dataset
p.Gly93Ser,93,"0,302","0,385","0,690","-0,218","0,197","-9,558","0,339",0.8,22011571,P.GLY93SER,0.302,0.385,0.69,-0.218,0.197,-9.558,0.339,0.8,Functional benign (>50% WT activity),Mariano/Nicola Supplemental Table 3 functional dataset
p.Gly93Asp,93,"0,825","0,690","0,836","0,102","0,826","-15,335","0,987",0.3,22011571,P.GLY93ASP,0.825,0.69,0.836,0.102,0.826,-15.335,0.987,0.3,Functional intermediate (20-50% WT activity),Mariano/Nicola Supplemental Table 3 functional dataset
p.Gly93Arg,93,"0,795","0,780","0,844","0,317","0,929","-14,776","0,994",0.1,22011571,P.GLY93ARG,0.795,0.78,0.844,0.317,0.929,-14.776,0.994,0.1,Functional pathogenic (<20% WT activity),Mariano/Nicola Supplemental Table 3 functional dataset
p.Tyr110Phe,110,"0,188","0,514","0,402","-0,230","0,490","-5,111","0,132",0.8,26831514,P.TYR110PHE,0.188,0.514,0.402,-0.23,0.49,-5.111,0.132,0.8,Functional benign (>50% WT activity),Mariano/Nicola Supplemental Table 3 functional dataset
p.Glu119Ala,119,"0,266","0,768","0,769","0,005","0,530","-10,102","0,445",0.9,23690546,P.GLU119ALA,0.266,0.768,0.769,0.005,0.53,-10.102,0.445,0.9,Functional benign (>50% WT activity),Mariano/Nicola Supplemental Table 3 functional dataset
p.Tyr120Phe,120,"0,645","0,750","0,742","-0,062","0,685","-10,152","0,600",0.1,26831514,P.TYR120PHE,0.645,0.75,0.742,-0.062,0.685,-10.152,0.6,0.1,Functional pathogenic (<20% WT activity),Mariano/Nicola Supplemental Table 3 functional dataset
p.Glu122Ala,122,"0,640","0,715","0,820","-0,028","0,553","-11,240","0,316",0.2,23690546,P.GLU122ALA,0.64,0.715,0.82,-0.028,0.553,-11.24,0.316,0.2,Functional intermediate (20-50% WT activity),Mariano/Nicola Supplemental Table 3 functional dataset
p.Arg124Gln,124,"0,290","0,447","0,730","-0,272","0,393","-13,505","0,293",0.4,23690546,P.ARG124GLN,0.29,0.447,0.73,-0.272,0.393,-13.505,0.293,0.4,Functional intermediate (20-50% WT activity),Mariano/Nicola Supplemental Table 3 functional dataset
p.Arg124His,124,"0,982","0,939","0,870","0,508","0,862","-13,941","0,872",0.1,23690546,P.ARG124HIS,0.982,0.939,0.87,0.508,0.862,-13.941,0.872,0.1,Functional pathogenic (<20% WT activity),Mariano/Nicola Supplemental Table 3 functional dataset
p.Tyr144Phe,144,"0,755","0,736","0,346","0,016","0,738","-12,846","0,313",0.8,36517601,P.TYR144PHE,0.755,0.736,0.346,0.016,0.738,-12.846,0.313,0.8,Functional benign (>50% WT activity),Mariano/Nicola Supplemental Table 3 functional dataset
p.Tyr144His,144,"0,890","0,895","0,610","0,359","0,881","-14,834","0,963",0.1,36517601,P.TYR144HIS,0.89,0.895,0.61,0.359,0.881,-14.834,0.963,0.1,Functional pathogenic (<20% WT activity),Mariano/Nicola Supplemental Table 3 functional dataset
p.Asp163Ala,163,"0,607","0,687","0,643","-0,046","0,715","-12,138","0,542",0.1,21092238,P.ASP163ALA,0.607,0.687,0.643,-0.046,0.715,-12.138,0.542,0.1,Functional pathogenic (<20% WT activity),Mariano/Nicola Supplemental Table 3 functional dataset
p.Tyr178Phe,178,"0,755","0,845","0,715","0,124","0,668","-10,550","0,512",0.2,26831514,P.TYR178PHE,0.755,0.845,0.715,0.124,0.668,-10.55,0.512,0.2,Functional intermediate (20-50% WT activity),Mariano/Nicola Supplemental Table 3 functional dataset
p.Ala180Thr,180,"0,214","0,177","0,106","-0,401","0,050","-0,387","0,058",1.0,16105966,P.ALA180THR,0.214,0.177,0.106,-0.401,0.05,-0.387,0.058,1.0,Functional benign (>50% WT activity),Mariano/Nicola Supplemental Table 3 functional dataset
p.Asp191Asn,191,"0,938","0,783","0,925","0,004","0,693","-10,573","0,984",0.1,27562170,P.ASP191ASN,0.938,0.783,0.925,0.004,0.693,-10.573,0.984,0.1,Functional pathogenic (<20% WT activity),Mariano/Nicola Supplemental Table 3 functional dataset
p.Asp191Ala,191,"0,957","0,905","0,948","0,380","0,946","-12,429","0,993",0.1,27562170,P.ASP191ALA,0.957,0.905,0.948,0.38,0.946,-12.429,0.993,0.1,Functional pathogenic (<20% WT activity),Mariano/Nicola Supplemental Table 3 functional dataset
p.Asp191Glu,191,"0,927","0,806","0,894","0,285","0,748","-10,849","0,993",0.1,27562170,P.ASP191GLU,0.927,0.806,0.894,0.285,0.748,-10.849,0.993,0.1,Functional pathogenic (<20% WT activity),Mariano/Nicola Supplemental Table 3 functional dataset
p.Asp191Gly,191,"0,957","0,926","0,958","0,436","0,789","-9,740","0,994",0.1,Here,P.ASP191GLY,0.957,0.926,0.958,0.436,0.789,-9.74,0.994,0.1,Functional pathogenic (<20% WT activity),Mariano/Nicola Supplemental Table 3 functional dataset
p.Asp191His,191,"0,963","0,905","0,951","0,438","0,772","-12,530","0,996",0.1,27562170,P.ASP191HIS,0.963,0.905,0.951,0.438,0.772,-12.53,0.996,0.1,Functional pathogenic (<20% WT activity),Mariano/Nicola Supplemental Table 3 functional dataset
p.Gln194Glu,194,"0,930","0,915","0,887","0,421","0,928","-18,349","0,884",0.3,27562170,P.GLN194GLU,0.93,0.915,0.887,0.421,0.928,-18.349,0.884,0.3,Functional intermediate (20-50% WT activity),Mariano/Nicola Supplemental Table 3 functional dataset
p.Gln194His,194,"0,939","0,902","0,916","0,349","0,652","-13,636","0,992",0.1,27562170,P.GLN194HIS,0.939,0.902,0.916,0.349,0.652,-13.636,0.992,0.1,Functional pathogenic (<20% WT activity),Mariano/Nicola Supplemental Table 3 functional dataset
p.Ser200Thr,200,"0,116","0,234","0,159","-0,393","0,113","-5,977","0,052",1.0,16105966,P.SER200THR,0.116,0.234,0.159,-0.393,0.113,-5.977,0.052,1.0,Functional benign (>50% WT activity),Mariano/Nicola Supplemental Table 3 functional dataset
p.Ser200Gly,200,"0,184","0,289","0,288","-0,393","0,077","-4,562","0,062",1.0,16105966,P.SER200GLY,0.184,0.289,0.288,-0.393,0.077,-4.562,0.062,1.0,Functional benign (>50% WT activity),Mariano/Nicola Supplemental Table 3 functional dataset
p.Ser200Arg,200,"0,503","0,471","0,424","-0,220","0,599","-14,023","0,958",0.1,16105966,P.SER200ARG,0.503,0.471,0.424,-0.22,0.599,-14.023,0.958,0.1,Functional pathogenic (<20% WT activity),Mariano/Nicola Supplemental Table 3 functional dataset
p.His226Asp,226,"0,208","0,293","0,789","-0,219","0,259","-9,457","0,142",0.2,18708479,P.HIS226ASP,0.208,0.293,0.789,-0.219,0.259,-9.457,0.142,0.2,Functional intermediate (20-50% WT activity),Mariano/Nicola Supplemental Table 3 functional dataset
p.Ser227Ala,227,"0,528","0,370","0,506","-0,193","0,431","-8,905","0,211",1.0,17913707,P.SER227ALA,0.528,0.37,0.506,-0.193,0.431,-8.905,0.211,1.0,Functional benign (>50% WT activity),Mariano/Nicola Supplemental Table 3 functional dataset
p.Asp233Ala,233,"0,790","0,862","0,909","0,299","0,902","-11,284","0,570",0.1,21092238,P.ASP233ALA,0.79,0.862,0.909,0.299,0.902,-11.284,0.57,0.1,Functional pathogenic (<20% WT activity),Mariano/Nicola Supplemental Table 3 functional dataset
p.Gly250Val,250,"0,984","0,878","0,954","0,432","0,959","-16,972","0,962",0.1,Here,P.GLY250VAL,0.984,0.878,0.954,0.432,0.959,-16.972,0.962,0.1,Functional pathogenic (<20% WT activity),Mariano/Nicola Supplemental Table 3 functional dataset
p.Tyr259Phe,259,"0,637","0,560","0,482","-0,119","0,464","-6,636","0,382",0.8,22011571,P.TYR259PHE,0.637,0.56,0.482,-0.119,0.464,-6.636,0.382,0.8,Functional benign (>50% WT activity),Mariano/Nicola Supplemental Table 3 functional dataset
p.Gln263Glu,263,"0,990","0,926","0,895","0,423","0,965","-14,793","0,783",0.1,27562170,P.GLN263GLU,0.99,0.926,0.895,0.423,0.965,-14.793,0.783,0.1,Functional pathogenic (<20% WT activity),Mariano/Nicola Supplemental Table 3 functional dataset
p.Gln263Leu,263,"0,961","0,942","0,915","0,448","0,894","-13,367","0,969",0.1,39895319,P.GLN263LEU,0.961,0.942,0.915,0.448,0.894,-13.367,0.969,0.1,Functional pathogenic (<20% WT activity),Mariano/Nicola Supplemental Table 3 functional dataset
p.Gln263His,263,"0,975","0,814","0,889","0,330","0,471","-12,059","0,988",0.1,27562170,P.GLN263HIS,0.975,0.814,0.889,0.33,0.471,-12.059,0.988,0.1,Functional pathogenic (<20% WT activity),Mariano/Nicola Supplemental Table 3 functional dataset
p.Gln265Arg,265,"0,890","0,833","0,860","0,312","0,909","-15,211","0,984",0.1,33310921,P.GLN265ARG,0.89,0.833,0.86,0.312,0.909,-15.211,0.984,0.1,Functional pathogenic (<20% WT activity),Mariano/Nicola Supplemental Table 3 functional dataset
p.Gln267Glu,267,"0,967","0,928","0,837","0,438","0,948","-12,542","0,890",0.1,14734652,P.GLN267GLU,0.967,0.928,0.837,0.438,0.948,-12.542,0.89,0.1,Functional pathogenic (<20% WT activity),Mariano/Nicola Supplemental Table 3 functional dataset
p.Gln267Arg,267,"0,926","0,921","0,906","0,444","0,974","-12,829","0,982",0.1,14734652,P.GLN267ARG,0.926,0.921,0.906,0.444,0.974,-12.829,0.982,0.1,Functional pathogenic (<20% WT activity),Mariano/Nicola Supplemental Table 3 functional dataset
p.Gln267Lys,267,"0,940","0,948","0,842","0,439","0,985","-13,690","0,987",0.1,14734652,P.GLN267LYS,0.94,0.948,0.842,0.439,0.985,-13.69,0.987,0.1,Functional pathogenic (<20% WT activity),Mariano/Nicola Supplemental Table 3 functional dataset
p.Tyr269Phe,269,"0,642","0,649","0,594","-0,136","0,375","-7,806","0,234",0.6,26831514,P.TYR269PHE,0.642,0.649,0.594,-0.136,0.375,-7.806,0.234,0.6,Functional benign (>50% WT activity),Mariano/Nicola Supplemental Table 3 functional dataset
p.Val270Leu,270,"0,341","0,251","0,315","-0,348","0,293","-3,553","0,320",0.7,26204134,P.VAL270LEU,0.341,0.251,0.315,-0.348,0.293,-3.553,0.32,0.7,Functional benign (>50% WT activity),Mariano/Nicola Supplemental Table 3 functional dataset
p.Val270Ala,270,"0,613","0,476","0,406","-0,188","0,637","-8,640","0,396",0.6,26204134,P.VAL270ALA,0.613,0.476,0.406,-0.188,0.637,-8.64,0.396,0.6,Functional benign (>50% WT activity),Mariano/Nicola Supplemental Table 3 functional dataset
p.Val270Glu,270,"0,923","0,766","0,807","0,107","0,946","-14,531","0,861",0.1,26204134,P.VAL270GLU,0.923,0.766,0.807,0.107,0.946,-14.531,0.861,0.1,Functional pathogenic (<20% WT activity),Mariano/Nicola Supplemental Table 3 functional dataset
p.Arg273His,273,"0,363","0,245","0,219","-0,294","0,334","-7,596","0,089",1.0,Here,P.ARG273HIS,0.363,0.245,0.219,-0.294,0.334,-7.596,0.089,1.0,Functional benign (>50% WT activity),Mariano/Nicola Supplemental Table 3 functional dataset
p.Arg273Cys,273,"0,576","0,494","0,417","-0,083","0,624","-9,746","0,155",0.8,Here,P.ARG273CYS,0.576,0.494,0.417,-0.083,0.624,-9.746,0.155,0.8,Functional benign (>50% WT activity),Mariano/Nicola Supplemental Table 3 functional dataset
p.Asn285Asp,285,"0,888","0,765","0,780","-0,044","0,972","-15,422","0,948",0.1,,P.ASN285ASP,0.888,0.765,0.78,-0.044,0.972,-15.422,0.948,0.1,Functional pathogenic (<20% WT activity),Mariano/Nicola Supplemental Table 3 functional dataset
p.Asn285Lys,285,"0,934","0,648","0,849","-0,123","0,912","-16,542","0,997",0.1,,P.ASN285LYS,0.934,0.648,0.849,-0.123,0.912,-16.542,0.997,0.1,Functional pathogenic (<20% WT activity),Mariano/Nicola Supplemental Table 3 functional dataset
p.Asp311Ala,311,"0,734","0,841","0,849","0,318","0,857","-12,263","0,866",0.1,21092238,P.ASP311ALA,0.734,0.841,0.849,0.318,0.857,-12.263,0.866,0.1,Functional pathogenic (<20% WT activity),Mariano/Nicola Supplemental Table 3 functional dataset
p.Ala320Thr,320,"0,479","0,458","0,625","-0,142","0,184","-8,175","0,102",1.0,Here,P.ALA320THR,0.479,0.458,0.625,-0.142,0.184,-8.175,0.102,1.0,Functional benign (>50% WT activity),Mariano/Nicola Supplemental Table 3 functional dataset
p.Asp322Ala,322,"0,952","0,821","0,934","0,362","0,873","-13,916","0,939",0.1,21092238,P.ASP322ALA,0.952,0.821,0.934,0.362,0.873,-13.916,0.939,0.1,Functional pathogenic (<20% WT activity),Mariano/Nicola Supplemental Table 3 functional dataset
p.Asp331Asn,331,"0,605","0,628","0,704","-0,136","0,537","-8,413","0,293",0.3,31115276,P.ASP331ASN,0.605,0.628,0.704,-0.136,0.537,-8.413,0.293,0.3,Functional intermediate (20-50% WT activity),Mariano/Nicola Supplemental Table 3 functional dataset
p.Asp331Ala,331,"0,745","0,809","0,836","0,065","0,874","-11,386","0,535",0.2,21092238,P.ASP331ALA,0.745,0.809,0.836,0.065,0.874,-11.386,0.535,0.2,Functional intermediate (20-50% WT activity),Mariano/Nicola Supplemental Table 3 functional dataset
p.Gly341Arg,341,"0,986","0,955","0,960","0,529","0,954","-16,066","0,995",0.1,Here,P.GLY341ARG,0.986,0.955,0.96,0.529,0.954,-16.066,0.995,0.1,Functional pathogenic (<20% WT activity),Mariano/Nicola Supplemental Table 3 functional dataset
p.Tyr348Phe,348,"0,405","0,434","0,508","-0,156","0,473","-4,948","0,173",0.9,33779310,P.TYR348PHE,0.405,0.434,0.508,-0.156,0.473,-4.948,0.173,0.9,Functional benign (>50% WT activity),Mariano/Nicola Supplemental Table 3 functional dataset
p.Tyr348His,348,"0,787","0,863","0,798","0,189","0,930","-14,265","0,993",0.1,33779310,P.TYR348HIS,0.787,0.863,0.798,0.189,0.93,-14.265,0.993,0.1,Functional pathogenic (<20% WT activity),Mariano/Nicola Supplemental Table 3 functional dataset
p.Tyr348Asp,348,"0,852","0,902","0,928","0,367","0,985","-18,899","0,997",0.1,33779310,P.TYR348ASP,0.852,0.902,0.928,0.367,0.985,-18.899,0.997,0.1,Functional pathogenic (<20% WT activity),Mariano/Nicola Supplemental Table 3 functional dataset
p.Ser349Cys,349,"0,909","0,864","0,857","0,351","0,755","-9,475","0,610",0.6,17606623,P.SER349CYS,0.909,0.864,0.857,0.351,0.755,-9.475,0.61,0.6,Functional benign (>50% WT activity),Mariano/Nicola Supplemental Table 3 functional dataset
p.Gly350Asp,350,"0,978","0,940","0,902","0,436","0,965","-13,324","0,999",0.1,39895319,P.GLY350ASP,0.978,0.94,0.902,0.436,0.965,-13.324,0.999,0.1,Functional pathogenic (<20% WT activity),Mariano/Nicola Supplemental Table 3 functional dataset
p.Thr351Ser,351,"0,293","0,553","0,568","-0,141","0,649","-6,086","0,696",0.6,17606623,P.THR351SER,0.293,0.553,0.568,-0.141,0.649,-6.086,0.696,0.6,Functional benign (>50% WT activity),Mariano/Nicola Supplemental Table 3 functional dataset
p.Thr351Ala,351,"0,427","0,589","0,659","-0,047","0,451","-5,599","0,818",0.1,17606623,P.THR351ALA,0.427,0.589,0.659,-0.047,0.451,-5.599,0.818,0.1,Functional pathogenic (<20% WT activity),Mariano/Nicola Supplemental Table 3 functional dataset
p.Ser353Thr,353,"0,903","0,858","0,760","0,345","0,882","-13,630","0,978",0.4,17606623,P.SER353THR,0.903,0.858,0.76,0.345,0.882,-13.63,0.978,0.4,Functional intermediate (20-50% WT activity),Mariano/Nicola Supplemental Table 3 functional dataset
p.Thr354Ser,354,"0,831","0,747","0,364","-0,003","0,724","-10,510","0,857",0.7,17606623,P.THR354SER,0.831,0.747,0.364,-0.003,0.724,-10.51,0.857,0.7,Functional benign (>50% WT activity),Mariano/Nicola Supplemental Table 3 functional dataset
p.Thr354Ala,354,"0,949","0,888","0,465","0,207","0,840","-12,035","0,967",0.1,9657379,P.THR354ALA,0.949,0.888,0.465,0.207,0.84,-12.035,0.967,0.1,Functional pathogenic (<20% WT activity),Mariano/Nicola Supplemental Table 3 functional dataset
p.Thr354Pro,354,"0,724","0,955","0,745","0,446","0,967","-15,149","0,981",0.1,17606623,P.THR354PRO,0.724,0.955,0.745,0.446,0.967,-15.149,0.981,0.1,Functional pathogenic (<20% WT activity),Mariano/Nicola Supplemental Table 3 functional dataset
p.Ser356Ala,356,"0,768","0,660","0,525","-0,056","0,262","-8,480","0,468",0.1,17606623,P.SER356ALA,0.768,0.66,0.525,-0.056,0.262,-8.48,0.468,0.1,Functional pathogenic (<20% WT activity),Mariano/Nicola Supplemental Table 3 functional dataset
p.Ser356Thr,356,"0,775","0,782","0,568","0,124","0,645","-12,241","0,924",0.5,17606623,P.SER356THR,0.775,0.782,0.568,0.124,0.645,-12.241,0.924,0.5,Functional intermediate (20-50% WT activity),Mariano/Nicola Supplemental Table 3 functional dataset
p.Ser356Pro,356,"0,954","0,900","0,892","0,390","0,975","-14,558","0,998",0.1,17606623,P.SER356PRO,0.954,0.9,0.892,0.39,0.975,-14.558,0.998,0.1,Functional pathogenic (<20% WT activity),Mariano/Nicola Supplemental Table 3 functional dataset
p.Ser356Phe,356,"0,966","0,902","0,802","0,419","0,955","-14,949","0,998",0.1,12145342,P.SER356PHE,0.966,0.902,0.802,0.419,0.955,-14.949,0.998,0.1,Functional pathogenic (<20% WT activity),Mariano/Nicola Supplemental Table 3 functional dataset
p.Thr357Ser,357,"0,374","0,483","0,553","-0,099","0,208","-7,415","0,615",0.6,17606623,P.THR357SER,0.374,0.483,0.553,-0.099,0.208,-7.415,0.615,0.6,Functional benign (>50% WT activity),Mariano/Nicola Supplemental Table 3 functional dataset
p.Thr357Ala,357,"0,592","0,517","0,692","-0,013","0,273","-9,143","0,738",0.1,17606623,P.THR357ALA,0.592,0.517,0.692,-0.013,0.273,-9.143,0.738,0.1,Functional pathogenic (<20% WT activity),Mariano/Nicola Supplemental Table 3 functional dataset
p.Thr357Pro,357,"0,720","0,848","0,879","0,316","0,929","-15,865","0,930",0.1,17606623,P.THR357PRO,0.72,0.848,0.879,0.316,0.929,-15.865,0.93,0.1,Functional pathogenic (<20% WT activity),Mariano/Nicola Supplemental Table 3 functional dataset
p.Asn360Asp,360,"0,969","0,842","0,782","0,042","0,931","-11,079","0,950",0.1,17606623,P.ASN360ASP,0.969,0.842,0.782,0.042,0.931,-11.079,0.95,0.1,Functional pathogenic (<20% WT activity),Mariano/Nicola Supplemental Table 3 functional dataset
p.Ala364Gly,364,"0,607","0,682","0,731","0,030","0,691","-12,023","0,648",0.7,17606623,P.ALA364GLY,0.607,0.682,0.731,0.03,0.691,-12.023,0.648,0.7,Functional benign (>50% WT activity),Mariano/Nicola Supplemental Table 3 functional dataset
p.Thr366Ala,366,"0,860","0,686","0,769","0,064","0,378","-9,245","0,621",1.0,17606623,P.THR366ALA,0.86,0.686,0.769,0.064,0.378,-9.245,0.621,1.0,Functional benign (>50% WT activity),Mariano/Nicola Supplemental Table 3 functional dataset
p.Glu368Ala,368,"0,786","0,795","0,824","0,158","0,724","-12,953","0,507",1.0,17606623,P.GLU368ALA,0.786,0.795,0.824,0.158,0.724,-12.953,0.507,1.0,Functional benign (>50% WT activity),Mariano/Nicola Supplemental Table 3 functional dataset
p.Asp369Val,369,"0,989","0,962","0,952","0,563","0,971","-16,178","0,992",0.1,34726525,P.ASP369VAL,0.989,0.962,0.952,0.563,0.971,-16.178,0.992,0.1,Functional pathogenic (<20% WT activity),Mariano/Nicola Supplemental Table 3 functional dataset
p.Arg376Trp,376,"0,176","0,422","0,199","-0,204","0,180","-7,516","0,118",0.9,Here,P.ARG376TRP,0.176,0.422,0.199,-0.204,0.18,-7.516,0.118,0.9,Functional benign (>50% WT activity),Mariano/Nicola Supplemental Table 3 functional dataset
p.Ile386Ser,386,"0,812","0,730","0,763","0,120","0,727","-8,682","0,556",0.2,Here,P.ILE386SER,0.812,0.73,0.763,0.12,0.727,-8.682,0.556,0.2,Functional intermediate (20-50% WT activity),Mariano/Nicola Supplemental Table 3 functional dataset
p.Gly395Ala,395,"0,460","0,866","0,914","0,185","0,908","-12,132","0,856",0.7,12145342,P.GLY395ALA,0.46,0.866,0.914,0.185,0.908,-12.132,0.856,0.7,Functional benign (>50% WT activity),Mariano/Nicola Supplemental Table 3 functional dataset
p.Gly395Arg,395,"0,827","0,964","0,951","0,450","0,950","-14,724","0,997",0.1,12145342,P.GLY395ARG,0.827,0.964,0.951,0.45,0.95,-14.724,0.997,0.1,Functional pathogenic (<20% WT activity),Mariano/Nicola Supplemental Table 3 functional dataset
p.Gly395Glu,395,"0,847","0,927","0,942","0,418","0,972","-16,096","0,999",0.1,12145342,P.GLY395GLU,0.847,0.927,0.942,0.418,0.972,-16.096,0.999,0.1,Functional pathogenic (<20% WT activity),Mariano/Nicola Supplemental Table 3 functional dataset
p.Ser416Ala,416,"0,340","0,397","0,569","-0,138","0,189","-1,974","0,285",0.1,36517601,P.SER416ALA,0.34,0.397,0.569,-0.138,0.189,-1.974,0.285,0.1,Functional pathogenic (<20% WT activity),Mariano/Nicola Supplemental Table 3 functional dataset
p.Ser416Thr,416,"0,559","0,294","0,625","-0,117","0,380","-7,591","0,426",0.2,36517601,P.SER416THR,0.559,0.294,0.625,-0.117,0.38,-7.591,0.426,0.2,Functional intermediate (20-50% WT activity),Mariano/Nicola Supplemental Table 3 functional dataset
p.Phe417Ile,417,"0,488","0,418","0,887","0,095","0,412","-12,016","0,893",0.4,36517601,P.PHE417ILE,0.488,0.418,0.887,0.095,0.412,-12.016,0.893,0.4,Functional intermediate (20-50% WT activity),Mariano/Nicola Supplemental Table 3 functional dataset
p.Phe417Leu,417,"0,492","0,439","0,874","0,082","0,326","-9,366","0,967",0.4,36517601,P.PHE417LEU,0.492,0.439,0.874,0.082,0.326,-9.366,0.967,0.4,Functional intermediate (20-50% WT activity),Mariano/Nicola Supplemental Table 3 functional dataset
p.Gly421Arg,421,"0,989","0,936","0,942","0,446","0,966","-15,075","0,996",0.1,33815280,P.GLY421ARG,0.989,0.936,0.942,0.446,0.966,-15.075,0.996,0.1,Functional pathogenic (<20% WT activity),Mariano/Nicola Supplemental Table 3 functional dataset
p.Met435Leu,435,"0,368","0,454","0,605","0,033","0,352","-7,143","0,192",1.0,Here,P.MET435LEU,0.368,0.454,0.605,0.033,0.352,-7.143,0.192,1.0,Functional benign (>50% WT activity),Mariano/Nicola Supplemental Table 3 functional dataset
p.Cys440Ser,440,"0,248","0,308","0,519","-0,339","0,326","-7,481","0,165",0.8,23690546,P.CYS440SER,0.248,0.308,0.519,-0.339,0.326,-7.481,0.165,0.8,Functional benign (>50% WT activity),Mariano/Nicola Supplemental Table 3 functional dataset
p.Ala514Thr,514,"0,075","0,146","0,058","-0,605","0,026","-3,343","0,062",1.0,Here,P.ALA514THR,0.075,0.146,0.058,-0.605,0.026,-3.343,0.062,1.0,Functional benign (>50% WT activity),Mariano/Nicola Supplemental Table 3 functional dataset
p.Tyr531Phe,531,"0,335","0,100","0,622","-0,395","0,085","-3,909","0,105",1.0,26831514,P.TYR531PHE,0.335,0.1,0.622,-0.395,0.085,-3.909,0.105,1.0,Functional benign (>50% WT activity),Mariano/Nicola Supplemental Table 3 functional dataset
p.Gly543Ala,543,"0,774","0,523","0,898","-0,177","0,444","-7,033","0,335",0.7,15976004,P.GLY543ALA,0.774,0.523,0.898,-0.177,0.444,-7.033,0.335,0.7,Functional benign (>50% WT activity),Mariano/Nicola Supplemental Table 3 functional dataset
p.Gly543Val,543,"0,938","0,712","0,950","0,103","0,832","-13,193","0,884",0.1,15976004,P.GLY543VAL,0.938,0.712,0.95,0.103,0.832,-13.193,0.884,0.1,Functional pathogenic (<20% WT activity),Mariano/Nicola Supplemental Table 3 functional dataset
p.Gly543Arg,543,"0,951","0,781","0,928","0,283","0,783","-15,802","0,981",0.1,15976004,P.GLY543ARG,0.951,0.781,0.928,0.283,0.783,-15.802,0.981,0.1,Functional pathogenic (<20% WT activity),Mariano/Nicola Supplemental Table 3 functional dataset
p.Gly543Glu,543,"0,981","0,793","0,932","0,300","0,789","-17,295","0,990",0.1,15976004,P.GLY543GLU,0.981,0.793,0.932,0.3,0.789,-17.295,0.99,0.1,Functional pathogenic (<20% WT activity),Mariano/Nicola Supplemental Table 3 functional dataset
p.Ser547Arg,547,"0,957","0,582","0,877","0,060","0,853","-13,638","0,994",0.1,31115276,P.SER547ARG,0.957,0.582,0.877,0.06,0.853,-13.638,0.994,0.1,Functional pathogenic (<20% WT activity),Mariano/Nicola Supplemental Table 3 functional dataset
p.Pro560Leu,560,"0,570","0,514","0,753","-0,110","0,240","-11,655","0,127",0.9,Here,P.PRO560LEU,0.57,0.514,0.753,-0.11,0.24,-11.655,0.127,0.9,Functional benign (>50% WT activity),Mariano/Nicola Supplemental Table 3 functional dataset
p.Gly561Glu,561,"0,740","0,573","0,682","0,046","0,149","-9,166","0,505",0.3,33912899,P.GLY561GLU,0.74,0.573,0.682,0.046,0.149,-9.166,0.505,0.3,Functional intermediate (20-50% WT activity),Mariano/Nicola Supplemental Table 3 functional dataset
p.Leu562Met,562,"0,400","0,513","0,520","-0,175","0,138","-8,066","0,218",0.3,39749016,P.LEU562MET,0.4,0.513,0.52,-0.175,0.138,-8.066,0.218,0.3,Functional intermediate (20-50% WT activity),Mariano/Nicola Supplemental Table 3 functional dataset
p.Arg569Trp,569,"0,258","0,302","0,468","-0,273","0,146","-9,662","0,101",1.0,Here,P.ARG569TRP,0.258,0.302,0.468,-0.273,0.146,-9.662,0.101,1.0,Functional benign (>50% WT activity),Mariano/Nicola Supplemental Table 3 functional dataset
p.Val580Ala,580,"0,105","0,159","0,069","-0,533","0,028","-2,853","0,061",1.0,26831514,P.VAL580ALA,0.105,0.159,0.069,-0.533,0.028,-2.853,0.061,1.0,Functional benign (>50% WT activity),Mariano/Nicola Supplemental Table 3 functional dataset
p.Glu621Ala,621,"0,088","0,085","0,141","-0,438","0,034","-3,337","0,072",1.0,26831514,P.GLU621ALA,0.088,0.085,0.141,-0.438,0.034,-3.337,0.072,1.0,Functional benign (>50% WT activity),Mariano/Nicola Supplemental Table 3 functional dataset
