"Symbol","logFC","AveExpr","P.Value","adj.P.Val"
"SELENOP",-10.413917076048,11.4080999726589,1.56222694100508e-07,0.000582652212952729
"A2M",-10.3968050208856,11.6870439410307,7.13963502187382e-07,0.000582652212952729
"APOE",-9.76803891210036,13.3131325921617,9.45294387171714e-06,0.00111442147597732
"SPP1",-9.51560483733515,10.7393969369815,3.16425685845127e-07,0.000582652212952729
"SLCO2B1",-8.68564713776426,10.3303878267143,3.1039921622792e-07,0.000582652212952729
"RNASE1",-8.50443866629625,13.5814933993853,2.71394057497686e-06,0.000619138595376413
"APOC1",-8.30918643747401,10.1212387311526,5.25251050230556e-06,0.000858926663645838
"NUPR1",-7.79227229384183,10.266622085554,1.98713714267844e-05,0.00136127845341683
"PLTP",-7.77245095382843,11.2406326742081,1.48781508730564e-06,0.000600266002738161
"RGS1",-7.61750127643449,10.5432706497881,0.000125978286438111,0.0028141932237327
"PAEP",-7.60197096692536,9.74023341732605,1.92688918423721e-05,0.00135924231222978
"IGF2",-7.60047149746136,9.81856720182356,0.000287424936053758,0.00423151832285146
"C1QB",-7.46830587870002,13.8246724527867,7.20119743787458e-05,0.00217725269652478
"CCL18",-7.35977899520703,9.5074544401089,0.000762709323213185,0.00694946975347108
"C1QC",-7.35703333912759,10.4519987085799,7.58278070824648e-06,0.000969066630344643
"C3",-7.04999809005781,11.9405458074321,4.53512434280082e-05,0.00187418942949225
"GPNMB",-6.87618224963394,11.0293672276768,2.87216876466035e-05,0.00164735045711405
"HPGDS",-6.65245889326404,9.44961721086517,1.49392840525688e-06,0.000600266002738161
"CCL13",-6.62816409489361,9.38188819720794,3.43971346921692e-06,0.000695052262422926
"C1QA",-6.45945953681495,12.8947134921059,3.91385343051145e-05,0.00178209230452749
"LILRB5",-6.25620757128357,10.1192538127731,1.77772211498289e-06,0.000600266002738161
"TREM2",-6.19296658519175,9.4941229972235,6.27244205109889e-07,0.000582652212952729
"CCL4",-6.09113555949924,12.4975181605552,0.000202858246380587,0.00359338218713332
"IGF1",-5.90902278622804,9.08829914341224,7.81341329286748e-07,0.000582652212952729
"CCL2",-5.80685669297479,10.4529653774066,3.14216088316224e-05,0.00169053696626155
"DAB2",-5.75467973950108,11.5204767820196,9.75285136971894e-07,0.000582652212952729
"DHRS3",-5.72308551655816,9.84851167297635,3.12087580148556e-06,0.000678032559842748
"IFI27",-5.59249288479588,10.177050426917,0.000241075382701649,0.00396739514261542
"ENPP2",-5.50462527754219,9.23830062316813,5.86579019881403e-05,0.00204162671207463
"FOLR2",-5.46599412692413,13.1989297631933,2.11079809290624e-06,0.000619138595376413
"CADM1",-5.43689434849153,8.53111722373232,1.12197128421435e-06,0.000582652212952729
"VSIG4",-5.40957279774439,12.9701457543708,2.01350798483834e-05,0.00137315827055701
"GATM",-5.4034172617772,9.58570189495659,7.23834235851301e-06,0.000943181239860044
"CXCL12",-5.397613391869,8.8727551671014,4.26357733731969e-06,0.000745292921217907
"ITGB5",-5.35901909170491,9.62871458491635,6.95061262852163e-06,0.000943181239860044
"SLC2A5",-5.33610445620389,9.9720339319676,9.73758482185137e-05,0.00251424770748244
"SLC1A3",-5.14800914739448,10.2981780836271,5.10162520541547e-05,0.00197922235010098
"CCL3",-5.10987341768851,14.645732399437,0.00100689102316465,0.00785271727194256
"CD59",-5.1057435472195,11.5013468838054,4.09306363306125e-05,0.00181897532952286
"XCL1",-5.06647570862237,8.66293055695702,0.00223201653202134,0.0121181400621157
"CTSL",-5.04763848135062,12.2561896779239,7.97122108371454e-06,0.000993658444599432
"FCN1",5.00016644595342,14.4700137981056,0.000594276311576913,0.00610409544727659
"C11orf96",-4.87840855399766,9.10266289321838,0.00719655516759784,0.0248680248769127
"MS4A4A",-4.85498307646002,13.0596940965678,1.59087603073499e-05,0.0012703077582104
"ITGAD",-4.84078126102105,8.40612625217731,0.00141990973940095,0.00942968878463306
"NUAK1",-4.81368340315325,8.54022938691595,1.81456077562983e-06,0.000600266002738161
"SLC22A23",-4.79838454708616,8.57872944270086,2.76837351956839e-06,0.000619138595376413
"RAB42",-4.74990256428388,8.57073376653694,0.000292868936950077,0.00425062808407002
"EBI3",-4.72095194333745,9.31559515411778,2.50558958341692e-06,0.000619138595376413
"LUM",-4.71435670286977,8.18751015942371,0.00353881492365142,0.015969821174745
"P3H2",-4.69444596186359,9.24036752962817,5.70760107000402e-05,0.00202333792710073
"TNFRSF25",-4.60555522696606,10.3483378003976,2.26123709476335e-06,0.000619138595376413
"CNRIP1",-4.54275049094874,8.5690549864185,2.23203847311971e-06,0.000619138595376413
"HSPB1",-4.54253562949542,12.292629804061,6.35804268743042e-05,0.00209292452793164
"TNFRSF21",-4.5258177753346,10.0769795865721,3.7283019112816e-06,0.000701441072611816
"C1S",-4.42990463330634,8.72528019103981,0.00954716541902638,0.0297832393215494
"MSR1",-4.42800075628,9.76414023525043,3.54939629223691e-06,0.000695052262422926
"PLAU",-4.42721373237796,12.3071087845201,9.95849526730617e-06,0.00114441414060487
"HSPA1B",-4.42027239371232,11.2499299744485,0.000181434173384507,0.00340648260349578
"CDA",4.3818278394773,9.51792687442884,8.32439072288411e-05,0.00231863249292347
"ADORA3",-4.35371368965214,9.79161207560845,2.20468160713789e-05,0.00143045552997069
"FBLN1",-4.29180168842303,8.46491292755437,0.00577570976848455,0.0216852585666585
"IL2RA",-4.27568480800898,8.11829955251716,0.000151649704274423,0.00314453905435696
"MEGF9",4.21656027069838,10.0560637665031,2.61220905903559e-06,0.000619138595376413
"LEP",-4.20313363277885,8.37863197421754,4.67107609433062e-05,0.00189433933980213
"SLC7A8",-4.20120143136816,8.22667379629573,3.70779906703094e-06,0.000701441072611816
"SELL",4.17328965901099,12.3002751257517,9.61148206792494e-05,0.00249439282063144
"TRIM47",-4.16606083125761,8.78666727319679,1.49617207239187e-05,0.0012703077582104
"CFP",4.15738908962471,13.7691486425041,0.000212131553177523,0.00369965213385753
"EPAS1",-4.13261775811818,10.0632392809087,1.2852355701366e-05,0.00121402872985326
"RIPOR2",4.12901490710727,10.1421741837887,0.000544665470322375,0.0058913744471285
"COLEC12",-4.09891873736404,8.56851002550165,1.092403910139e-05,0.00115137194428132
"VCAN",4.07398937297665,12.4758432146105,6.13292609376934e-06,0.000881951457120519
"ATP1B1",-4.06641726894705,10.4943940965645,1.38394405242484e-05,0.0012414779680682
"STMN1",-4.05014664006068,9.94097659679443,6.53398075425747e-05,0.00210527074810906
"C11orf21",4.01712561659966,9.43267325167536,3.33971974926743e-06,0.000692219829048894
"MAF",-4.01171394040926,10.9309898621587,1.13987448698149e-05,0.00115137194428132
"MTARC1",3.97376262394926,8.70711075220413,5.5213379095336e-05,0.00200402164506413
"S100A9",3.96168091876249,14.7112447229653,1.16659047241238e-05,0.00115906594383699
"IL2RB",-3.94309950838934,9.05374481540437,0.0128868672036647,0.0365300049269958
"NRP1",-3.93788387074178,9.27499653700596,1.70299848974448e-05,0.00130340936745872
"C2",-3.93057072271578,11.1974681083377,5.61031661594226e-06,0.000867385107932377
"VNN2",3.88725432361805,12.1709403071623,6.77769779894713e-05,0.00211653445844739
"TYMS",-3.85262655415603,7.96831482518704,0.000369496958874587,0.00489486912070097
"BST1",3.82823135807038,10.4514350902118,0.00015691533529157,0.00321423230081273
"NR4A3",-3.81746782136304,8.65290131033664,0.00448072776919367,0.0184126546959009
"TMEM51",-3.78153748060432,12.2769633053694,2.96769489643902e-05,0.00166541343118246
"TPPP3",3.77772214112557,9.20227364141387,1.97522718965532e-05,0.00135924231222978
"PF4",3.76230134673059,8.15184490383001,0.000175384825073871,0.00335925997446276
"PLXNA1",-3.75797491613878,10.0536418083265,0.00054539212618839,0.00589197900565618
"TIMD4",-3.7395970026536,7.87240805184599,0.000174493565410813,0.0033591115731236
"C19orf38",3.72917001934974,12.2158205960147,0.000229656793017756,0.003869217204219
"SERPINF1",-3.70689761750309,11.2741043775551,0.00058537290334367,0.00606791846973934
"S100A8",3.69586787384553,16.5413970100222,0.000485631265863974,0.0055444526802537
"CYP1B1",3.69046700750386,8.80299297984645,1.43017726368712e-05,0.00124705642320198
"GZMA",-3.67974635687027,9.55647933196415,0.00269302198129016,0.0135234108493034
"SOCS2",-3.67475323693652,8.41452791980452,4.83080884622415e-06,0.000816299343704188
"DOCK4",-3.66474819205735,9.46741851546352,8.4667485731242e-05,0.00233014660495296
"ICAM3",3.6521735691329,12.5934578421766,6.20793956977917e-05,0.00207040230213162
"FRY",3.61334583703649,8.83672623234178,0.000106009024050865,0.00260458067554097
"ASGR2",3.59898681273064,11.2320293680237,0.000116877613623628,0.00271314448371105
"FABP3",-3.59715392606437,7.79317538430707,2.55381632693981e-05,0.00157789884445537
"SLC40A1",-3.57337327715923,12.7614270870778,5.60513392164016e-05,0.00201519803026722
"SPRY2",-3.5542553559782,8.72435247372433,1.58726911167968e-05,0.0012703077582104
"JUN",-3.55242818616121,11.1503030436034,0.00207108696758602,0.0116268330022326
"CD244",3.52906900831872,10.1385064452237,5.68248027801415e-06,0.000867385107932377
"PLPP3",-3.50748435040978,7.93706753363766,0.00375826651044406,0.0165463813145136
"LGI2",-3.50283782085536,7.67481250736783,7.4511744493768e-05,0.00222627624805741
"GPX3",-3.49948984009968,9.4396706363696,0.00450414932884948,0.0184733287468023
"P2RX1",3.48156745942469,8.68109173296932,2.86846416921706e-05,0.00164735045711405
"HLA-DOA",-3.48030074254982,12.0925161420792,5.42705401632456e-05,0.00200383318517556
"CAVIN1",-3.48008065420766,8.68703549996781,0.00365300778375018,0.0163061175154895
"GAS6",-3.47967710704251,9.27759993664197,0.000109484250855433,0.00263170378133674
"CCDC69",3.46738887605549,9.10514553552678,4.81974152450051e-05,0.00194672792471706
"LCK",3.45706236585986,11.1825788420134,2.88134680163294e-05,0.00164735045711405
"ABCG2",-3.44236259322264,8.11843741840404,0.00142590403705797,0.00945298543835115
"EMP2",-3.42748421015369,7.66002400747177,7.13301506446357e-06,0.000943181239860044
"BIRC5",-3.40959793585744,8.59060596205588,0.00375770094262741,0.0165463813145136
"CD48",3.40596462058869,11.7547314309986,1.38596851235236e-05,0.0012414779680682
"CD28",-3.40218803278585,7.72846234276032,0.000706029673830459,0.00669833357823874
"CCR2",3.39564625392063,11.3932005632561,0.00102258759407996,0.00791022997495831
"GZMB",-3.38331886843643,10.2122296274831,0.0171110969562675,0.0445210543217992
"CD209",-3.36944611710007,9.90648542931415,1.54524642510401e-05,0.0012703077582104
"GTF2IRD1",-3.36893109931702,7.54249834858492,5.6497995431847e-05,0.00201558346676719
"CD81",-3.33980879059985,13.7001059616271,0.000116980640792413,0.00271314448371105
"PLP2",3.33515706366904,11.1887926003361,3.17407632444421e-05,0.00169053696626155
"RAB37",3.3345639037502,10.0437365091324,3.78725918747452e-05,0.00176165672977226
"RGS16",-3.31790746043708,8.09326260181587,2.59587120141246e-05,0.00158475501952806
"SLC2A1",-3.31536745737749,8.53831164561257,0.00051283403966252,0.00571094659585717
"PROK2",3.30110113691591,9.23497027934936,0.000550981418577042,0.00591617072531436
"PDE4DIP",-3.29318940002777,10.206045079353,0.000203376346112823,0.00359338218713332
"GPR183",-3.27625699222033,11.6350266753362,0.000130616372855553,0.00287886057737282
"CD69",-3.27307752646525,8.66725726774926,3.68179644110658e-05,0.00174432275004202
"CSTA",3.23480534365962,11.0051491231758,0.000762382127403573,0.00694946975347108
"FGR",3.22808118444423,15.6596371642221,1.23125766750166e-05,0.00119267303231625
"CLEC12A",3.22507103917129,10.0494953257222,3.25656563401767e-05,0.00169053696626155
"C15orf48",-3.21898008717936,9.03974596892914,0.00025111634418512,0.00401153084282279
"SLPI",-3.20819448491503,9.76724350032993,0.00377495921536339,0.0165971609561279
"TMEM154",3.19425030107397,9.88388569933239,1.56423680407637e-05,0.0012703077582104
"SLC2A6",3.17849239970408,8.75442642562446,2.29593934667653e-05,0.00146708594891835
"PCLAF",-3.17460903016082,7.89223781474136,0.00166513886220143,0.0103024539529533
"CKAP4",3.15998636356396,10.0959066873891,3.79545004994617e-05,0.00176165672977226
"CCL8",-3.14579404559727,7.78006657219946,1.75993379228574e-05,0.00131201338789615
"ALDH7A1",-3.13297381078386,8.54200931767289,0.000368306607477156,0.00488335386792728
"KANK2",-3.11807899586554,9.29141225604434,0.000690642368822586,0.00660202724719341
"AQP9",3.11229746046019,10.7782972666154,0.000950021136588862,0.00767282073565768
"CD36",3.11148207969392,11.6107927737328,1.93741593444108e-05,0.00135924231222978
"HSD17B14",-3.09823280395874,8.61796361894782,2.66351904220737e-05,0.0015894275440743
"RAB27A",3.08672431784004,8.9555349013134,1.51276667872297e-05,0.0012703077582104
"DEFB1",-3.08329502789701,9.32724869659268,0.000197930802727671,0.00356943532912823
"LAG3",-3.07295117069058,8.00120536344768,0.00193497611687942,0.0112317239639322
"LILRA2",3.06865264647964,11.0659780786308,4.66906787019303e-05,0.00189433933980213
"ECE1",3.06836601891779,8.90046870642668,2.83269678135886e-05,0.00164426155156128
"PPBP",3.06764385280116,7.70565974419224,0.000720161025243956,0.00676062276043832
"TNFRSF11A",-3.06157160566881,7.43252190032911,0.00114035382871965,0.00843096792764632
"LILRA3",3.05794375580726,10.9300830959969,2.64845956623598e-05,0.0015894275440743
"RBP1",-3.05680444828271,7.5848751695587,0.00498877810124734,0.0196858685427529
"MSRB1",3.05457995773724,12.2451683313687,1.94461230642855e-05,0.00135924231222978
"ANPEP",3.05234526860714,9.68113914286146,0.000630700240316946,0.00634809940037579
"MERTK",-3.04825894254901,10.0737382752164,0.000464035230300684,0.0054254424134367
"KLRC4",-3.04807251949381,8.47044555533658,0.0115974132082055,0.0339244970321963
"GLIPR2",3.04553676126454,13.4666465632579,0.000157528590406619,0.00321423230081273
"TKT",3.04553585205163,14.9488584235958,1.96841636408477e-05,0.00135924231222978
"HS3ST2",-3.04542689259809,7.45810629171716,0.0146908348310844,0.0400984689972737
"CTSW",-3.04080004765132,8.18649566252786,0.0186323166033235,0.0472267118172239
"F13A1",-3.03995150505581,13.7169054045986,8.97577643295866e-05,0.00241172452283455
"EPB41L2",-3.0367413665236,9.49598717673613,0.000211639347041419,0.00369530561401366
"OLR1",-3.03433741942099,7.362586616288,1.12360104628305e-05,0.00115137194428132
"BLNK",-3.02127068602812,8.0527649682133,2.81803918588463e-05,0.00164426155156128
"TLR3",-3.0058062934732,7.42523854516098,3.43487088342107e-05,0.00170154776531165
"UCA1",-3.00052163910236,7.73797322676595,0.000546193444768878,0.00589197900565618
"LIMD2",3.00005632883007,9.39177576355139,2.60513384325365e-05,0.00158475501952806
"NRP2",-2.99928107146268,7.90825566543452,0.000765716424985185,0.00696055911008648
"PALD1",-2.99569104720783,8.76676749888283,0.000382227875566772,0.00497801371697956
"HS3ST1",-2.99520244814142,7.69396850243094,0.000379962556509201,0.00496859033481679
"PROS1",-2.98343674805943,8.41543561205147,1.58587874774694e-05,0.0012703077582104
"CSF3R",2.92810514884317,13.7917356169177,1.1952878737321e-05,0.00116525243485371
"HSH2D",2.92321632470425,9.37555302463216,0.000328940878548068,0.00454189340448531
"CXCL9",-2.90349616869463,9.35626824896945,0.00141364737162425,0.00941685537695686
"FLT3",2.90325279376638,7.94390381841783,7.06694284262767e-05,0.00215378891283931
"ABCA1",-2.89989437165468,10.6071801921677,9.4711624128839e-05,0.00247083187412815
"LTB4R",2.89304473882849,9.43528570779208,1.79126413445343e-05,0.00132111581199182
"CD22",-2.89179983525539,8.09500179826378,0.0103361631848627,0.0314659112151447
"VIPR1",2.88823462123095,8.40956867617648,3.33528717568329e-05,0.00169053696626155
"PADI4",2.8817464742481,7.50623562327632,0.00010457871226391,0.00259874682370839
"FRMD4A",-2.87655692025048,7.52454026544663,0.00123404905577549,0.00879035973781436
"SERPING1",-2.8622048796654,8.31150316963903,7.57293621253255e-05,0.0022319615100813
"ASGR1",2.86155932381686,11.8255248153005,0.0171913042635966,0.0446650374789843
"IL27RA",2.8581597238443,10.3487497498673,7.37426096688056e-05,0.00221245399672463
"MNDA",2.85680673120872,13.1032584633879,0.00035588349686884,0.00478116273885276
"SYT6",-2.85277731893781,7.44620941929703,0.00117828145471127,0.00858688487331544
"F5",2.84764366377125,7.55149681972679,1.60093421557039e-05,0.0012703077582104
"PLPP1",-2.84437639811675,9.24225805424114,0.00386798373512598,0.0168406231445164
"THY1",-2.82768655718671,7.20976227154703,0.0120189654868338,0.034731481158587
"LRRK2",2.82502865631344,10.4501893625994,0.00311450173041833,0.0148062964414511
"TCEAL9",-2.82110593441995,8.37031266468309,0.00388798749395915,0.0168938610880373
"SIRPD",2.80969034757863,8.06927100043232,0.000160530253160557,0.00325079106533388
"CTSS",2.80708008144316,12.5705207227709,0.000569420140755604,0.00602207336621086
"CP",-2.80294953376183,7.32439749763541,0.012659306423339,0.0361138120589269
"RHOBTB1",-2.80025088618741,8.82488443328672,0.000440734332762204,0.00529438209529826
"PCSK5",2.79914753889929,10.2765738360508,7.92791949433197e-05,0.00226227390713583
"BEX3",-2.79650022448196,9.74899837220118,9.6922491810589e-05,0.00250679805349564
"RAB11FIP4",2.79026983837439,10.5784019266893,0.000728349505769467,0.0068048248401672
"CCL17",-2.79024741209697,7.79511274012147,4.19338764018646e-05,0.00181897532952286
"SLAMF8",-2.78474910322009,11.3680348881108,2.5340320505697e-05,0.00157789884445537
"MYO1G",2.77937272489055,11.3927282360994,3.37128274037042e-05,0.00169053696626155
"MYCL",2.77392668497527,10.6615786105502,0.000425931994761407,0.00523619429390657
"KSR1",2.75471885321891,8.74586330121035,3.77718285113681e-05,0.00176165672977226
"CCND1",-2.74687917716831,7.5410226593709,2.67508642242261e-05,0.0015894275440743
"SLCO3A1",2.74301573677025,8.86891763505411,1.88244817640544e-05,0.0013579435281744
"SLC22A15",2.72031213609768,9.65269662549144,2.84621502702856e-05,0.00164582654490686
"GPR32",2.7184200698884,7.75954175796839,0.0143526304607736,0.0394353756183279
"CMKLR1",-2.70513885886859,11.7948272302807,0.000189101895401354,0.00348589287910763
"KLF10",2.70023892257791,11.4850564633594,0.00042710447386128,0.00523822970845351
"BNC2",-2.6884138846947,7.27573147711223,9.24969553197542e-05,0.00244642382000491
"CARD11",-2.68000467501826,7.9950518713803,4.19818740572412e-05,0.00181897532952286
"CLEC4E",2.66709361182774,7.5147211548025,1.77753150445961e-05,0.0013186682497474
"CALD1",-2.6616833418292,7.40421311444528,0.0184059664141639,0.0468717242509384
"CD44",2.65777560664943,14.5282916073994,2.14752901837155e-05,0.00141383642040669
"CD300LB",2.65704678026654,8.83268977209705,7.56325666416544e-05,0.0022319615100813
"MAPK13",-2.65404025158192,9.00005525895478,0.000383157870751603,0.00497801371697956
"UBD",-2.62466718942952,7.78835013505323,0.00043122013751787,0.00525480436808636
"RARRES1",-2.61521664953599,7.41296356106381,0.00239027257035914,0.012621967100702
"IGFBP4",-2.60672048949695,7.29307074986774,0.00021073120506962,0.00368367835252734
"SEMA4C",-2.60557946129318,10.9869657737176,0.000151768257883878,0.00314453905435696
"FCGR3B",-2.5989953807644,11.6043130826444,0.00173747621623034,0.0105983510784984
"FCAR",2.59221114965435,7.88740821187714,2.20571646657124e-05,0.00143045552997069
"GAS1",-2.57739396158863,7.52361559700824,0.0142536023338954,0.0392415275614772
"GPRC5B",-2.56724938125394,7.58241170628724,0.00304506040178229,0.0145672471186867
"ATF3",-2.56631044712735,10.923566272676,0.000912010409567761,0.00750127328756437
"RAB11FIP1",2.56414395476378,10.6964987490592,3.45388139719721e-05,0.00170271061487569
"HSPH1",-2.548115991895,12.3962832750839,0.0123839848642626,0.0355015347437712
"NEURL3",-2.54163005726421,7.2650276970865,0.00268309665781885,0.0135087958963571
"ITGAL",2.54132135784193,11.10730205335,3.9455638870881e-05,0.00178809273861894
"FYN",2.53946359566872,11.2151057670229,2.64714157176035e-05,0.0015894275440743
"CRYAB",-2.53933412426634,8.04119178416913,0.000438070028970159,0.00528324266501045
"G6PD",2.5283619007338,9.51748193311017,0.000803198972192444,0.00707478136167701
"VNN1",2.52534040723431,9.8245772661451,5.38643759945047e-05,0.00200383318517556
"S100A4",2.50975757372579,15.4000230760929,0.000672999727506068,0.00653574703442675
"CD83",-2.5047422169829,12.3920814337685,0.00367727385132566,0.0163739926032422
"INHBA",-2.49860433860164,7.47088172254269,0.000148421772264523,0.00310908858484693
"ADAP2",-2.48685898922355,13.9442970602665,0.000337972027236209,0.00463469665483162
"GRK6",2.48549832068114,11.1194519731989,8.04386531373548e-05,0.00227783561691632
"HAVCR2",-2.48326142674677,12.1242394445846,3.89342944003671e-05,0.00178209230452749
"RAB3D",2.47101850262026,7.55917373824438,2.24478280155458e-05,0.00144655325618822
"EMP1",-2.46941085976342,9.07627772252268,0.000312663019273582,0.00443561492267969
"CRISPLD2",2.46912220313086,7.95244834215756,3.47337293303942e-05,0.00170396953437624
"EIF4E3",2.46755576328095,8.14990204492576,0.000744332418695618,0.00689015803273139
"NLRC5",2.46197803868407,8.99263000264511,0.000819604503712438,0.00713864719883207
"MIR22HG",2.46100670397137,10.1983304740465,0.000644386144619476,0.00638009406730012
"KCTD15",2.45307195456211,8.02128397799573,6.57712858237777e-05,0.00210589232151935
"MMP9",-2.42321471599811,9.98733880301984,0.00125774136196812,0.00886659014817283
"PGD",2.42307402796301,12.5351868487735,0.000193744349810357,0.00354030846725277
"S1PR1",-2.4124400958253,7.44153610459825,2.68514619569331e-05,0.0015894275440743
"FMOD",-2.41194717149761,7.18123366630567,0.0153381186040759,0.0413871321665516
"HK3",2.41006229319558,11.4720673667087,0.00011635309150922,0.00270979757377062
"LTA4H",2.40752575998045,14.326438956584,0.000165046833800285,0.00330008468508641
"IL10",-2.40671864473468,7.82413878757323,0.000101730570608169,0.00256507739083426
"DPEP2",2.39915496655839,11.0439555718266,3.26362634836295e-05,0.00169053696626155
"CCND3",2.39869150942324,10.7471849186463,3.80433665697868e-05,0.00176165672977226
"SOX4",2.39691057196674,11.2906951496267,0.00165996917849366,0.0102983210773314
"CXCL10",-2.38835439613775,8.93070148140012,2.56273681339082e-05,0.00157789884445537
"COL4A2",-2.38664947022553,8.60802944870503,0.00735486702746989,0.0251977512398653
"BACE2",-2.36619197200371,7.74641086020098,0.0028374583714814,0.0139871352575342
"SESN1",-2.35429564525003,8.97080373552281,5.8243742354374e-05,0.00203625479017315
"BCL11A",2.35421375760254,8.8348603436837,3.37421066296836e-05,0.00169053696626155
"SULT1A1",2.35371877055814,11.5696650645939,8.09872250316871e-05,0.00228507183354712
"EPHX1",-2.346739608146,9.48245952311682,0.00137630147419275,0.0092491351389851
"LILRA1",2.34545898842529,9.28305332561709,3.55381585873707e-05,0.00172672305366369
"TNFSF10",2.34475855357983,11.8902531797917,6.46344561908215e-05,0.00209644887784227
"TCEAL6",-2.34036185298118,11.5392148583854,0.000315983448761376,0.0044655790433025
"CD79B",2.33743613980717,7.4199594522443,4.36288649437059e-05,0.00182953079529745
"CCNY",2.33605647902064,9.15817148527805,7.32257828350988e-05,0.00220518357496274
"PSTPIP1",2.33425654322747,12.3309626265569,3.01415034291676e-05,0.00166893957348994
"ANXA6",2.3336640576723,10.5038432691046,0.00069343875064624,0.0066159451190891
"MXRA7",-2.3315430669405,10.3060297131114,0.00122807424045313,0.00877245328737022
"TLR7",-2.32695172286197,11.2997583471743,5.05896143408337e-05,0.00197922235010098
"CARS2",2.32661137387749,14.2220324233707,0.000255786677396962,0.00404052848873681
"PTX3",2.32608097506778,8.02187242378651,9.04783082755826e-05,0.00242679737611122
"TGM2",-2.32004470806272,7.82695346032625,0.0167432700990087,0.0439095795250429
"MXD1",2.31223943835532,11.5275846740704,0.000473275919586132,0.00547532183640291
"NKG7",-2.31089882319928,11.2450781799726,0.0182653094707197,0.0466150069526271
"ADD3",2.31078393797192,11.3681762798632,0.00298891288942035,0.0144016729059439
"IKZF2",-2.30613575282002,7.74013766349723,0.000973189480634334,0.00774072469743041
"TCL1A",2.29941535255743,7.49833605435522,0.000988091114776216,0.00778421417695443
"ITM2A",-2.29561764677945,8.16449244999144,0.0146718732723394,0.040067747538812
"ADGRE1",2.29065194514198,8.6311240612451,3.25356032156984e-05,0.00169053696626155
"ANOS1",-2.2876999781771,7.16140220504182,0.000928844040729762,0.0075620236463695
"EDA",-2.28513351540714,7.39646108738498,3.95807533653276e-05,0.00178809273861894
"C3AR1",-2.26938895117688,12.3480016427433,0.000445511367254475,0.00531031303459255
"PTPRE",2.26297511014163,12.8143553481137,7.75212290374889e-05,0.00225763613216071
"CISH",-2.26015460428896,10.6740159536409,4.82585762505478e-05,0.00194672792471706
"SPNS2",-2.25398611006576,8.83817123492762,0.00116756583287977,0.00854903282929009
"PTK2B",2.253281129534,10.2477651713261,0.000133053460294501,0.00289481691582085
"SLC16A6",2.25033787986925,8.75324156947618,7.74266610304117e-05,0.00225763613216071
"ZBTB16",2.24570688411396,9.6695914037965,3.39041145916473e-05,0.00169053696626155
"MAP3K7CL",2.24400482521438,7.25293912779822,5.64365828986727e-05,0.00201558346676719
"RNF24",2.23733828304282,8.56361630045451,3.34205236267915e-05,0.00169053696626155
"TMEM86A",-2.23065188412415,8.19865598198855,4.19202108914019e-05,0.00181897532952286
"RNASE3",2.22746899990548,9.3258560813607,0.00540242818633082,0.0206809875853829
"TCEAL3",-2.21902851000977,11.8013456053464,5.76897477438592e-05,0.00203089278631623
"HSPA1A",-2.21584082623369,12.141876142617,0.00329701685799619,0.0153028804871431
"SYNGR1",2.2133760859299,9.32281075361315,5.65921975479741e-05,0.00201558346676719
"CLEC4A",2.2051754945503,11.9999372780591,0.000150741635394835,0.00313180162716482
"MAOA",-2.20121625107627,7.88412792593548,0.00748112449046246,0.0254639528314577
"STARD13",-2.20013932250058,7.60329468613891,6.58489194203306e-05,0.00210589232151935
"CDCA5",-2.19952643505606,7.98151299758974,0.00457891082922067,0.0186892313179785
"TNFRSF10B",2.19866362489774,11.5026347585668,4.3061501680352e-05,0.00182953079529745
"CCRL2",-2.19300996681907,9.94602698362269,0.000212456141237148,0.00370106872386545
"ABCG1",-2.18796642508566,9.22453996407483,3.40205952629856e-05,0.0016908013488872
"IRF1",2.18253790259072,10.854485065918,5.49901680470003e-05,0.00200402164506413
"BCAR3",-2.17719086855477,7.40867573934933,0.00087495543488149,0.00734617492775759
"WARS1",2.1737102946626,12.0159102242305,0.000105564148944873,0.00260458067554097
"IL32",-2.16159275756107,8.34269441479786,0.00255351592898041,0.0130978583288215
"FCGR3A",-2.15956299332536,13.8715673756623,5.07013183140971e-05,0.00197922235010098
"SLC9A9",-2.15725350583214,11.5279858108816,0.000184737150946664,0.00343457529535069
"HSD17B1",-2.15530494690509,8.40792559244176,0.0138601100219574,0.0384292713243261
"ADAMTS1",-2.15349603013919,6.95676534956268,0.0132605063092344,0.037235188321794
"NMRK1",-2.15207878793892,10.1389533988614,0.000203458044662395,0.00359338218713332
"PTTG1",-2.14508165888159,9.19964362779729,0.00244459236740996,0.0127801171273876
"CD101",2.14502699768085,7.56723997035372,0.0041651658638561,0.017649440640157
"PRKACB",-2.14429113492687,9.96624250340313,3.72231027132252e-05,0.00175181317191308
"APOL3",2.13822598469649,9.17494497409273,4.45347570012074e-05,0.00185557420403935
"KRTAP8-1",2.13178180512043,8.08025991157715,0.00107692369652116,0.00815226699250023
"AGTPBP1",2.13125922801536,10.6579403951997,8.29624809063289e-05,0.0023150337791256
"BCLAF1",2.12972238305744,8.10968947758982,0.000292738341539395,0.00425062808407002
"LILRB2",2.1255888045074,13.9496324120892,6.67703686739405e-05,0.0021096968598992
"PSG9",-2.12349737827396,6.986539443239,0.00490835948543316,0.019482200920615
"MYD88",2.10782250883005,11.7744534652138,0.000200358603601421,0.00358344678186357
"PSTPIP2",2.10754280735084,8.6041385938909,0.0006324109637166,0.0063519635825985
"DYSF",2.10392928118985,10.9449306745371,0.00116740418274463,0.00854903282929009
"STK38",2.10322920741398,9.62243125089943,0.00015734226014513,0.00321423230081273
"FAM117A",2.10294387502449,10.3491232427469,0.00057069197311484,0.00602408370716434
"EPCAM",-2.10082044823477,6.95775620461568,0.00117236988350084,0.0085594820875088
"RASSF2",2.10052610398443,13.7117211969883,9.66717190194059e-05,0.00250457155510583
"SP3",2.09539284998398,9.79420943363465,0.000246978338445488,0.00400589419415948
"BDKRB2",-2.09535588429323,7.00339966360678,0.0192469093119454,0.0482855487984273
"CD1D",2.09116439648444,7.11528646906298,0.000101028302907132,0.0025522233066639
"TLR8",2.09041618928394,9.85501860843979,7.94354462395144e-05,0.00226227390713583
"BPI",2.08834422781723,7.02539354654608,6.72720159012676e-05,0.0021096968598992
"CEACAM19",2.08621048943575,8.75160520681526,0.000124591858408206,0.00280762812032829
"GSDME",-2.08603825250101,7.43423206717771,0.000122006757113411,0.0027899082001695
"FMNL2",-2.08276328386622,9.67790818820877,0.0041679886388822,0.0176539631728594
"PTEN",2.08139224906086,10.9772571902356,0.000510678729674272,0.0056980206316114
"DAPP1",2.0795499564102,9.7597425607032,7.9135608126391e-05,0.00226227390713583
"GABPB1-IT1",2.06254755002482,10.305375250562,0.00127254833111609,0.00892250577206708
"RXRA",2.05888098141377,13.0790059162295,0.000793740038229211,0.00703449796118289
"PIMREG",-2.05492572346718,7.39273630533149,0.0166506741740011,0.0437497326949221
"XYLT1",2.05293940695017,7.68742074565727,5.67996475785106e-05,0.00201824542143455
"PWWP2A",2.04501257410945,9.48629367596257,0.0018545259228542,0.0109741751886251
"PTPRF",-2.04013943762659,6.88227830053544,0.000354173972599277,0.00477083948209903
"MAP2K3",2.03709697279147,9.65624494693708,0.00102851943761237,0.00794762998527239
"STK26",2.02635587836902,10.3877152615374,0.00010206158807375,0.00256554153954642
"TALDO1",2.02608749874098,14.7290509960903,0.000270349588873164,0.00411147654758308
"FUCA1",-2.02517220218184,12.2779589240548,0.00111528504989222,0.00833476906081617
"TCF4",-2.02300432207747,11.3103424295458,0.00195693174295118,0.011303083154881
"SEMA4A",2.02261181959318,9.64964413145733,0.00195627453105831,0.011303083154881
"CCR5",-2.0216124689126,11.3744311396334,0.000100303190171147,0.00255085437478731
"EIF4EBP2",2.0169355804053,7.84404577057649,7.69610389539284e-05,0.00225081438540643
"STAT4",-2.01127807808402,7.61772311346008,0.0124918093140386,0.0357499879653556
"PSG8",-2.00619620667467,7.6862059356238,0.000768443173351514,0.00696441756178942
"FGD3",1.99814426582279,12.7664514121106,0.000195608726451951,0.00354144941890628
"CNN1",-1.99763941623826,7.07060153749119,0.00890967665711308,0.0284959753104891
"TMEM131L",1.99761300539693,7.94683557235485,0.000809747033191874,0.00709777111284266
"TMEM164",1.9962205096749,10.6527921152103,0.00018275650037662,0.00342052372838523
"CTSZ",-1.9951682308001,11.9869023038375,0.0180773064214562,0.0463061606969017
"TSPO",1.99223904335596,15.8918262789213,0.000133383863909105,0.00289785971761382
"SERPINB2",1.99212179978105,8.29832865070598,0.00283735285145907,0.0139871352575342
"MAP3K20",1.98646244665311,9.14127788636204,0.00258559772550999,0.0132040867056937
"CD163",-1.98596270113122,15.3863934529476,0.00092170489463609,0.00753976183015467
"ICA1",-1.97998721200541,9.59517477087386,0.000268116383520825,0.0041103971376862
"GSN",-1.97451374917237,10.6405205815672,0.000112723218967615,0.00267217975189168
"CD9",-1.97414343641462,9.17783713877774,0.000552793174689091,0.00591617072531436
"CES1",1.97310200091954,8.48880342478016,0.000219913933930675,0.00376147700130116
"LILRB3",1.97275997383137,13.0577495257649,6.40385114937342e-05,0.00209644887784227
"ING1",1.97188904082311,9.65809975620401,0.000884273297740893,0.00737985880296858
"THBS1",1.96792616551194,10.3153677802006,0.0141470207617865,0.0390397190610143
"LST1",1.96591249605644,13.5168905022853,0.00123845071710541,0.00880933512897059
"IRAK3",1.96528488383384,10.0638026701163,0.000308238365987421,0.00440572281009088
"KLF13",1.96521482195175,9.29542558903167,0.0131366396900385,0.0369966697048343
"TNFRSF12A",-1.96421840789634,9.30578711925282,0.00297338650923368,0.0143690060477997
"METTL9",1.96194960251389,10.4692597970119,0.000813398458808079,0.0071223201975967
"FGL2",1.95385102132432,12.3698520539771,0.00124082780863309,0.00881172620772983
"ETV5",-1.94815369303583,6.88621093181514,0.00154436439583694,0.00992255755466338
"CTSB",-1.94469561328356,13.2643304667299,7.97857832510004e-05,0.0022680040966004
"TREM1",1.94468266015146,10.8319906935282,0.000103186045787821,0.00258526092972187
"SLC39A14",-1.94077584996613,8.36677128370204,0.00446321443806542,0.0183748146112883
"MCM6",-1.93789916755668,8.98766795591138,0.000482440158363514,0.00552897507791433
"SLC46A1",-1.9361750844716,8.97659401578372,0.00057265438634933,0.00603013390554661
"CALR",-1.93182051772355,13.5215980087373,0.0135493818114203,0.0378000532473943
"APPL2",-1.93045444107786,9.16403396461311,0.000923721418344228,0.00754455173479002
"KLRB1",-1.92941966481028,8.44860541759051,0.00602383833369443,0.022251769098573
"RASGRP4",1.92829963781774,10.1894139048327,7.89709191008717e-05,0.00226227390713583
"IMPDH1",1.92047565647706,14.0845873965633,0.000113152044152946,0.00267217975189168
"TBL1X",1.91984011976984,9.39610737649987,0.000847856246557005,0.00725665519142915
"PRELID1",1.91548278617028,13.4521816556128,6.33054164513972e-05,0.00208924981101982
"MLC1",1.91366777587791,8.49618272468819,0.00506491932444384,0.0198677567929177
"IFI44L",-1.9126020490846,11.5201421055548,0.0102331516220197,0.0312815617824474
"ST6GALNAC2",1.91225752651818,7.98968153364166,0.0158427031922203,0.0423362906602155
"DUS2",1.91013797623417,8.38303608762826,0.00107692690609764,0.00815226699250023
"SLC29A1",-1.90121285667688,10.1755629474587,0.000495818302611675,0.00559167841437125
"TNFRSF4",-1.90089507482949,7.62396146959157,0.00655943026494626,0.023417856538015
"CTRL",1.89829970616232,7.66361113922739,0.00042462785760437,0.00523619429390657
"CERK",1.89808901279674,8.97315905853618,0.000194864784965299,0.00354030846725277
"SCO2",1.89797799271041,12.5805782208746,0.000246866474357141,0.00400589419415948
"TPD52",-1.895351486747,7.32058450326938,0.00127614310629936,0.00893535191556199
"GAPT",1.89449755214103,10.8568826831498,0.00442044578726059,0.0182798837913695
"TNFRSF10C",1.89156686283859,9.95813757925255,0.000671368066292128,0.00652879320679851
"DENND10",1.88456603169517,12.8369313792057,0.000167722221660969,0.00331882495705834
"PELI3",1.88175569529644,9.27684984848363,6.24322933054532e-05,0.00207758154660846
"CEP170B",-1.88169652185308,8.23738814725338,0.00085324059490816,0.00727358910726642
"GNG12",-1.8774527790143,6.8769577499898,0.00491482787143967,0.0194952275088301
"LINC00265",1.87630696567174,11.6480050907415,0.000862581012172754,0.00730313468701956
"IFI6",-1.87537985153479,11.6825972808894,0.00400985913277834,0.0172168090602182
"PTGIR",1.86243141822386,9.44423953329565,0.000172698579800955,0.00334147582902408
"TACC3",1.85553039602818,9.50654035918563,0.0011700755451461,0.00855094132175964
"AMDHD2",-1.85445990474409,8.86284117925214,0.0002341653253117,0.00390909579290925
"AKR1B1",-1.85167544267984,11.7276528257546,0.00447366286400696,0.0183979082844288
"RGS2",1.84944508591665,14.5994428018893,0.00204028268200594,0.0115500258243839
"SH3BGRL3",1.8449840944495,14.7348079408017,0.000474086255952563,0.00547581196627214
"GAS7",1.84181453126084,8.82547757641841,0.000316584288410224,0.0044662466216537
"SLC26A6",1.83561865032977,10.0039503389839,0.002067517001746,0.0116153670345597
"TSPAN3",-1.83482355760155,10.9809719116901,0.000134312640929786,0.00290145830008549
"ERC2",-1.83317501655483,6.83411728845304,0.00241594346540886,0.0126783773697142
"BCR",1.83009048855932,9.24496863591118,0.00145399756701624,0.009581674451417
"ANKRD37",-1.82759663559711,9.58659264608394,0.00533626252196789,0.0204904921528344
"STAB1",-1.82388257822028,13.6784766977991,8.83982274899191e-05,0.00239244200816526
"ADGRE2",1.82384327902992,11.3730090773147,0.000202608603141202,0.00359338218713332
"NOTCH2",1.82160838911917,13.1934355585859,0.0001682856886778,0.00331882495705834
"ABTB1",1.81870641212996,11.5944327314212,0.000203298464373364,0.00359338218713332
"CFI",-1.81678446001333,6.73038665787326,0.00880539253438851,0.0282694552803421
"DLGAP5",-1.81615073257356,6.77892242363225,0.0110533275669198,0.032941212157107
"SEMA4D",1.81541604186835,8.82053514672515,0.00527444062452879,0.0203433155003383
"SLED1",1.81104277018522,8.34969684838243,0.00652691379254645,0.0233969650785101
"IKBKE",1.80611539668854,7.55243577049759,9.48829681124388e-05,0.00247085647098282
"SPINT1",1.80194326406564,9.06406567707642,0.000260621962991343,0.00406390010483973
"CAST",1.79642794992639,12.1887259106224,0.00020872431076583,0.00366122182021539
"FPR1",1.79424662216858,14.4867281977351,0.00103611409412292,0.00797834083211208
"RGS19",1.79244401707413,10.9152946037229,0.000557361134050329,0.00595429007362712
"MAST3",1.7915477040108,10.5788103584113,0.000623745309634517,0.00629382317497288
"PDGFC",-1.78743612000834,7.2911646426398,0.000194986476075356,0.00354030846725277
"ITGAE",1.78422852310477,9.28921443318674,0.000453455758256504,0.00535102694899918
"NAAA",1.78237749877815,12.684003543254,0.000131417162048781,0.00288469032275595
"SLC25A4",-1.78218515694691,7.58012026191115,0.000267937549132231,0.0041103971376862
"TTC9",1.77794420116389,7.53196011124693,0.000126265954440653,0.00281456334962822
"TOP2A",-1.77403203040979,6.78376847532425,0.000326891598164835,0.00453450501670929
"INPP4B",-1.77273340368301,7.25548996884977,0.00507346835095166,0.0198807798714952
"KDM6B",1.76787879424911,7.91524029924917,0.00180821245774517,0.0108307581951117
"PRKCD",1.76547356626926,12.236422554394,0.000367071299343456,0.00487122192008315
"ABCC6",1.76510402867472,8.60862802829323,0.000117032008240035,0.00271314448371105
"SAPCD2",1.76367652884858,8.386061758562,0.0018694581371146,0.0110236073091623
"DNASE1L3",-1.76212984312193,7.14807600180875,0.00695129384151128,0.0243149204336973
"MUSTN1",1.7606318102646,7.95873200889954,0.000512915110543139,0.00571094659585717
"TES",1.7509166948635,8.68418099331092,0.00117794074608031,0.00858688487331544
"CALCOCO2",1.7507670615781,9.10908172177567,0.000108864343685668,0.00263170378133674
"ENPP1",-1.74952984435945,6.73519901912693,0.00372357364985662,0.0164856209802094
"NPLOC4",1.74884139721653,10.8688976973919,0.00196629384215067,0.0113270442240256
"SKAP1",-1.74714474776914,7.93373054403676,0.00470123014315585,0.0189293905261091
"IFIT1",-1.7429311007203,11.6852738595233,0.000434695089395582,0.00527676893815758
"SCLT1",1.74263625124348,10.7132348208972,0.00174915055097342,0.0106191942431951
"PTN",-1.74257141939435,6.83558106270968,0.0151083769049234,0.0409350072991404
"LILRP2",1.74055779974576,11.8596047916879,0.00118443226115517,0.00860750743161822
"VAT1",-1.73914647526598,11.971408098913,0.00575231403964988,0.0216376927813493
"LRRC36",1.73869733863547,7.1874474740345,0.000261512094449736,0.00406653980817135
"AHNAK",1.73836925422278,14.610231486435,0.000544039240083185,0.00588878915529187
"ICAM1",-1.73136005002093,11.508079459376,0.000420666956227281,0.0052139389326035
"SLC7A5",-1.73128966200891,7.40565694906002,0.0105223838220883,0.0317760947510563
"FABP5",-1.73090664139554,9.41131491005234,0.00208294663378847,0.0116546918346781
"GSTT2",-1.73025716996107,7.43599037138127,0.000410635596845901,0.00514348496213484
"POU2AF1",1.72950561681553,6.78496041565687,9.07102647582953e-05,0.00242822522767906
"ZG16B",1.72918624467458,9.16326137089067,0.00257177182197252,0.0131644247285621
"CD38",-1.72551237745771,9.19301858584478,0.000241844723122813,0.00397189476161095
"NR4A1",-1.72350477838944,12.194411351518,0.000799360241406605,0.00705962285209736
"CD84",-1.7195957549457,10.4479379140985,0.0068721401845153,0.0241198956672302
"ST6GAL1",-1.71898541617881,12.1695009483928,9.09351111938256e-05,0.00242822522767906
"ZNF281",1.71897576136669,10.0066068810265,0.000875983375582914,0.00734639802425736
"SON",1.71281294889208,8.80367172306178,0.00533685161871234,0.0204904921528344
"GDPD5",1.70976383633135,7.5631657757027,0.000106771627708898,0.00260815596673567
"ZDHHC20",1.70814203217988,9.91709826102916,0.0019601362298682,0.0113129987794443
"GNG7",-1.7061249965093,9.80849588967526,0.000125449479981019,0.0028141932237327
"KLHL8",1.70506697020739,8.25337439342413,0.00037934984856101,0.00496484724347318
"LINC01002",1.70229381889304,13.9774178073002,0.0072873416267043,0.0250390935400157
"MORC4",-1.69707829505536,7.60447146990988,0.000121113632762168,0.00278232043360583
"SLC38A6",-1.69141020872292,7.56127156601025,0.000140228115116709,0.00300453835026012
"TLE3",1.68863966064193,8.73679355382403,0.000940645196340186,0.0076152333657821
"ASPHD2",1.68625371795973,7.91967519239683,0.000607245483304358,0.0061946999344591
"HRH1",-1.68484208731764,7.56730148004198,0.000140866418060713,0.00300532347454135
"ABLIM3",-1.68412133352917,6.79461931993637,0.000103803068034911,0.00258792960438511
"RHOH",-1.67978497624346,7.7484948805721,0.000596080558426691,0.0061086207092676
"ST3GAL4",1.6770401491508,7.87343309324794,0.000131449920677924,0.00288469032275595
"MRTFA",1.67385175851808,10.6012650442077,0.0038267494579531,0.0167041348325346
"H3C1",1.67379064683481,13.8227845983612,0.000122544626361996,0.0027899082001695
"PER3",-1.67333509417675,7.63193479248536,0.00248824716699124,0.0129167794304986
"LAMB3",-1.67243612433913,7.86084425980318,0.00206119789415719,0.0115927135999788
"ZAP70",-1.67208409779072,8.11296504133472,0.0159675414410342,0.0425577234902293
"TBL1Y",1.67091381109764,8.91590821170257,0.00193327273883988,0.0112317239639322
"LINC00482",1.66928693196984,7.66344827269606,0.000922504937914733,0.00753976183015467
"ENOSF1",-1.66403426338042,9.1563902622051,0.00314077623065709,0.0148882143117877
"RIN3",1.66379940299559,12.0765901881647,0.000250965812045673,0.00401153084282279
"PGS1",1.66244088223842,8.03595275777916,0.00075386708922771,0.00692342932111148
"RND3",-1.65723341762585,6.80659863601789,0.00175841759267546,0.0106626853067816
"CAMTA1",-1.65627877635979,6.84413091206073,0.000485182889197659,0.00554369750482194
"CSGALNACT2",1.65421186427378,8.1792495203133,0.000258787071321565,0.00406189949681936
"IGF2R",1.65413355626065,10.0862352702496,0.00760642691051404,0.0257690951307601
"TFRC",-1.65406710948537,11.3121865734281,0.0117043396968013,0.0341230171610333
"IRAG1",1.64358068631917,9.212459614444,0.00752029176571058,0.0255515185819764
"ADAM28",-1.64347951151854,8.27663531542258,0.000452007919583836,0.00534120935589043
"PPM1F",1.64282123118093,8.03965891336671,0.000347562340669988,0.00471557330760418
"KRT18P55",-1.64267830557557,7.7961742282738,0.00420085958771719,0.0177167699972277
"TMEM106C",-1.64021402710375,9.66160677750045,0.00558901044440282,0.0212017138534493
"ENPP4",-1.63955465891761,8.68574664695105,0.00694586967580393,0.0243057492014787
"BUB1",-1.63676803626495,6.76738879638419,0.00234197668413844,0.0124708618390677
"SEPTIN9",1.63032714280973,15.251494217675,0.000462160034183516,0.00541348036607865
"UNC119",1.62892117416537,10.3306565997279,0.000150498526106775,0.00313180162716482
"CD109",-1.62674343257253,7.66448703745575,0.00522349083113488,0.0202185921506488
"NR2F1",-1.62319344765151,6.72987903108894,0.0193891904983071,0.0485304162439525
"LHX2",-1.62106796057429,6.9570017451837,0.00393275616144667,0.0170203061193173
"LINC01001",1.61764221265254,11.7067043632938,0.000293194953984051,0.00425062808407002
"FES",1.61371605994185,12.6004546611123,0.000504530975407723,0.00565107392730337
"BCL2",-1.60873786181996,7.94853528541187,0.000162495044648023,0.00326593399915106
"ADAM9",-1.60674222320712,8.86598138861009,0.000860077434894143,0.00730313468701956
"EHD1",1.60519466481087,11.7468043029408,0.000578417802212647,0.00606213124343545
"EREG",1.60256662278501,7.37584659148275,0.000430827650823599,0.0052542316870291
"ULK1",1.60237106226987,12.9906961395465,0.00319849808226895,0.0150295430240535
"SLURP2",1.60167623417227,12.0129878977024,0.00201044397882331,0.0114598320951818
"LILRA4",1.59798270047281,12.0718816211157,0.000918232254157408,0.00752396342738462
"MITF",-1.59414188690824,9.3805706966226,0.00526726579161537,0.0203318620902689
"CLEC7A",1.58779932950987,9.52987084555024,0.000445552303533673,0.00531031303459255
"GBA2",1.58757236277803,8.69582886373319,0.00656336257234953,0.0234199009855213
"LINC00324",1.58687978082165,7.75728626924553,0.00026219946620662,0.00407306382233941
"GPR68",-1.58284029674662,7.23145295320908,0.00214665279297991,0.0118772098747283
"SMC1A",1.57951605957102,9.1913755073299,0.00154607097778499,0.00992932746205831
"CSAD",1.57919432758829,8.55159462508764,0.00159389339066551,0.0101200202050598
"KRT18",-1.57263089616423,7.383693575952,0.00111716264668258,0.00833738358731171
"SECTM1",1.57216514081851,13.7646054423546,0.000772951503633403,0.00698043139385795
"IL6R",1.57160917041555,11.2062348158587,0.000171676188570595,0.00334147582902408
"S100A10",1.56952370132042,13.7568674252445,0.000127866519903452,0.00283468518176632
"MIIP",1.56781735585548,10.1750122724962,0.00105221658904567,0.00805172072681076
"TXNIP",1.56732488670241,15.597452183821,0.000402328691705598,0.00511223832988518
"RAC3",1.56699219921585,7.50648019821935,0.000217652345756484,0.00375664770836115
"FHL3",1.56658647181066,9.07396881040401,0.000298034786312318,0.00428809179776512
"C9orf72",1.56442376712511,10.0672636828708,0.000964860063018728,0.00771844848531824
"UPP1",1.56422653277875,10.3335112586998,0.000470421171000228,0.00547373004481368
"EGFL7",-1.56334936929669,8.41656389810315,0.000763322349679388,0.00694946975347108
"SEL1L3",-1.5624252125254,9.17463281165176,0.000977014054761547,0.00774279819948599
"PSD4",1.56160508670387,10.0920321379764,0.00223270834127093,0.0121181400621157
"SFMBT2",-1.56095221765022,7.70268224078645,0.0101976134929753,0.0312231338838672
"TGFB2",-1.55701011966772,6.73523330375087,0.00141648420617005,0.00941685537695686
"CCNB1",-1.55491461424285,7.67397122492011,0.00372744207330412,0.0164931449085857
"IGBP1",1.55398770194053,10.0278349968197,0.000924580372773328,0.00754751385353557
"MARCKS",-1.55287303128978,14.1090549051983,0.000186934556606194,0.0034635000277712
"TCHH",-1.55180304318956,6.81651535483287,0.000140467304513082,0.00300453835026012
"ADAM8",1.55007971378206,14.2925437665965,0.00441275055162678,0.0182623433531414
"C1orf162",1.54964439566894,14.2750767703504,0.0044255375473023,0.0182890149509167
"U2SURP",1.54725643118806,8.27851371591439,0.00437237411661435,0.018165635676927
"STK35",1.54608351698163,7.31199802351367,0.000177612665146131,0.00336603301510559
"SLC35A1",1.54584582861002,11.0003731196928,0.0123564840558621,0.0354494264330411
"PTPN22",1.54570190556119,9.07134351481105,0.000268539564334818,0.00411147654758308
"MAPK14",1.54345519543766,11.79825232588,0.00129254046016615,0.00898398323501226
"CTSC",-1.54303787257206,10.5057136210081,0.000140899239699368,0.00300532347454135
"SASH3",1.54149575204461,8.61977567018776,0.000250233543670325,0.00401153084282279
"BCL2A1",1.53786311196238,11.1830391883019,0.000504749273794826,0.00565107392730337
"STOM",-1.53746151842633,11.5766353691896,0.00144700449469774,0.0095632926860727
"EEF2",1.53718019398715,14.1100455654637,0.00289013387285291,0.0141328926373163
"KYNU",1.53693459269808,9.88986711583829,0.000754347868561396,0.00692342932111148
"PTPRC",1.53548388772871,14.404503336938,0.000202014498500021,0.00359241938250952
"PBX1",-1.53453300518833,6.76766391867878,0.0190784412551634,0.0480213397233573
"CD96",-1.53378745757461,6.93938198904937,0.00866308776105143,0.0280069467257106
"VDR",1.53304077063124,9.84770730485937,0.00774614926258707,0.0260569427085654
"USP15",1.53183266843737,12.1561942112545,0.0102047664756821,0.0312261747610008
"PRRG4",1.52941962520763,8.60884267356116,0.000581908568237143,0.00606378649212819
"TNFRSF1B",1.52197072320136,9.62300475878701,0.000266439535243896,0.0041095460973521
"FOXO4",1.51924835555328,8.08551138937336,0.00212512606673072,0.0118211109081349
"ANKRD33B",-1.51831553689172,7.25353927361811,0.00393269322385872,0.0170203061193173
"FGFBP3",1.51564239107545,8.56368189140325,0.00215948653769742,0.0119311758563793
"MAP4K2",1.51526978108134,8.36093161077178,0.000292531054179466,0.00425062808407002
"QPRT",-1.51344292925719,9.56031476321428,0.000366511816240898,0.00487122192008315
"TCEANC2",1.51332433314067,8.54538717923658,0.000269593302174064,0.00411147654758308
"PRDM1",-1.51320614575931,8.22712367654122,0.000207940407945744,0.00365590488328194
"IL16",1.51276453306917,10.6201992787204,0.00023354325937185,0.00390728920630044
"HDAC4",1.51121993035107,8.86445527598511,0.000505326375659777,0.00565107392730337
"MAPKAPK3",1.51043080349878,12.7521094655996,0.00818350695994331,0.0269732929880403
"NDUFA10",1.50812221311639,7.35910205670712,0.000417718961900512,0.00519858426561619
"NAT8L",-1.50739310133173,6.73686423853622,0.00078148699656307,0.00699520555840563
"RBBP4",1.50651482235,8.74294174457632,0.000660639704323644,0.00647689368474192
"HRH2",1.50639921246942,7.50500612819197,0.000394556551531597,0.00505511039232732
"P4HA1",-1.50629716688029,8.82708197082889,0.00342653302404119,0.0157147589619452
"TYK2",1.50450133919621,12.831966350963,0.000279981364950946,0.0041950311312059
"SNX8",-1.50442135297771,9.91716523222045,0.000902883189093277,0.00746252583681009
"VCPKMT",1.50181518746826,8.5114658576825,0.000267923803916563,0.0041103971376862
"APOL6",1.49919237467589,8.5997607994581,0.000272567703643159,0.00412094604267
"CFB",-1.49909593818837,7.33818282178527,0.000171885719529353,0.00334147582902408
"CLASRP",1.49578564071986,10.0009359103821,0.000209396975996351,0.00366878941353976
"GLCCI1",-1.49349991358799,8.67106176628525,0.000220272586591641,0.00376147700130116
"BRICD5",1.49237979390635,8.33767568056522,0.000232916117355527,0.00390108845015732
"KIF2C",-1.49048254080892,8.21318548366083,0.0192229000750962,0.0482491936527585
"UPK3A",1.4900105547579,6.83406655443276,0.000198259624244649,0.00356943532912823
"MCM2",-1.48660465472845,8.34042555509891,0.000755760213339018,0.00692385621955408
"SLC25A20",1.48577787122562,8.88216266943731,0.00116704924315768,0.00854903282929009
"SMPDL3A",-1.4851813408327,10.6201312371505,0.00247620718028043,0.012883393362198
"CXCL2",-1.48382069880726,9.51734358685613,0.0109245160144726,0.0326790006978951
"ITSN1",-1.48342865401288,10.2375939119952,0.00369776871457274,0.0164081083836889
"IL6",-1.48224993474012,7.06781748801198,0.00580366027483387,0.0217439446093989
"IL15",1.48063495274168,10.9335565988993,0.000966408518335079,0.00771844848531824
"TMOD4",1.4804325005032,7.37350335040983,0.000644274559740531,0.00638009406730012
"TCIRG1",1.47899469226631,13.9920726292168,0.000285945637579505,0.00422239228108633
"SLC7A7",1.47763957563265,14.0461350279469,0.000292027043120469,0.00425062808407002
"CTTNBP2NL",-1.47649258034557,8.50066491878621,0.000281047890112229,0.00419860148607738
"CD55",1.4763177706763,10.808715636365,0.00182201065548367,0.0108663286465081
"DUSP22",1.47505486255116,8.17043519886905,0.000419216098420265,0.00520443953042888
"ANAPC1P2",1.47368586603703,9.91739420374625,0.00063256673424201,0.0063519635825985
"ELANE",1.4719047976927,6.86630899549226,0.00219369808034112,0.0120092730042577
"CORO1B",1.46905800824351,11.1458542099772,0.00147630041759419,0.00965659215086986
"MPEG1",1.46857885660187,14.3451672812972,0.000578676922844472,0.00606213124343545
"MIDN",1.46805772460518,7.85348009763319,0.000960667938685262,0.0077056107655725
"MEI1",1.46767038068345,10.1752388917015,0.00317484154704641,0.0149662107857384
"MID1IP1",1.46764005854544,10.3039664988618,0.0113137689980612,0.033409669693692
"TTYH3",-1.46731534867104,11.1274096936443,0.000590070860002034,0.0060880580996682
"TBC1D4",-1.46666771457554,8.89549453133195,0.000222472237877009,0.00377606896610887
"IFITM1",-1.46660042869195,11.2518726135576,0.00302872153034264,0.0145164818888909
"MTHFS",1.46394018328506,11.7140947723805,0.00140278557807205,0.0093650408565934
"TRIM22",1.46309488924706,10.5861689070535,0.00104973698293153,0.00805063037641081
"HIPK2",1.45890334419934,10.120454375942,0.000884746467154488,0.00737985880296858
"SNRK",1.45773683710281,8.69670141527521,0.0114876801122599,0.0337539560765296
"RALGAPA2",1.45527946752243,8.91079207072149,0.00353402933233318,0.0159529587670297
"RRAGD",-1.4544806244537,9.55412682126732,0.000385680588209832,0.0049897584631213
"EIF3L",1.45442297461151,13.935746727062,0.000834037490906487,0.00717638708770631
"BTBD9",1.45423311483653,9.6459276348843,0.000675171043843453,0.00655264916067085
"BCL6",1.45401542514673,11.208112622043,0.000173412509741104,0.00335102598239226
"SNX21",1.45218784767192,8.49716755518917,0.00246542114938734,0.0128492545715842
"SNX15",1.45167436149177,8.0641003054085,0.000277209591015577,0.00416170134270967
"BAX",1.45076559372979,7.39014492254779,0.0123699783275035,0.0354814467002401
"CDS1",-1.44873412516245,6.80125004077231,0.000348520804691419,0.00471557330760418
"ADORA2B",1.44761762454359,7.57325418334035,0.000173807221328948,0.00335439114463279
"INTS6",1.4459242240845,7.66332755772493,0.000988683999507246,0.00778421417695443
"LILRB4",-1.44485548638593,12.5618574798445,0.000390591011455103,0.00502822195718958
"RRM2",-1.44431968276247,6.7905663751686,0.00296811667304028,0.0143526608469306
"KCNE1",1.44212091011256,7.43930064972147,0.00215981898557419,0.0119311758563793
"RMDN2",1.4418607993051,8.10253141815033,0.00141905390805206,0.00942812225148787
"MYH9",1.44177385552873,10.5719513993552,0.000558765425069892,0.00596119592096242
"SMAD3",1.44135271332742,8.47365204369694,0.000174134853982273,0.00335645482808923
"CASP5",1.43979194510349,12.4939068477711,0.000223325102412391,0.00378631901615122
"PROSER2",1.43926251240736,7.90669254940098,0.00181828025152265,0.0108568535787815
"IL11RA",1.4366243419232,10.4514637100295,0.000985297996928456,0.00777199789278421
"IL10RA",1.43662413096342,13.6074314668463,0.0125273930440305,0.0358383358565868
"BEGAIN",1.4357588084929,7.56015418455457,0.000778869353445634,0.00698822721368803
"GZMK",-1.43571177054473,7.26423947769729,0.00256201151746611,0.0131277193927307
"RAD51",-1.43564909080471,7.26303053519781,0.0197186515548934,0.0491608611224293
"NSMF",1.4326848276912,8.68541614569325,0.00590813761902174,0.0219953382888819
"LOC100132287",1.4322744000532,9.28989758742019,0.00151733889437399,0.0098110926469556
"MAGEF1",-1.43150867763498,10.4456488963256,0.00076804408681311,0.00696441756178942
"C5",1.43109457284814,7.4976320750877,0.000234894989125544,0.00391268674109669
"IDO1",-1.42925010194385,8.42181787739783,0.000377599544133329,0.00495649176417553
"COTL1",1.42906193392343,9.27475229434328,0.0178473212988595,0.0458870773141259
"WAS",1.4282700174373,10.1034851582822,0.000226970332587621,0.00383529424221394
"TRIM41",1.42817654712846,9.53642897650289,0.00524760826268872,0.0202861277221581
"LMNB1",1.42230257234079,8.60670242642861,0.000522636387220234,0.00578475558722366
"OLFM1",1.42102205004176,6.7609562524297,0.00412262201609749,0.0175298404059383
"CHP1P2",1.42075027324497,7.69024823771093,0.00115064387437078,0.00848230346167274
"ARMC9",-1.4204871950467,6.56062056563014,0.000706478633580677,0.00669833357823874
"OSBPL8",1.41958934831368,7.68466091402877,0.000246633862987706,0.00400589419415948
"MTSS1",-1.41924350272207,10.8171657016213,0.00302841226802967,0.0145164818888909
"TPX2",-1.41868290592105,7.36247702089146,0.0028263416927581,0.0139691272224456
"SPAST",1.41832923204609,9.40666219413605,0.00119857597385262,0.00865935553935899
"RPGRIP1",1.41832334089469,9.13170879240917,0.0103725368990309,0.0315050012303698
"DIS3",1.41731440885163,8.1484425591584,0.000398869742146718,0.00508041125508148
"PMEPA1",-1.41512366045582,9.78243518671805,0.00887164272010594,0.0284101795088168
"LINC01003",1.41405599635794,9.43471772720454,0.000184681297640373,0.00343457529535069
"PTP4A2",1.41342814377608,9.56744117840265,0.00496219504375807,0.0196217010466648
"AIM2",1.41269707696524,8.87054850682019,0.0188311137588632,0.0475562235212209
"STX1A",-1.41105689922733,7.67875438535939,0.00317423083761768,0.0149662107857384
"PARP1",-1.4108094331705,11.5302561407184,0.00134875934954868,0.00918149342433542
"STMP1",1.4098811023785,7.94255115839823,0.000465425500465138,0.00543639862601675
"IGLL1",1.40978571107398,9.20229951949183,0.00166108506067161,0.0102983210773314
"SEMA7A",-1.40879147505134,6.81201736747716,0.00465474588670085,0.0188419950612048
"PPARGC1B",1.40872556041518,7.62638045278977,0.00156367808471011,0.00999720481159207
"C14orf93",1.40815665162955,9.34022060965317,0.00135182443982899,0.00918586387576898
"GARNL3",-1.40791415731055,7.14002802705587,0.00142917034500304,0.00946638615279015
"ACAA1",1.4057212940305,11.2117178246629,0.000663597803499764,0.0064900291933276
"PADI2",1.4054467726385,7.95361241997431,0.00161553126625851,0.010181930997621
"CFH",-1.40396175362655,6.81532808276502,0.000366140778574795,0.00487122192008315
"INO80",1.40395944680874,7.70510253248558,0.012038723714191,0.0347805680557402
"FSCN1",-1.40242309506889,7.1811570898442,0.00108162523224421,0.00816750572590361
"ACTN1",1.40197628377489,10.6297417338053,0.000429756996376685,0.0052495938963025
"YPEL3",1.40183858917065,10.5883466089269,0.00122445172696664,0.00875068696602847
"DICER1",1.40013475127802,10.7054091894843,0.000676942963207293,0.0065536579871493
"PSMB9",1.39838625165963,13.2235247175769,0.00077812770157115,0.00698822721368803
"DPP8",1.39800618620317,8.57356694859999,0.00600866274571032,0.0222281058226131
"PDE3B",1.39703948755534,7.88240405917541,0.000478823143591491,0.00550411365664354
"FADS2",-1.39699814700529,10.1545293896865,0.00520427236017427,0.0201724179934473
"TWF1",-1.39688924857783,8.37620078886871,0.0102826014618659,0.0313759636902199
"OTUD1",-1.39648139410845,10.847560098883,0.012911913348357,0.0365873631827489
"FCGR2B",-1.39494843727064,10.0641004393881,0.00151107594108721,0.00978307488806058
"KIAA0232",1.39468978020199,10.1131280417956,0.000237776765962479,0.00393706670911697
"HLA-DQA2",-1.39409449179989,13.7254901213952,0.00480350497487089,0.0191945722787056
"ZNF277",1.39293016215336,10.1906900075089,0.00317569451641095,0.0149662107857384
"FAM111A",1.3926484312947,9.88670532616886,0.00019333119567372,0.00353812373502519
"ZBTB8A",-1.39247047623068,6.96564268137709,0.000966836162843981,0.00771844848531824
"TNFRSF10D",1.39228753039311,9.16379673073934,0.00478180886779744,0.0191535125070613
"IL1B",-1.39151585816078,11.7255724332563,0.00980595108434225,0.0303354158036365
"HNRNPDL",1.39073682590695,10.2406735932746,0.00159269020721256,0.0101176410489927
"PSD3",-1.38912291645858,6.67020756219733,0.000897951839562186,0.00744198995970666
"NCK1",-1.38882187105673,10.6975870866363,0.00182050433998551,0.0108616045517849
"GNMT",1.38805532903838,7.39213951529102,0.000759216323843235,0.00694297164943351
"BORCS8",1.38733156670456,10.1491463880732,0.000466360285706552,0.00543776798263752
"ADGRE5",1.38705170286544,13.8725451068097,0.000199636907211766,0.00358344678186357
"ZNF185",1.38674805811776,9.73341208369367,0.0181933713215344,0.0464782111637654
"DENND1C",1.38276465670136,10.6994840079431,0.000780393807717533,0.00699520555840563
"H2AC19",-1.38254530412415,11.6366516763217,0.0132157935495854,0.0371439268715755
"YPEL2",1.38221137570714,10.1777135075075,0.000611830457360363,0.00620728325252595
"TMEM98",-1.38193369141442,6.6919109233719,0.015410058807171,0.0415010048414126
"SEMA3C",1.37953338104221,6.83213864076486,0.00060761168179614,0.0061946999344591
"ENG",-1.37602718139986,10.6007820192778,0.000472953195612553,0.00547532183640291
"DRAIC",-1.37445300777114,6.73188833821389,0.0170204039409651,0.04436858127086
"FAM225A",1.37426462389303,7.34345441807452,0.00103899407388878,0.00798141640410438
"CES2",1.37150280785298,8.89618508022449,0.000742587240406066,0.00689015803273139
"CNN2",1.37116616220765,11.3931326440319,0.00110537125950749,0.00828053702476058
"ACAP3",1.36786892295462,8.12147158231748,0.000473438204554828,0.00547532183640291
"HCG26",1.36745139948491,8.07168319050449,0.00334243285228616,0.0154356369637119
"PAPSS2",-1.36538575975048,8.95217245691831,0.000236742391630771,0.00393054398681306
"WWP1",-1.36408273354776,10.1526565898296,0.000472146650018041,0.00547532183640291
"STAT6",1.36406760359158,13.0244970790157,0.000594211998710943,0.00610409544727659
"ANTXR1",-1.36306446461757,6.66585004666974,0.00403400858368083,0.0172923140869547
"ABRAXAS1",1.36196105465548,8.34081027052827,0.000221940194838004,0.00377606896610887
"ADA2",1.36122104049425,8.94594616788743,0.00319202544735508,0.0150199019193614
"KCTD18",1.36046393540805,7.74182556196047,0.000362259598562772,0.00484116342262095
"PNKD",1.35698279471963,9.05213004336165,0.00701023727410404,0.0244298094556769
"NUMB",1.35648342772616,11.0002596692955,0.000781436998973805,0.00699520555840563
"RPS9",1.3564747168077,14.3645520215036,0.000248946116291926,0.00401153084282279
"ZP3",1.35615153737993,6.92316305590114,0.00308420028779399,0.0146990028131529
"PTGIS",-1.35585977687266,6.53066558180602,0.0137377355923012,0.0382223715491615
"CDC42",1.35525370587707,7.62924294737696,0.000767911197635277,0.00696441756178942
"SDR16C5",1.35452533607628,8.29792363548763,0.000289434523276733,0.00424100035161351
"AGO1",1.35434607471763,10.618543839559,0.000296408028452198,0.00427277089734694
"PDSS1",1.35400352694688,8.6146160487842,0.000882393147456646,0.00737736942634452
"NDEL1",1.35066379279912,9.02401617554178,0.00708647170926161,0.0246390173192617
"CASP8",1.35041321384975,7.42687431340486,0.000677756138310164,0.0065536579871493
"ELAVL1",1.34993806524428,8.71976234403969,0.000304905419381091,0.00437748516232381
"PCCA",-1.34863967832774,10.7672745862417,0.0123997616650705,0.0355333663844717
"SIPA1L2",-1.34852860481277,9.56890102241813,0.00103718893891261,0.00798141640410438
"EIF3E",1.34644556104619,14.2232749063003,0.00219937575625493,0.0120171525401026
"NUDT16L2P",1.34621531239846,7.4849496341524,0.00116845883395825,0.00855017092232145
"NFIL3",1.34604289789182,11.6659926796734,0.000818513029817021,0.0071334934999755
"FAS",1.34554009844984,8.68691035996712,0.000307937812941539,0.00440556750631696
"PSMB8",1.34455994210946,11.6997784830291,0.000361693790967897,0.00483785327444132
"SHMT1",-1.34362611931724,8.31136561109575,0.000618152632994338,0.00624642208809162
"KIFC2",1.3421785851225,8.6710986655143,0.00130948610657309,0.00904834200788876
"SLC25A6",1.34055268010296,13.8212187921826,0.00126847887200628,0.00890629117519457
"PLD4",-1.33765914539409,9.11746768726199,0.00209157571134066,0.0116943689037018
"DACH1",1.33765169045155,6.74664074941664,0.00192986110737515,0.0112277458764198
"MS4A1",1.33736431370806,6.6209080049327,0.000514144616621619,0.00571990587387094
"TFCP2",1.33426188668361,8.41589461190273,0.000272815898230372,0.00412094604267
"ZNF862",1.33279214670842,9.65051749652093,0.000639385405491917,0.00636969787317645
"PIDD1",1.33262411256382,9.25529002730426,0.000350535080505213,0.004733870971267
"TUSC1",-1.3321059344182,8.42100005732684,0.000823830488704571,0.00714211564249612
"B3GNT5",-1.33186357175297,9.93580403701718,0.0109517932331222,0.0327284086243509
"GTPBP6",1.33132439325584,8.38884993136144,0.000272822316587679,0.00412094604267
"CDC6",-1.33125124288649,6.85308215443831,0.0196344884650098,0.0489911895940722
"ALDOA",1.33045347370963,14.6325877895649,0.00466273836114711,0.0188592885628525
"ENC1",1.3285487485096,7.1644907338097,0.000738878733562891,0.00686011463981956
"C1RL",1.3285196558889,8.44904454832354,0.000744661861309009,0.00689015803273139
"TLE4",1.32615700001661,11.3689417042986,0.000371312348313896,0.00490609747450716
"CEP19",1.32197431670906,7.21512359632885,0.0021301083533393,0.0118401636833275
"OSM",-1.32173819476075,11.3627826575967,0.000259076966853944,0.00406189949681936
"NUP210",1.31887081118426,7.51249295828922,0.000541194715320592,0.00587815386395207
"CTNS",-1.31641115234445,10.7398077749027,0.00289338033856592,0.0141328926373163
"CREBL2",-1.31623634572342,9.79421786894469,0.000430324605549796,0.00525230866870089
"RNF213",1.31493102372766,8.68413246792217,0.000402890216267666,0.00511223832988518
"TARDBP",1.3123606082942,8.05768682918854,0.00128930556746184,0.0089696976532295
"IL1R2",1.30736736618372,7.13378637147039,0.00228139930861419,0.0122685716709352
"RORA",-1.30649143435816,7.05398676147505,0.00471356942949379,0.0189688518095967
"CD180",-1.30326920174479,8.60653979177817,0.00662904458441731,0.0235658041233797
"ENSA",1.30268420369086,10.5762344288486,0.0167682860635702,0.0439542252292557
"NOA1",1.30223495997685,11.1142305947873,0.000428933342533847,0.0052437445926485
"WWP2",1.30151550399145,8.63007784566771,0.00251162564373737,0.0129965303810677
"PRPF38A",1.30117871803395,9.78779790327665,0.000833295450365057,0.00717596670959897
"GCH1",1.29940047983161,7.17482196888465,0.000966700459033098,0.00771844848531824
"UBE2D1",1.29776038104168,10.2844523391974,0.000443671680426507,0.00530789425419488
"PROSER3",1.29591115564575,7.83549613905432,0.000825758122816967,0.00714533460576444
"FAM117B",1.29524089482089,7.30578203318955,0.00349510274743919,0.0158619882372591
"ERP44",1.29500086397058,7.25910134398514,0.00180534590583329,0.0108221129428115
"GMDS",1.29493035963677,8.10000371734102,0.000993114275821385,0.00780977269378313
"HPCA",1.29482018809218,8.40870497956175,0.00955458151049799,0.0297941512429062
"NHEJ1",1.29286398820395,7.54823333644341,0.000336927761470525,0.0046287239353602
"LMAN1",-1.29191854820723,8.09448246354946,0.00250627429116706,0.012977670895495
"OGDH",1.29068659376828,8.86388404572983,0.00577819675149473,0.0216852585666585
"LPAR1",1.28976139363234,7.89921956489112,0.0186013322306484,0.0471717626419377
"AKIP1",-1.28898837586437,11.9900316259119,0.00172788937307516,0.0105617932418517
"CENPE",-1.28887023590427,7.09963115173437,0.00475990644532464,0.0190948713322335
"BAHCC1",1.28785171699888,7.40432628791797,0.00123918919460458,0.00881046716762342
"CLK3",1.28610378060855,10.7039206653395,0.00072112082185861,0.00676545679137924
"RDH5",1.28571579510314,7.34172594142538,0.000275894601642861,0.00414605247211919
"MLKL",1.28529730324351,10.7712403994687,0.0115040409672342,0.0337552488963337
"TBCC",1.28527231654521,9.39409008423478,0.000547817762885674,0.00589611644583534
"FCGR1BP",-1.28521559251544,13.0457172872412,0.00139210778085858,0.00931384938928739
"WFIKKN1",1.28513845530489,7.08894610616721,0.000322713221688267,0.00452751169320587
"HLA-DPB2",-1.28360792716193,13.4765078584628,0.00327555626067809,0.0152385009520931
"RHOT2",1.28325992534059,11.3740478352492,0.00660887503403744,0.0235160906686105
"RPF1",1.2828911668095,7.47159261811993,0.00155778217554751,0.00998346031425475
"ADCY9",1.28260491856297,6.89868714339162,0.000262513678016132,0.00407378368905034
"MFNG",1.28202156475594,13.4020917260353,0.000762311551264524,0.00694946975347108
"PTGS1",-1.28001398938463,10.3743055999449,0.00053635859541754,0.00585987178096979
"DEF8",1.27772679372208,11.0204103248454,0.00343398168431968,0.0157260257908006
"RMDN1",1.27599747707806,8.7643697355068,0.00702886724347304,0.0244667001690863
"TMEM97",-1.27593688382503,7.58457902777856,0.000496000406429959,0.00559167841437125
"MTRF1L",1.27450064993917,7.97500562519198,0.0020321999874509,0.0115332736561707
"ANXA2",1.27280727195795,9.81890781709394,0.0145715048768505,0.0398495677337067
"NFATC2IP",1.27232465547116,8.67688752311252,0.000657038066692153,0.00646743224352515
"CCR7",-1.27203192647563,8.36468722471756,0.00447115564334698,0.018397547354984
"ATXN7L3",1.27185400431766,9.3299758136663,0.00352154665014422,0.0159249721841788
"CPSF1",1.27089725097015,8.94737356588586,0.0198140798772822,0.0493340744554203
"TREML2",1.27053994041282,8.43199999809252,0.000706203165405602,0.00669833357823874
"HLA-DPA1",-1.26975286922206,16.2634481629993,0.000524103213423175,0.00579255935300847
"RHOF",1.26797664068384,7.44603739041364,0.00160072570309277,0.0101280473076072
"JCHAIN",1.26771587743739,6.94361400546852,0.000419147299982508,0.00520443953042888
"DOCK2",1.26644230457571,10.5698663864443,0.00444584017167227,0.0183380356199598
"MAN1B1-DT",1.2635880406673,7.54192960223351,0.00111264383011115,0.00831911866682908
"CNTRL",1.25898971975773,9.68143855558299,0.000574239224430945,0.00603013390554661
"NFKBIA",1.25520709114444,14.9883498759591,0.0177494920364578,0.0457554017568717
"KIF11",-1.25232977342186,7.39386591540631,0.00779959465218366,0.0261845994415914
"CMTM1",1.25219650667298,8.04812378274531,0.00237391280330774,0.0125748749260551
"TMEM80",1.25168290913707,8.25101875007248,0.000488911707346414,0.00555707716391948
"TAPBPL",1.25164372975956,9.63569232077481,0.0017657993152685,0.0106861424538811
"SNX25",-1.25138827765245,7.06893856413579,0.000450791785258772,0.00534120935589043
"BANK1",1.25058939928416,7.13499920369442,0.000343081535992757,0.00466689087600881
"TADA2B",1.25030058823578,8.26918619213578,0.00126965122790726,0.00891040880203675
"EPDR1",-1.24997921410747,7.62071339052773,0.00802718063414769,0.0266658717393484
"HACD4",1.24980826322338,11.1546680627309,0.00125909157171186,0.00886904336386937
"ELF4",1.24836382475134,11.8669308919632,0.00124460239075599,0.00882009000867523
"RYBP",1.24768368847278,11.5716059184361,0.000976730865745085,0.00774279819948599
"AP2B1",1.24707555284412,8.76381743123584,0.0195763979657076,0.0488863481547589
"EEF1D",1.24670395803591,13.9779535162314,0.0038196083099877,0.0166875191072998
"DDX28",1.24483691623055,11.8825967826807,0.00166513737436947,0.0103024539529533
"SOX9",1.2441937758192,6.64470535276297,0.00283918243950606,0.0139871352575342
"RADIL",-1.24389554859589,6.60940801966765,0.00440788269166048,0.0182557407338705
"GADD45G",-1.24365889514657,10.6677549589637,0.020068922155987,0.0498184890231175
"PABPC1",1.24244835703198,16.568032242905,0.00225827788152846,0.0122046517492128
"F11R",1.24077673076273,8.12295861004375,0.0017012056635365,0.0104448670694643
"HMGCR",1.23999622112896,10.2263751655644,0.00195226900302484,0.0112933081011798
"MAPK1",1.238863241968,11.2048954349872,0.00060077324386992,0.00614842496148973
"TMEM105",1.23772470535727,7.56992620482814,0.000714586122962857,0.0067415792543543
"RNF112",1.23646526011508,7.02753722978343,0.000872368242005372,0.00733924675401872
"BUB1B",-1.23639195495044,6.84675328508319,0.00760805083752713,0.0257690951307601
"TMEM69",1.23606119006955,10.2157219956271,0.00350198820462646,0.0158742881120594
"TTC31",1.23162433824797,8.16499111920757,0.00893853857349305,0.028540267609843
"SLMAP",1.23114620786161,9.10623745537684,0.000437419961501945,0.00528324266501045
"ZNF414",1.2300883143145,7.39568454568192,0.000910465758991671,0.00749449161116811
"MCAT",1.22835645134616,10.4349803774145,0.00118982980215526,0.00862268099938331
"ATP11A",1.22787055164039,10.6482092410861,0.00146621270796272,0.00962787688372069
"TRMT10A",1.22784687240725,7.38353218866657,0.000428926128602783,0.0052437445926485
"OPN1LW",1.22607741890666,7.42484938561477,0.0010530908588807,0.00805198882949107
"RTN1",1.22375595994074,10.0474303480719,0.00430779227222964,0.0179980507901287
"CLCF1",1.22365998168783,7.36764132766689,0.00380523847284357,0.0166567413537408
"TCF12",-1.2223054185381,9.01913359618777,0.000744832969871805,0.00689015803273139
"CXCR4",-1.22212994754589,14.3822696521185,0.0102024014150197,0.0312261747610008
"IL23A",1.2217073461101,7.78669931289158,0.00116177152897391,0.00852378308285305
"FMNL3",-1.22145032979512,6.67528239076679,0.00539839141407769,0.0206752065772863
"ALS2CL",1.21921626459522,8.27543792491652,0.0033381418752363,0.0154290304490778
"PSME1",1.21884426312521,10.0737650952383,0.000724100453889601,0.00678174882972291
"VPS26B",1.21695310209149,9.91466209398483,0.00309480757373691,0.0147323020448679
"THOC5",1.21531775440099,9.24716274365757,0.00236338900928919,0.0125365957632612
"NOTCH4",1.21503187016677,7.82573153336472,0.000518102013578008,0.00575131052736814
"SBF1",1.21448476947394,9.74162719705585,0.00666425472623934,0.0236395368485514
"RC3H1",1.21435080698316,10.8233111119501,0.000609368168197712,0.0061946999344591
"MARK3",1.21277724031345,10.427386332557,0.000491140097763286,0.00556576647301346
"SAFB2",1.21264141797101,9.48602483856074,0.00037773368981322,0.00495649176417553
"CDO1",-1.21118226785984,6.47317017795674,0.00803539537541946,0.0266658717393484
"ATG2A",1.21036482137755,8.89859962695352,0.00161775550443954,0.0101846835040019
"KCNMB1",1.21035463520679,9.80928327936445,0.00261179053920734,0.01327543800811
"CYB561A3",1.20858258116869,10.8536227771199,0.013777951871965,0.0382992308661752
"IL18",-1.20671453479465,10.1139114778421,0.000462041931624008,0.00541348036607865
"CD8A",-1.20529228400001,7.74025033067877,0.00974795684248595,0.0302134355623
"STYXL1",1.20268361455661,9.03827682565971,0.00205043114904229,0.0115609529667308
"OXER1",1.20159698341341,7.70659332384326,0.000764039546804554,0.00694946975347108
"DPH7",1.20125866721801,7.75365881662332,0.00827495699213414,0.0271745942423615
"NECTIN2",-1.20080154989073,8.64894628332009,0.0155731694398521,0.041813775953623
"DHX33",1.20044160049233,8.12754134826619,0.000541897140798317,0.00587815386395207
"TNFSF13B",1.19782378972421,12.4348283961528,0.000937906179394893,0.00760217189740542
"TNFSF15",-1.19546785836529,6.9475037288322,0.000388588935752103,0.0050166897579949
"GORASP1",1.19489202115389,7.57341152387593,0.0146247491349475,0.0399592498821922
"ABHD2",1.19152724609627,7.29483813371313,0.000404047464967906,0.00511299914963079
"RCBTB2",1.19079713883169,11.1396736682415,0.000660974858930092,0.00647689368474192
"IL21R",-1.19030819768851,8.4252530387413,0.0190720052975262,0.0480130866685613
"TUBB",-1.19010463195246,11.0919664505498,0.000437747565940156,0.00528324266501045
"RCOR1",1.19005910037492,10.4361687654095,0.00282928334213164,0.0139788501823722
"H3-3A",1.1895800873056,16.680640913324,0.000373586247895157,0.00493146158881043
"MIEF1",1.18930944813669,9.68971499020235,0.000446402232574162,0.00531116830846729
"CXXC5",1.18924705967182,9.81925095875251,0.0143949082861369,0.0395072082419666
"ITIH4",1.1869074947386,11.5429635555159,0.00170565430140016,0.010455296499675
"CXCL11",-1.18606205427974,6.88429531429256,0.000437120616602634,0.00528324266501045
"AZU1",1.18503061817778,6.84833612318137,0.00102899023152297,0.00794762998527239
"TTC17",1.184864217582,8.1154910999986,0.00135053924186207,0.00918149342433542
"SETDB1",1.18356085138916,9.60244105294873,0.00134656887488852,0.00917781642089141
"DNPEP",1.18090780742314,8.2961746809526,0.00757578143468986,0.0256941311460222
"MTDH",1.17886124330882,9.21804821702162,0.00241596117947342,0.0126783773697142
"KIF3B",1.17801704362343,9.58464292486676,0.010141710929894,0.0311083380035958
"CHST4",1.17733096891245,7.28175329032635,0.00493604887395098,0.0195462677089882
"ENTPD1",1.17558020126843,9.45445892207478,0.00210382875978667,0.0117326834539185
"POGLUT3",-1.17539821710198,6.6654689721789,0.00887967076176709,0.0284299016726219
"SATB1",1.17527316583073,9.41398455339032,0.000934725811207019,0.00758959430690675
"POMZP3",1.17519797230755,9.37841481026634,0.0181704743436641,0.0464425991260043
"GGT1",1.17483464378048,9.29430695613822,0.00108852398243006,0.00820737368606662
"PIGY",1.17371816236702,12.1804366512446,0.00842398603485406,0.0275272839746585
"SPIDR",1.17349835372772,9.23226347804309,0.000585724902260479,0.00606791846973934
"MIS18BP1",1.17245568180001,11.2061793738364,0.00509396547886736,0.0199200377995924
"CIMAP1D",1.17121940008347,7.07381738182902,0.00146499846057764,0.00962405900149666
"CSF1R",-1.16912643984025,16.8156793905922,0.00136742575737904,0.00921800129353744
"CD33",1.16882901889932,13.5806728770438,0.000385372184639335,0.0049897584631213
"PECAM1",1.1676476077792,12.9271233302828,0.0011257523292855,0.00836416850292001
"EIF2S2",1.16759040155139,7.46704144330701,0.000594954741294918,0.00610531154224907
"PITPNC1",1.1672316467443,7.05633028682249,0.000396230158974815,0.00507149070364753
"VIM",1.16686053606433,16.7495297300233,0.0072034856904273,0.0248734131671428
"SLC35C2",1.16599743528049,9.26605556849435,0.00459737489737008,0.0187077157096781
"NUP214",1.16549047839584,10.1350529773376,0.000686680644729303,0.0065847880351814
"PDPK1",1.16506590352854,8.22985260500489,0.000446671769235249,0.00531116830846729
"DNAJB2",-1.16402806555942,11.9294990443954,0.00263244954531622,0.0133314327955941
"ARFGAP2",1.1638841970169,9.26699788354644,0.00883012344735153,0.0283070230580359
"SMARCA4",1.16271403346594,10.3941309669143,0.00592126403173256,0.0220130613811616
"HNRNPA3",1.16205679369993,10.5563259100513,0.000573703216849149,0.00603013390554661
"MLYCD",1.16141663991654,8.12066610973991,0.000938274372135058,0.00760217189740542
"SLC35E2B",1.15922603914575,11.3049681797894,0.00064314226695763,0.00638009406730012
"ANKRD50",1.15901746647772,7.95529724332438,0.0109691286762309,0.0327544686644647
"SLC4A7",-1.15848886835849,7.98053759988715,0.000404790306164878,0.00511299914963079
"PIK3IP1",-1.15787105194898,8.79568181589921,0.00110354174719893,0.00827547479852134
"LINC00623",1.1572727853756,10.225793662542,0.00305640139912784,0.0146077160521484
"CXCL16",-1.15471978194179,10.7996585715908,0.00103913759075004,0.00798141640410438
"CDH13",-1.15295697311978,6.44583271747909,0.016527456266925,0.0435105793682258
"CXCL5",1.15260463505282,9.28470714337212,0.0135280244320437,0.0377701846085038
"RNF207",1.15120321468915,8.35903486060505,0.000661402938743043,0.00647689368474192
"SMNDC1",1.15056837938924,8.93945584380251,0.000515063868290034,0.00572594393929447
"RAF1",1.15001393614871,10.9951313265579,0.000953778175639355,0.00768094589130823
"AFF3",-1.14988497684434,7.19574912855899,0.00059315463702909,0.00610409544727659
"HSPD1",-1.1498617993645,9.74315568245794,0.0130000227860766,0.0367618612195605
"PAPOLA",1.14964822023484,11.3327257596573,0.00289142991268282,0.0141328926373163
"ECHDC1",1.14936061929472,10.3325221337541,0.0014387050551952,0.00951710590665883
"PPP1CB",1.14848635552263,11.8806289190315,0.000880547133965867,0.00736598504584868
"ZZEF1",1.14673755110653,11.0147616840758,0.000451668271308734,0.00534120935589043
"MRC2",-1.14654934167562,6.62810023926151,0.00925085498213238,0.0291566405910917
"PGLS",1.14605909761591,13.1301250184182,0.00112252298563265,0.00836244762548775
"ADCY6",-1.14570927882638,6.49903680029898,0.00499037855960102,0.0196870757806517
"CFAP410",1.14534619894074,7.63433421636514,0.00121320568488265,0.00871125215094206
"BRD4",1.14499580031906,8.54026948697503,0.000981583021667077,0.00775476082779891
"CHIT1",-1.14482320101483,6.71883885103878,0.00618890246622644,0.0226306392657782
"SRF",1.14432502904069,11.2597692619561,0.00270688397084537,0.0135615915230844
"KRTAP2-4",1.1434672244434,13.1532924154919,0.00719769696888605,0.0248680248769127
"CA5A",1.14198323277272,7.37022304640915,0.00339822791034659,0.0156176650295011
"MX1",-1.14056797502405,12.7344861892383,0.00519965729989871,0.0201622611465731
"HLA-DPB1",-1.13936156501183,16.4028949820933,0.000419958696401935,0.00520940608065304
"CBLB",-1.13921813398192,9.226286274776,0.00413071237318434,0.0175523536662161
"SMAD7",-1.13708620039277,8.9672013957752,0.00619213761945261,0.0226370261818835
"GPSM3",1.13701492497317,11.6789574304265,0.00381744269036712,0.0166874585901417
"CD7",-1.13608495243772,7.89369973290901,0.00239846698250855,0.0126301543871156
"DSP",-1.13521019563221,6.51638856762849,0.000718812878745606,0.0067563079480613
"SLC39A3",1.13455871007691,7.71969158387806,0.000785021553934405,0.0070077617799178
"HDAC1",1.1327529138708,12.1889254289981,0.00444280042761377,0.0183304690458899
"ADD1",1.13263599456149,8.30837258612439,0.000922639187658985,0.00753976183015467
"ARSD",1.13082062558557,7.49787996311307,0.00387686552246974,0.016859985949591
"TXK",-1.1303394198587,6.90541305016368,0.00254050858023568,0.0130742983025492
"TMEM167A",1.12989062096346,10.3915558472207,0.00103196604847966,0.00795848867407642
"GATA3",-1.12984192979596,6.45620298535231,0.00322693665459092,0.0150907910956392
"LILRB1",1.12952688893113,12.6755976175086,0.000985018877776555,0.00777199789278421
"PARP2",-1.12926790882263,9.65400444343492,0.00603685014258935,0.0222694343003785
"GTPBP2",1.12923830496454,7.78898186307025,0.00107972527776844,0.0081572091526589
"DDX56",1.12870955942112,8.73587036536611,0.0050402865288299,0.0198120128018726
"FKBP5",1.12746108335098,10.0663997894228,0.00636093811386195,0.0230357378116205
"STK11",1.12625355667203,7.73206121221006,0.00107095688813731,0.00813542075663945
"DOCK7",-1.12602459198319,8.79140658068679,0.00350153863363826,0.0158742881120594
"RAP2A",-1.12544320344789,8.79557554575846,0.00353275745169915,0.0159529587670297
"CDKN3",-1.12534499332224,7.47199861663669,0.00525089230580219,0.0202893479693734
"FYB1",1.12331912951562,12.2148462145363,0.000841432500480363,0.00722558185618598
"TPST2",-1.12234346012847,11.1151101773795,0.000559744067276061,0.00596119592096242
"RPL34",1.12070142033629,16.3036541528933,0.000528875690807124,0.00582414301650597
"NUP50",1.11971330788368,11.4597767382487,0.000685847828011401,0.0065847880351814
"LAIR2",-1.11858328201365,7.39883363097551,0.00320835627878571,0.0150594698419053
"RSL24D1",1.11845509598414,10.9621058728812,0.000783610180177806,0.0070018470153608
"TAPBP",1.11697756499049,13.6329646098415,0.0175057674306643,0.0452796946997483
"C2CD3",1.11652847735747,7.56472081444992,0.000524101115134331,0.00579255935300847
"SNX19",1.11637005918526,7.93734333396013,0.00114917839326065,0.00847560863467891
"CD93",1.11617374578433,11.5292688775251,0.00280950336523168,0.0139221007424058
"GPCPD1",1.11459078828063,12.2749234574557,0.0019554300476227,0.011303083154881
"RBM15",1.11440424449484,8.24318691290154,0.00109117368399931,0.00820950192492183
"RBM3",1.11317395148157,11.9296232884595,0.0016407773640154,0.0102350049843914
"KIF4A",-1.11303361291859,6.43499954130239,0.00652929725700073,0.0233969650785101
"MAN2C1",1.11228604208649,9.99565563984997,0.0181469443737636,0.0464350455622354
"POLR2A",1.11227207572204,7.29228609318266,0.00144795543200283,0.0095632926860727
"PLSCR3",1.111777056736,12.7115771698015,0.00134745116970079,0.00917781642089141
"AMPD3",-1.1115207325831,10.0234056273122,0.00506093355088164,0.0198623683720795
"TANC1",-1.11076050657633,6.6020981390063,0.00162542442900182,0.0102020035973008
"MAPKAPK5-AS1",1.11044525371619,9.74426108894083,0.00594301545443671,0.0220549973233464
"DEFB4A",1.10822098635315,7.51786360400094,0.00157569868764792,0.0100390555683911
"KDM1B",1.10624935365646,7.33372660059042,0.0020130825321789,0.0114705729297028
"FAM156A",1.1049622681165,12.9163581649837,0.00280276052745898,0.0139022772673177
"IQCK",-1.10361683193694,7.94081710158164,0.00666532969533064,0.0236395368485514
"EWSR1",1.10353965494661,10.0765492559447,0.00443922162348922,0.0183304596009273
"YBX3",1.10350341073267,9.82055331174526,0.00224565196207502,0.0121666815244877
"BTF3P11",1.10174354938,12.9055067041256,0.00661969633152268,0.0235435785336288
"NETO2",1.09987305703166,7.78336581159117,0.00834938317488089,0.0273606279120797
"PRICKLE3",1.09976109966493,7.639265859939,0.00140587703630463,0.00937744647724594
"RFX1",1.09871090488599,10.4978397920582,0.000844867552029459,0.00724281044603383
"NELFCD",1.09855856171395,10.267032753858,0.000702707489266827,0.00668759417820395
"FBP1",1.09781989350519,11.8013868934393,0.00501264695893378,0.0197454020378074
"JMJD7-PLA2G4B",1.09769436325554,11.7978733578506,0.000748238415975638,0.00690905272019278
"ARHGAP5",-1.09760048506259,8.04542024739255,0.00178782338904253,0.0107599973560769
"RUNX1",-1.09617592742305,11.6453214115827,0.00100643008442354,0.00785271727194256
"RARG",1.09521531668855,7.74690225469996,0.00132424709652501,0.00910755449479013
"LEAP2",1.09483159561287,7.31058461826654,0.0049858502658187,0.0196794214488894
"DVL1",1.09432332050554,8.1986188028724,0.00794604484355215,0.0264891385315084
"ITPRIPL1",-1.09398458246817,6.9665056675906,0.00187364020243563,0.0110252630004591
"NABP1",-1.09396058810541,11.5769125346625,0.00348883553139619,0.0158430011231631
"EHMT2",1.09386508392901,8.18812236400186,0.00102221508444197,0.00791022997495831
"FAM8A1",1.09360126898097,7.15293900475407,0.00749605194789886,0.0255033463140147
"CKLF",1.09347860645482,9.65435658169382,0.00987448831920588,0.0304606933790026
"TMIGD3",-1.09343523033673,8.08445816843409,0.0034423947828495,0.0157260257908006
"PAQR6",1.09299550336173,9.64358986253053,0.00302053727519526,0.0145001044448136
"ADCY10P1",1.09274998247242,7.51824217402805,0.000757753021009211,0.00693375929212279
"CCDC126",1.0926786380593,8.0818966727744,0.000652616863244724,0.00643644439443953
"EPB41",1.09266345455557,8.35087297773402,0.0176200431026014,0.0455001491844938
"ADAM22",1.09192227837031,6.64419015223451,0.0169409100692327,0.0442266213754977
"CDK4",-1.09132065625431,10.3748566735763,0.00136547182781847,0.00921555939730773
"SELENOO",1.09014372369825,11.1798073325338,0.000823687353264531,0.00714211564249612
"ECM1",-1.08989878871439,6.78579905904627,0.00125604429681693,0.00886400077308209
"VTA1",1.08977615805346,8.41009218877463,0.00778271334118707,0.026137644584612
"AMIGO2",-1.08925820759159,7.43894835062261,0.00101197844739539,0.00787623757829536
"FAM53B",1.08912659669921,11.2011646993659,0.000583471415463123,0.00606378649212819
"GAPDH",1.08842799338156,15.1973322111058,0.000632815535511689,0.0063519635825985
"STN1",1.08799112388886,7.39425965143116,0.00146700052393418,0.00962889251963361
"SKIC2",1.0872136225139,9.39541929064073,0.00846804669322944,0.0276237782305091
"TMEM191A",1.08720821218171,10.0496497543464,0.00423224525821527,0.0178194866796616
"FLT3LG",1.08716928864209,8.07033530776791,0.00289328249110202,0.0141328926373163
"BTBD2",1.08689524608478,9.84710814985677,0.00218214110461172,0.0119805061079188
"PABPN1",1.08569739617309,12.7218435457012,0.0011058502562657,0.00828053702476058
"NINJ2",1.08500307101607,9.45586267864018,0.000775275033009614,0.00698261722207181
"TSPAN16",1.08481966449002,6.60189515360338,0.00604210932852946,0.0222705765070955
"HLA-DQB1",-1.08463171732906,13.8498905787657,0.00159439560831952,0.0101200202050598
"SLTM",1.08452721348048,11.0826457130644,0.00094305551077675,0.00762871713185788
"IRF4",1.08302685706727,6.85455038049061,0.00143787359298737,0.00951574482252044
"MAN1C1",-1.082859170959,11.5969221824992,0.000558966823262214,0.00596119592096242
"MAP3K11",1.08214939839334,11.2825234702171,0.00112105782231709,0.00836147491995996
"ADAMTSL4",1.08199914804096,9.09521427724515,0.000610294684293782,0.00619908461192937
"ALDH3A2",1.08117988827393,9.8621490140826,0.000634217548213308,0.00635806227635332
"KLHL15",1.07984721818306,8.11612302753005,0.0050353621066093,0.0198028929188813
"PTMA",1.07972324495302,13.5080315288087,0.00116600710406155,0.00854903282929009
"IL10RB",1.07931413320754,11.3004729166427,0.0167914171423674,0.0439751802826113
"BACH1",1.07872876093586,11.9205250741452,0.000551195626196878,0.00591617072531436
"RNF146",1.07857803423673,9.8408961572508,0.0146043503427959,0.0399178576587418
"SFT2D3",1.0780211243803,7.42473420073541,0.00113218742781152,0.0083950786943723
"CAVIN3",1.07782108176073,7.66247124234129,0.000775156465348189,0.00698261722207181
"DGKA",1.07745638555116,8.86688978561278,0.0102520249955839,0.0313140783556616
"LMO2",1.07720431525741,12.8421541067585,0.00946748380624525,0.0295839524571358
"SPTSSA",1.07701536654588,11.6242888808285,0.00117064432801183,0.00855098892430542
"ZBTB22",1.07670415209401,7.74386062101638,0.00059405944926107,0.00610409544727659
"HLA-DQB2",-1.07619412750365,12.9275814626984,0.00566990498983933,0.0214035911696555
"TMEM26",-1.07570088073321,6.41576672183696,0.0022274056837885,0.0121109709113534
"RPL7A",1.07504608555361,13.5710005483702,0.00121953735124945,0.00873216543061765
"CSGALNACT1",-1.07435421919226,9.36713468062243,0.00802824484282506,0.0266658717393484
"MFSD14B",1.07429264883344,9.84720835627025,0.00477789585829616,0.019146835365736
"NECAB3",1.07411492827612,8.34749421037589,0.00461923427779635,0.0187581615211554
"WAC",1.07317844845227,12.8459601091243,0.00207291262742245,0.011632051895938
"KRT23",1.07256210853473,8.23251953074361,0.00964675881259837,0.0300261784735972
"BAZ1A",1.07230923917244,9.8675097163103,0.000571561641138811,0.00602795384080378
"LPAR6",-1.07047685692377,11.6568430405221,0.000639087079278912,0.00636969787317645
"FAM120A",1.07039619934271,11.791529035829,0.0013747874576335,0.00924304494062345
"SPRY3",1.07011005701106,7.00370640381414,0.00138420994426273,0.00927768392787464
"TRAPPC1",1.06988008885043,10.69719661533,0.00187602740220225,0.011032724181242
"ARLN",1.06982564908906,12.1202752682148,0.000677638306903841,0.0065536579871493
"DHRS13",1.06951125050414,7.59667279277296,0.00723639429000583,0.0249266329246679
"CMTM5",1.06868416920909,6.53668916378619,0.00171887785050679,0.0105193941048319
"ZNHIT2",1.06734220700963,8.14979458326611,0.00125596562799753,0.00886400077308209
"ILF3",1.0671229904313,10.6475786116072,0.000744161644720484,0.00689015803273139
"GNPTAB",-1.06640763190454,10.1738530445398,0.0027079247326308,0.0135615915230844
"YPEL5",1.06639705430103,12.2593255615228,0.00387535425313703,0.0168582344055229
"HLA-DRA",-1.06633361107082,16.0567112653795,0.000724430917428839,0.00678174882972291
"ESPL1",-1.06594588559808,7.97853485365034,0.00637427186559175,0.023075440735996
"RNF122",1.06499030956543,10.2373954637433,0.00489609118974973,0.0194716932044231
"TRPC4AP",1.06461204248848,10.212407535004,0.00455186351201006,0.0186255907422523
"MTMR9",1.06428360414101,8.75064851405424,0.000552624322701324,0.00591617072531436
"TMEM242",1.06353777908485,7.76686198114509,0.00231556799940274,0.0123866191118245
"IRAK4",1.06332979865623,8.39415577498599,0.00116187548203277,0.00852378308285305
"KXD1",1.06294492053836,10.1145507084815,0.00103834895391445,0.00798141640410438
"BCAS3",1.06254921556196,8.03032115909421,0.00649147176334034,0.0233441245156963
"FKBP4",-1.0622650790774,10.7937681791863,0.0129528627961072,0.0366692362999251
"PMAIP1",1.06208745527163,9.19935916914448,0.00315080495283324,0.0149043364611782
"GMNN",-1.06204948246907,9.01614783641051,0.00163442383941733,0.0102240512201868
"SMDT1",1.06121609844173,6.88803357835991,0.00219318068968883,0.0120092730042577
"IKBKG",1.06104542261693,10.5070730172536,0.000540152997937208,0.00587815386395207
"CKS1B",-1.06075184166206,10.2926819633293,0.0112901211623785,0.0333633036664533
"BBS5",-1.06017456572084,6.6601349402899,0.00363559872914618,0.0162570377750236
"TAF1C",1.05981377600803,11.9694709019898,0.00663338056213575,0.0235757073122133
"ZNF213",1.0596887538605,10.1608148793813,0.000937892818472156,0.00760217189740542
"HDHD5",1.05963762157871,9.98057740103448,0.000908456262960096,0.00749298340376277
"PGPEP1",1.05948677628932,10.1999904151578,0.00240699622180421,0.0126531623025228
"ARF1",1.05935709138322,10.893711471053,0.00945581054084535,0.0295649602601102
"CENPB",1.05920792407402,9.48124663536302,0.00156748299891101,0.0100118779703648
"CNOT6",1.05905734523299,7.47316142202771,0.00177846405068374,0.0107286320042833
"PLCL2",1.05872285030352,9.2626650555884,0.000857123175850975,0.00728626565586452
"UBTD1",1.05722618975922,8.66931913202553,0.00517753087159139,0.0201020907569982
"NAA38",1.05679122124508,13.67269393462,0.00757008104993442,0.025680524784163
"SAMHD1",1.05670573923337,9.92016473633243,0.00433360973162115,0.0180612597419826
"ADGRB1",1.0566117489034,7.69455652263867,0.000681097776800622,0.00656409061443844
"RASSF1",1.0562518929209,10.2136485502544,0.00974283916334151,0.0302134355623
"ACVR1B",1.05611373073336,8.07084310485725,0.000636716542953719,0.00636632819542417
"HYAL3",1.05595959978947,7.27957069821882,0.00323445160727577,0.0151073525931971
"RAP2C",1.05571213337695,8.15681822410816,0.00396711272786666,0.0171247891334019
"ZC3H6",1.05284710927927,7.87984746869057,0.00232515605693519,0.0124030071251737
"SNHG5",1.05260531316968,13.5351715493986,0.016715867611747,0.0438604062524929
"FNBP1",1.05167066950388,11.1447529687843,0.00214483052106124,0.0118772098747283
"THOC2",1.05163199542595,9.67155179643964,0.000909977581685624,0.00749449161116811
"SZRD1",1.05161900587677,7.32774782474239,0.0081686313203407,0.0269411665184241
"GCLM",1.04958946177925,13.9770353085016,0.0114241106074697,0.0336310248003095
"PPARGC1A",1.04958183507022,6.60888027591882,0.0100710484243169,0.0309665395141553
"MRPL52",1.04954889701373,8.19155635813923,0.00545112571666797,0.0208031919445637
"ZNF511",1.04915019853455,10.5140359764416,0.000799142535167206,0.00705962285209736
"ALOX5",1.04909160387428,14.8294378259026,0.00245141530691719,0.0128005143965538
"LIME1",1.04861225155846,7.8738630785555,0.00165063265923705,0.0102796156763624
"SLC30A1",1.0472624851575,10.0536807907088,0.00229149838517985,0.0123141722409241
"ACAD10",1.04666572050884,9.02266650386129,0.0168196008049219,0.0440186695992518
"ASB7",1.04650952600621,8.0014635876904,0.00146140012987751,0.0096087216494497
"CUTC",1.04641711170334,8.81846119871375,0.00177102549986879,0.0107007373071135
"SNAPC4",1.0463189735631,11.4920618763815,0.00515019067295118,0.0200417450534474
"CD46",1.04576857175903,7.32893276749201,0.00170542718236574,0.010455296499675
"FTSJ1",1.04545580616158,8.76508924329612,0.012414894182293,0.0355633284468473
"TM6SF1",-1.04542403668632,9.09589884811858,0.00103896629505477,0.00798141640410438
"ITGAM",1.04424274595645,12.9358799050001,0.0142157543597984,0.0391583394862913
"CHN2",1.04398942083375,9.96956534954818,0.0011278035577705,0.00837073523990914
"SMC5",1.04267521488056,7.20085196759933,0.00259673892301033,0.013225453965553
"DMXL2",1.04262821552662,8.73175001746561,0.00390419250645059,0.0169545858475444
"LARGE2",1.04252349503402,7.61854606953167,0.00130222424723988,0.00902653890247221
"NMI",1.04146463231626,11.001415588804,0.00207986591284475,0.0116466775998222
"VCAM1",-1.04115845797589,6.41442224028258,0.00575494734071787,0.0216422450933821
"SFTPD",1.04082787375872,6.83604101472446,0.000593314165481669,0.00610409544727659
"BCL2L11",1.04035939541013,9.07417843910952,0.00107819071749151,0.00815371677355091
"OTUB1",1.04028767475817,10.8191719555657,0.00250338450757612,0.0129671224765728
"NFATC3",1.03913765043251,8.52230668335041,0.00607729545014632,0.0223461095758765
"ZNG1E",1.03852216943072,8.04686895966047,0.0200984270723359,0.049862459855805
"NPC2",-1.03809366393125,16.3295262508382,0.000619388985054483,0.00625475941879719
"CD3D",-1.03715594337242,8.53199639057051,0.00665167224670686,0.0236076152923963
"FRMD4B",-1.0367938301685,8.42478783006554,0.00920486865382695,0.029056425735357
"DTL",-1.03637896990204,6.48056745658398,0.0165993558801471,0.0436526031861104
"AKT2",1.0352872230518,6.87261773633476,0.00132207715179694,0.00910192364170567
"GALNT2",1.03519622511077,8.40064963550361,0.0138470852613403,0.0384217444960728
"LTBR",1.03424998744966,11.0762687639065,0.00830927892133023,0.0272689386133026
"ERC2-IT1",1.0341300203943,9.04113067834764,0.0153465262394833,0.0413918549502225
"PTGER4",-1.03321983430551,12.6561127320191,0.0026858777415331,0.0135120174307759
"EEF1A1",1.03291610105922,13.9140037821971,0.00116172592169305,0.00852378308285305
"AZI2",1.03268499950401,11.4712459361765,0.00632690266114842,0.0229531335092426
"ARRB1",1.03248424723963,10.655151850153,0.000826449472089667,0.00714533460576444
"DCLRE1C",1.03243542332698,9.54280732922878,0.00206565996386676,0.0116135145029522
"MLST8",1.03143048696878,8.40875612757898,0.00169738932472451,0.0104382922969714
"KDM7A-DT",1.03114319598119,7.06799566825453,0.00526746032585872,0.0203318620902689
"DENND5B",-1.03065857257391,6.6999063693819,0.00332129026262938,0.0153666511451377
"KMO",1.02970208949189,8.34064871170984,0.000707292106067969,0.00670186813026895
"SRRT",1.02925117430738,8.30558065372937,0.00727587786788453,0.0250060001389351
"CREBBP",1.02859555281156,10.7784126398164,0.00474791536879751,0.0190618524098924
"MCRS1",1.02838944365005,9.85370011722615,0.0114020403976563,0.0335855569179851
"GLA",-1.0282014377148,12.9261095331835,0.00770510239803913,0.0259936107518587
"RPS6KA1",1.02818517429365,11.0645601046887,0.000770720328543635,0.00696441756178942
"PRDX4",-1.02787876499074,12.1222282550619,0.0141565457379085,0.0390589164699042
"CYSLTR2",1.02692968967042,6.55855812333099,0.00113875592276609,0.00842734796760425
"RNPS1",1.02692041441602,10.6267654938468,0.00514355710945756,0.0200315535264099
"ANKH",-1.02657851821809,7.02715205871202,0.00348087113473885,0.0158283119430027
"C16orf54",1.0257682478254,6.8871589308948,0.00234672049164563,0.0124901170407968
"FICD",-1.02576802109328,8.54029485773586,0.00121647922457473,0.00872651700345869
"OAZ1",1.02471088500687,17.340628298046,0.000995989279194025,0.00781579203198283
"GTF2I",1.02290806669089,13.7586223011393,0.00314515424504636,0.0148882143117877
"RASA4",1.02275479415278,11.5787162457607,0.00404764226871344,0.0173301080018564
"RSRP1",1.02196477446068,12.2083345513683,0.00476493145797253,0.0191099888219531
"USP11",-1.02156312518539,10.220926570078,0.00631090205991543,0.0229333807711335
"CIR1",1.02089552048102,10.1103662954299,0.00381066371430138,0.016672201889268
"AKAP8L",1.02034897329326,11.5600622093071,0.0197001508707661,0.049130845267729
"CAVIN2",1.01976715847197,6.87725335062323,0.00160431232686702,0.0101364278633127
"SDK1",-1.01948835325304,6.4749369341194,0.00136163678145288,0.00921555939730773
"KLHL5",1.0188039269349,8.02429763014646,0.00288519460068192,0.0141328926373163
"CNOT2",1.01809100373882,9.34105083065783,0.0154826165765857,0.0416447882732076
"PCBP2",1.0174280970674,10.5716895452407,0.018160299288726,0.0464425991260043
"ING4",1.01733348039444,10.539317415231,0.00128616036981945,0.00896011310316731
"TM9SF4",1.01707566419127,11.1041663362051,0.00816722497567103,0.0269411665184241
"GMPPA",1.01686498202568,8.90788917609824,0.00190585168896252,0.0111434803866751
"DOCK8",1.01463535124125,12.5138991358287,0.0013057380221119,0.00903853611300765
"ARHGEF16",-1.0144818008155,6.59072272088538,0.00593665654369994,0.0220367763525967
"CALCOCO1",1.01434898816445,9.90366533923513,0.016696685010188,0.043825196001888
"PTAFR",1.01344071346879,12.7536215455421,0.00586656004627236,0.0218941460573522
"SWAP70",-1.01269112128614,9.60381959220732,0.00264226074244991,0.0133575362070605
"APOBEC3F",1.01265341295747,8.77702359879788,0.0133764344533704,0.0374677923059952
"POLR2J4",1.01212058839983,9.65073803806136,0.00563789856460003,0.0213286471070739
"TIGD1",1.01197903160825,7.21102734687789,0.00236280868717305,0.0125365957632612
"IL1RN",1.01154818055897,7.77664446580607,0.00462144880084587,0.0187585651589111
"RIPK2",1.01134854769304,10.9072304764542,0.0178297212887206,0.0458613120404406
"CD274",-1.01080543743333,6.65089407446072,0.000788163165237617,0.00701368368457207
"TUT7",1.01070271982204,9.2141594238865,0.0018722142993684,0.0110250267354397
"MAB21L2",1.01051530699114,7.87458971403309,0.0196322628731941,0.0489911895940722
"TNFAIP3",1.00976945601346,8.1337426475613,0.0012080215352862,0.0087031800480011
"TIAM1",1.00975366799348,10.8900909944253,0.000862536660829825,0.00730313468701956
"GSE1",1.00934817480674,8.55026066653187,0.0138267723017742,0.0383928342460074
"TIRAP",1.00900544661896,7.36881068536462,0.000767892023802033,0.00696441756178942
"MCTP1",1.00807586570224,9.23865691959925,0.00286905985357551,0.0140931003509596
"KLHL42",1.00673504946067,7.62966260984408,0.00214741933373951,0.0118772098747283
"SMPD2",1.00618246010328,8.11299529758196,0.0195205315703102,0.0487788767862763
"P2RY13",1.00583192342278,9.908807647266,0.0182773100611787,0.0466299834608967
"HSP90AB1",-1.00582984499054,11.0803114233476,0.000749850719809783,0.00691554259967688
"H6PD",1.00554633267944,6.96634744640929,0.00897198599261546,0.0285930349907158
"JARID2",1.00484697592382,10.1080065257454,0.00214369598744152,0.0118772098747283
"ZFPL1",1.00478658705708,8.46161906595924,0.00160328246970796,0.0101364278633127
"CTDNEP1",1.00444667932589,10.0842237642641,0.00698880509677126,0.0243998503011243
"ADORA2A",1.00348984646806,7.63897754376154,0.00289845553715311,0.014150790307873
"ITGB2",1.00302882740219,15.8035509061077,0.00181086549469103,0.0108338483254371
"LAT2",1.00278907898039,14.7883469702162,0.00548585410370796,0.0209094910298723
"ZNF839",1.00266394154041,8.73127701230105,0.00456969580251013,0.0186867259383098
"OSER1",1.00248769470732,10.8362352270748,0.00395042400937755,0.0170870444637695
"PSMB10",1.0022242325629,14.8269008497357,0.0145009556638622,0.0397209926828851
"FN1",-1.00191784560899,6.39567576789562,0.0194602314949391,0.0486521782960766
"SLC31A2",1.00187282107406,12.2097571764643,0.00725483060067612,0.0249631549093576
"CCL14",-1.00058687245074,6.45062284691862,0.00722012431370012,0.0249003509074201
