CodeClass,Name,Accession,GSM8068020,GSM8068021,GSM8068022,GSM8068023,GSM8068024,GSM8068025,GSM8068026,GSM8068027,GSM8068028,GSM8068029,GSM8068030,GSM8068031
Endogenous,A2M,NM_000014.4,18,10,7,16,13,12,11,9,14,9,16,8
Endogenous,AADAT,NM_016228.3,2,2,4,7,8,6,5,5,2,5,2,3
Endogenous,AANAT,NM_001088.2,3,0,5,5,4,3,3,1,5,2,1,1
Endogenous,ABL1,NM_005157.3,211,169,221,208,225,195,223,241,147,122,206,175
Endogenous,ACAA2,NM_006111.2,470,359,494,536,531,488,350,459,309,314,472,340
Endogenous,ACACA,NM_198834.1,47,34,44,70,35,35,25,39,30,25,36,28
Endogenous,ACACB,NM_001093.3,34,27,33,26,54,38,43,32,30,22,37,31
Endogenous,ACADL,NM_001608.3,3,2,1,4,3,3,3,5,4,3,5,8
Endogenous,ACAP2,NM_012287.5,1634,1273,1538,1525,1723,1443,1469,1710,1141,862,1680,1250
Endogenous,ACAT1,NM_000019.3,108,107,130,144,135,123,101,119,89,66,90,74
Endogenous,ACAT2,NM_005891.2,155,137,126,231,216,163,180,216,142,91,173,144
Endogenous,ACMSD,NM_138326.2,1,2,2,4,3,5,0,2,1,0,5,1
Endogenous,ACOT12,NM_130767.2,21,12,8,19,1,7,11,13,12,12,12,10
Endogenous,ACOX1,NM_004035.5,849,546,747,761,758,751,700,785,516,323,759,528
Endogenous,ACSF3,NR_045667.2,62,46,50,48,63,55,33,44,29,22,40,38
Endogenous,ACY1,NM_000666.2,8,6,11,7,3,4,3,3,4,4,3,1
Endogenous,ADA,NM_000022.2,194,222,80,222,264,208,207,149,209,146,254,178
Endogenous,ADAL,NM_001012969.2,38,19,35,27,38,31,23,29,23,19,24,17
Endogenous,ADH1A,NM_000667.3,6,3,4,3,6,4,2,2,3,2,3,7
Endogenous,ADH1B,NM_000668.4,5,5,4,3,2,7,3,3,3,5,7,0
Endogenous,ADH1C,NM_000669.3,2,5,0,7,4,3,3,1,3,1,3,1
Endogenous,ADH4,NM_000670.3,2,5,1,4,7,2,0,4,4,1,0,4
Endogenous,ADH6,NM_000672.3,3,3,4,6,9,5,4,5,8,3,11,7
Endogenous,ADH7,NM_000673.3,5,2,4,1,2,3,4,2,0,4,3,4
Endogenous,ADK,NM_001123.2,1136,369,406,444,492,1055,536,518,917,703,463,1611
Endogenous,ADORA2A,NM_000675.3,96,163,95,85,68,68,189,182,172,84,149,169
Endogenous,AFMID,NM_001010982.4,155,104,127,140,222,164,169,164,158,124,133,134
Endogenous,AGXT,NM_000030.2,12,9,9,10,21,13,10,12,6,7,15,12
Endogenous,AGXT2,NM_031900.3,10,7,5,8,8,9,3,8,4,8,10,10
Endogenous,AK3,NM_016282.2,107,89,125,159,155,146,147,160,99,90,143,99
Endogenous,AKR1C4,NM_001818.2,3,3,2,9,9,3,2,6,3,10,8,8
Endogenous,AKT1,NM_001014431.1,642,516,592,596,676,582,644,775,557,474,654,533
Endogenous,AKT1S1,NM_032375.3,291,228,261,282,295,279,298,334,212,170,289,260
Endogenous,AKT2,NM_001626.4,698,661,745,740,822,729,695,809,520,477,691,685
Endogenous,AKT3,NM_005465.4,159,165,123,234,216,246,215,202,102,143,208,225
Endogenous,ALDH2,NM_000690.2,2820,1978,3723,2995,3180,2545,2557,3471,1932,1505,2954,2140
Endogenous,ALDOA,NM_184041.2,9837,8199,9864,10185,10015,9236,9063,11037,8020,5594,9764,8963
Endogenous,ALDOB,NM_000035.3,9,6,11,7,4,4,5,12,6,9,6,7
Endogenous,ALOX12,NM_000697.1,8,8,11,5,13,2,7,3,2,6,5,9
Endogenous,ALOX15,NM_001140.3,8,9,4,12,8,7,8,7,3,6,9,11
Endogenous,ALOX5,NM_000698.2,6406,5220,6728,8126,6652,8150,4935,5718,3970,2923,5054,4475
Endogenous,AMDHD1,NM_152435.2,26,8,26,26,18,18,14,35,13,17,26,8
Endogenous,AMPD1,NM_000036.2,4,1,2,5,9,2,5,5,2,2,3,4
Endogenous,AMPD2,NM_004037.6,1490,1643,1533,1517,1590,1092,1703,2471,1580,1203,1858,2043
Endogenous,AMPD3,NM_000480.2,899,428,337,563,700,709,378,475,364,343,601,507
Endogenous,AOC1,NM_001091.2,4,0,4,8,2,9,2,3,7,3,6,4
Endogenous,AOC3,NM_001277731.1,5,3,6,9,1,4,5,1,1,2,5,7
Endogenous,AOX1,NM_001159.3,5,5,1,6,7,7,9,5,6,3,5,6
Endogenous,AP2S1,NM_021575.2,1949,1742,2362,2280,2365,2075,1960,2387,1569,1309,1833,1753
Endogenous,APOA1,NM_000039.1,6,3,2,5,8,2,7,4,3,2,8,4
Endogenous,APOA2,NM_001643.1,2,2,3,3,2,6,3,4,4,4,2,0
Endogenous,APOA4,NM_000482.3,2,3,2,6,3,6,1,4,3,0,3,5
Endogenous,APOB,NM_000384.2,10,5,3,14,13,14,6,7,5,10,10,8
Endogenous,APOC2,NM_000483.3,5,5,11,7,10,9,10,6,11,12,17,9
Endogenous,APOC3,NM_000040.1,5,3,12,8,4,5,10,9,2,4,7,3
Endogenous,APOE,NM_000041.2,9,8,6,10,16,9,7,9,1,3,7,12
Endogenous,APOM,NM_019101.2,37,34,48,37,34,41,58,54,41,38,59,33
Endogenous,APRT,NM_000485.2,1180,902,1312,1182,1344,1207,1310,1424,1069,860,1194,1090
Endogenous,AR,NM_000044.2,5,6,4,8,9,7,6,4,9,4,7,10
Endogenous,ARF5,NM_001662.2,806,596,663,776,805,671,703,855,543,487,712,638
Endogenous,ARG1,NM_000045.3,11,11,38,16,8,6,2,10,3,5,5,8
Endogenous,ARID1A,NM_006015.4,761,512,755,697,849,764,609,765,505,424,691,591
Endogenous,ARID1B,NM_020732.3,448,362,471,512,525,417,429,538,321,233,475,375
Endogenous,ARID2,NM_152641.2,557,446,653,614,680,583,605,606,468,372,670,440
Endogenous,ARPC4,NM_005718.4,6922,5954,7115,6961,7832,6700,6537,7796,5803,4404,6706,5953
Endogenous,ASCL1,NM_004316.3,9,6,5,11,7,4,6,6,7,5,7,11
Endogenous,ASH1L,NM_018489.2,774,564,629,712,841,756,678,706,517,373,720,559
Endogenous,ASL,NM_000048.3,363,266,315,383,349,358,306,353,267,191,302,277
Endogenous,ASMT,NM_001171039.1,4,7,1,7,3,6,5,5,3,1,0,6
Endogenous,ASNS,NM_183356.2,11,22,29,14,49,20,43,37,5,19,27,21
Endogenous,ASPA,NM_000049.2,3,1,3,3,3,2,3,4,2,5,6,4
Endogenous,ASPG,NM_001080464.2,3,3,7,5,7,1,2,6,3,1,1,0
Endogenous,ASS1,NM_000050.4,10,6,6,5,11,7,6,5,2,7,4,4
Endogenous,ATF4,NM_001675.2,4186,4261,5014,4363,4504,3454,5112,6115,4012,3243,4950,4697
Endogenous,ATF7,NM_001130060.1,471,360,424,459,540,508,394,393,318,285,448,347
Endogenous,ATF7IP,NM_018179.3,937,569,758,854,1020,863,715,857,552,481,851,531
Endogenous,ATG101,NM_021934.4,237,219,258,224,236,229,221,232,199,157,238,199
Endogenous,ATG2B,NM_018036.5,292,219,289,293,312,294,323,283,234,153,323,228
Endogenous,ATOX1,NM_004045.3,605,558,647,694,713,654,516,578,494,345,539,479
Endogenous,ATP5F1D,NM_001687.4,782,674,751,869,870,764,868,866,615,519,788,743
Endogenous,ATP5ME,NM_007100.3,1117,1043,1163,1213,1287,1081,1199,1324,905,710,1150,1043
Endogenous,ATP6V1F,NM_001198909.1,2830,2459,2518,2771,3059,2673,3402,3427,2486,1790,2866,2895
Endogenous,ATXN7,NM_001128149.2,958,771,827,975,1047,889,942,930,741,519,935,785
Endogenous,BAD,NM_004322.3,140,108,105,148,145,118,119,147,121,65,111,137
Endogenous,BCL2,NM_000657.2,94,176,136,91,99,88,134,147,125,114,143,151
Endogenous,BCL2A1,NM_004049.2,1626,1464,1227,1267,1141,1709,1004,954,1362,865,1498,863
Endogenous,BCL2L1,NM_138578.1,268,180,208,224,236,209,159,186,153,99,199,185
Endogenous,BHMT,NM_001713.2,6,2,1,1,1,3,2,0,2,4,1,3
Endogenous,BHMT2,NM_001178005.1,5,5,2,9,3,7,4,2,3,4,3,4
Endogenous,BIRC3,NM_182962.1,149,159,133,155,179,143,218,212,164,93,176,137
Endogenous,BLK,NM_001715.2,8,5,7,4,8,10,3,5,1,6,3,4
Endogenous,BRAF,NM_004333.3,436,350,417,414,468,405,463,497,324,252,418,379
Endogenous,BRCA1,NM_007294.3,50,28,43,38,40,34,51,45,34,21,53,27
Endogenous,BRCA2,NM_000059.3,32,35,19,44,58,35,17,28,27,25,24,33
Endogenous,BRCC3,NM_024332.3,272,201,243,289,319,248,225,294,174,157,276,213
Endogenous,BRIP1,NM_032043.1,29,18,24,19,30,27,28,28,22,18,36,25
Endogenous,BTK,NM_000061.1,844,660,642,870,1061,857,752,855,627,523,839,620
Endogenous,BUB1,NM_004336.3,8,7,9,12,4,9,12,6,16,7,4,10
Endogenous,BUB1B,NM_001211.4,27,13,12,18,19,20,16,17,15,11,21,14
Endogenous,CA12,NM_001218.3,2,9,2,4,3,5,9,2,5,4,3,4
Endogenous,CA9,NM_001216.2,15,2,10,4,5,4,6,8,2,0,7,3
Endogenous,CAB39,NM_001130849.1,916,532,651,816,832,761,628,718,560,442,670,639
Endogenous,CACNA1A,NM_001127221.1,2,7,2,7,4,6,3,6,3,3,3,3
Endogenous,CACNA1E,NM_000721.2,5,3,0,5,2,4,2,3,2,3,2,3
Endogenous,CACNB4,NM_000726.3,14,4,16,15,26,20,13,35,16,9,33,18
Endogenous,CACNG2,NM_006078.3,1,4,6,5,4,3,5,3,1,4,4,5
Endogenous,CACNG3,NM_006539.2,3,5,5,4,6,5,6,2,8,1,6,5
Endogenous,CACNG7,NM_031896.3,0,0,0,4,0,3,0,0,0,2,6,0
Endogenous,CAD,NM_004341.3,92,75,83,68,113,97,84,83,51,55,73,55
Endogenous,CARD11,NM_032415.2,7,6,5,4,3,7,1,3,7,1,2,10
Endogenous,CAT,NM_001752.2,2614,1878,2392,2272,2485,2383,2559,3000,2103,1364,2955,2224
Endogenous,CBL,NM_005188.2,831,681,774,754,725,743,651,594,587,460,614,492
Endogenous,CBR4,NM_032783.4,309,192,233,268,355,386,247,251,208,199,286,189
Endogenous,CCL13,NM_005408.2,2,2,3,5,6,1,4,6,3,2,2,3
Endogenous,CCL19,NM_006274.2,4,5,3,4,5,4,2,1,2,0,6,2
Endogenous,CCL4,NM_002984.2,213,785,256,162,165,175,3075,511,274,237,917,523
Endogenous,CCL5,NM_002985.2,78,68,30,19,100,60,53,46,42,32,36,47
Endogenous,CCNA1,NM_003914.3,8,8,5,4,1,4,1,3,4,2,4,3
Endogenous,CCNA2,NM_001237.2,9,14,20,22,15,14,6,15,7,4,17,5
Endogenous,CCNB2,NM_004701.2,20,8,10,10,10,18,10,8,8,10,6,11
Endogenous,CCND1,NM_053056.2,11,8,14,12,7,5,10,8,8,7,12,11
Endogenous,CD14,NM_000591.2,26387,20749,24757,24534,23217,23249,19723,20062,17478,11034,19951,18323
Endogenous,CD163,NM_004244.4,1464,992,2230,1083,1478,1457,1390,1531,893,812,1312,1363
Endogenous,CD180,NM_005582.2,372,319,320,357,302,584,178,124,141,239,231,236
Endogenous,CD19,XM_011545981.1,4,6,3,6,7,11,10,13,3,2,11,6
Endogenous,CD209,NM_001144899.1,42,44,33,50,138,61,34,40,27,37,29,23
Endogenous,CD244,NM_001166663.1,202,147,122,177,251,216,187,201,162,138,194,227
Endogenous,CD247,NM_000734.3,6,8,9,5,8,13,8,10,4,1,8,11
Endogenous,CD27,NM_001242.4,7,8,3,8,9,7,8,2,2,4,6,5
Endogenous,CD274,NM_014143.3,5,10,15,29,25,26,2,3,4,3,15,3
Endogenous,CD276,NM_001024736.1,21,17,12,20,15,23,15,24,13,17,20,14
Endogenous,CD28,NM_001243078.1,3,4,4,3,9,6,7,3,3,2,6,5
Endogenous,CD36,NM_000072.3,9743,9407,6627,9979,7472,11930,7074,8006,6469,3385,4882,8213
Endogenous,CD3D,NM_000732.4,14,7,8,3,8,10,6,8,5,3,11,11
Endogenous,CD3E,NM_000733.2,12,6,8,6,8,10,6,4,4,3,2,7
Endogenous,CD3G,NM_000073.2,8,4,3,9,6,10,5,4,5,7,4,6
Endogenous,CD4,NM_000616.4,3128,2956,2015,2869,3254,2630,3780,4009,2459,1946,3342,2999
Endogenous,CD40LG,NM_000074.2,12,5,7,8,12,17,7,4,7,8,4,8
Endogenous,CD6,NM_001254751.1,5,4,4,2,5,10,3,3,5,4,6,5
Endogenous,CD63,NM_001780.4,4806,4796,4816,5989,5601,5137,3910,5490,3243,2529,4054,4710
Endogenous,CD68,NM_001251.2,8315,7020,7135,8374,8229,7901,7143,9230,6037,3609,7808,6501
Endogenous,CD84,NM_001184879.1,742,453,486,674,679,842,463,496,386,298,508,471
Endogenous,CD8A,NM_001768.6,16,10,6,5,9,5,15,4,6,5,9,5
Endogenous,CD8B,NM_172099.2,7,4,5,3,3,11,5,6,7,4,4,5
Endogenous,CDA,NM_001785.2,1282,904,1152,795,1349,924,1163,1401,1118,406,1621,982
Endogenous,CDC20,NM_001255.2,4,4,8,3,5,2,5,3,2,3,2,4
Endogenous,CDCA5,NM_080668.3,8,5,14,9,6,4,8,8,5,8,10,3
Endogenous,CDCA8,NM_018101.2,20,7,11,13,12,10,8,15,9,9,8,11
Endogenous,CDK9,NM_001261.2,465,380,525,450,463,429,435,687,398,272,434,471
Endogenous,CEACAM3,NM_001815.3,25,44,20,18,48,31,17,11,23,11,24,21
Endogenous,CENPA,NM_001042426.1,16,12,9,14,16,20,17,18,10,9,10,12
Endogenous,CHMP2A,NM_014453.3,725,613,766,746,721,654,589,782,522,377,650,633
Endogenous,CHMP6,NM_024591.4,386,299,301,351,361,343,287,347,285,201,326,267
Endogenous,CLOCK,NM_004898.2,92,59,79,76,92,104,77,84,65,67,73,59
Endogenous,CLSPN,NM_022111.2,9,7,16,7,10,14,15,15,5,11,7,7
Endogenous,CMKLR1,NM_004072.2,279,309,167,419,602,373,99,249,152,178,141,168
Endogenous,COL4A1,NM_001845.4,2,4,4,13,2,4,2,8,2,0,6,4
Endogenous,COL6A1,NM_001848.2,6,5,4,1,6,5,4,7,0,3,1,3
Endogenous,COL6A3,NM_004369.3,5,1,1,3,2,2,1,2,2,2,8,0
Endogenous,COPS6,NM_006833.4,1157,877,1041,1190,1319,1094,1063,1308,930,702,1146,990
Endogenous,COX14,NM_001257133.1,890,745,906,1061,1086,965,892,998,601,490,785,756
Endogenous,COX4I1,NM_001318797.1,3238,2368,3059,3275,3427,3091,3220,3705,2498,1766,3441,2752
Endogenous,COX5A,NM_004255.3,1685,1578,1699,1872,1889,1630,1928,2021,1611,1176,1813,1499
Endogenous,COX5B,NM_001862.2,3022,2471,3303,3352,3577,2985,2892,3369,2366,1709,2930,2524
Endogenous,COX6A1,NM_004373.2,2121,1789,2307,2547,2490,2110,1941,2241,1643,1240,2078,1833
Endogenous,COX6B1,NM_001863.4,3164,2809,3342,3159,3694,2958,3174,3362,2583,1914,3111,2833
Endogenous,COX7B,NM_001866.2,1788,1488,2156,2060,1995,1763,1622,1893,1460,1051,1798,1519
Endogenous,COX7C,NM_001867.2,1445,1266,1586,1587,1875,1464,1606,1661,1274,957,1522,1217
Endogenous,COX8A,NM_004074.2,2057,1708,2306,2221,2332,1991,1989,2310,1813,1292,2125,1812
Endogenous,CPA3,NM_001870.2,1,0,1,4,3,2,3,4,1,1,2,3
Endogenous,CPS1,NM_001875.3,5,5,4,3,1,6,3,3,0,3,8,2
Endogenous,CPT1A,NM_001876.3,388,256,453,401,398,431,213,314,271,248,419,200
Endogenous,CREB3L3,NM_001271995.1,6,8,8,5,4,3,8,4,2,2,4,6
Endogenous,CS,NM_004077.2,897,745,830,877,944,789,1045,1132,743,570,943,736
Endogenous,CSF3R,NM_000760.3,8216,5652,5692,7226,7905,7464,7345,8958,5264,3811,7815,7038
Endogenous,CTCF,NM_001191022.1,511,348,433,511,560,470,458,466,366,270,488,373
Endogenous,CTLA4,NM_005214.3,4,12,3,5,5,3,4,6,4,2,1,4
Endogenous,CTPS1,NM_001301237.1,122,90,149,110,136,124,215,158,130,87,110,104
Endogenous,CTSA,NM_001127695.1,2980,2415,2799,2903,2722,3167,2234,3260,1923,1133,2687,2572
Endogenous,CTSD,NM_001909.3,6985,6575,7246,5968,6129,6427,4812,6408,4830,3106,6590,5217
Endogenous,CTSL,NM_001912.4,154,173,132,206,220,321,80,71,93,99,149,75
Endogenous,CTSS,NM_004079.3,70574,53032,52370,69831,69132,66981,53167,65278,51339,34802,64754,61350
Endogenous,CTSW,NM_001335.3,18,20,13,18,12,16,16,13,9,13,10,16
Endogenous,CTSZ,NM_001336.3,7608,6971,7692,8542,8506,7938,7304,7881,5229,4439,6834,6871
Endogenous,CXCL9,NM_002416.2,13,20,6,21,32,15,22,42,19,12,24,18
Endogenous,CXCR6,NM_006564.1,7,1,2,4,5,10,8,2,7,4,8,5
Endogenous,CYBB,NM_000397.3,18074,12740,13454,17622,16997,19619,14427,15994,11860,8518,15502,13964
Endogenous,CYP1A1,NM_000499.3,4,4,1,4,4,3,5,5,5,1,1,7
Endogenous,CYP1A2,NM_000761.3,9,1,5,8,8,5,6,6,1,3,4,2
Endogenous,CYP1B1,NM_000104.3,1276,797,1209,927,826,750,558,819,642,522,732,952
Endogenous,CYP4A11,NM_000778.3,7,3,1,4,4,4,4,2,2,3,5,3
Endogenous,CYP4A22,NM_001010969.3,1,7,1,3,2,9,5,6,2,1,1,4
Endogenous,CYP8B1,NM_004391.2,1,0,3,5,4,3,3,5,2,1,4,1
Endogenous,D2HGDH,NM_001287249.1,123,106,103,129,139,135,95,117,94,52,108,90
Endogenous,DAO,NM_001917.4,5,3,3,4,6,4,1,2,3,5,2,4
Endogenous,DCK,NM_000788.2,615,539,635,652,588,661,620,592,446,384,565,438
Endogenous,DDC,NM_000790.3,8,4,3,3,1,5,1,4,1,3,4,2
Endogenous,DEPTOR,NM_022783.3,21,15,17,17,29,22,20,21,16,19,19,17
Endogenous,DERA,NM_015954.2,289,200,297,305,316,279,309,307,257,184,285,252
Endogenous,DGLUCY,NM_001102369.2,584,567,586,661,733,697,671,684,495,404,482,491
Endogenous,DGUOK,NM_080916.2,799,592,650,783,830,720,652,737,581,424,649,630
Endogenous,DMGDH,NM_013391.2,3,7,4,5,1,3,1,2,0,3,3,1
Endogenous,DTL,NM_016448.2,4,5,2,4,8,3,5,4,2,2,6,1
Endogenous,DUOX1,NM_175940.1,1,5,3,6,0,2,3,4,1,3,4,2
Endogenous,DUOX2,NM_014080.4,7,7,10,11,10,5,5,6,3,8,5,4
Endogenous,ECHS1,NM_004092.3,162,130,156,216,219,158,124,172,103,93,155,114
Endogenous,EEA1,NM_003566.3,558,382,467,565,678,518,428,500,357,303,527,408
Endogenous,EFNA4,NM_005227.2,42,26,30,43,50,37,30,38,22,14,36,41
Endogenous,EGFR,NM_201282.1,2,4,8,4,7,3,3,5,3,4,3,2
Endogenous,EHHADH,NM_001166415.1,18,11,14,13,32,26,11,9,11,7,15,8
Endogenous,EME1,XM_011524392.1,7,7,5,6,6,2,8,8,4,3,3,6
Endogenous,ENO1,NM_001428.2,1923,1598,2122,1841,1801,1857,1877,2121,1351,1086,1636,1705
Endogenous,ENO3,NM_001976.4,16,16,11,13,21,17,17,25,15,10,12,14
Endogenous,EOMES,NM_005442.2,2,2,0,1,3,4,6,0,2,2,5,0
Endogenous,EPC1,NM_025209.2,557,430,474,493,642,481,567,607,418,289,512,474
Endogenous,ERCC6,NM_001277058.1,72,61,65,89,80,63,82,82,53,47,63,67
Endogenous,ERN1,NM_001433.2,378,315,406,401,371,346,367,294,272,202,341,328
Endogenous,EXO1,NM_003686.3,6,12,9,8,5,8,5,8,11,3,9,11
Endogenous,EZH2,NM_001203247.1,49,47,62,57,66,51,54,72,49,28,55,50
Endogenous,FABP5,NM_001444.1,267,191,105,227,223,262,251,169,140,182,210,196
Endogenous,FAH,NM_000137.1,130,100,121,102,185,124,164,154,94,70,176,129
Endogenous,FAHD1,NM_031208.3,128,86,188,151,136,174,162,154,80,82,108,101
Endogenous,FAM30A,NR_026800.2,3,2,6,3,4,4,7,8,3,3,6,3
Endogenous,FANCA,NM_000135.2,3,5,7,8,10,4,9,8,4,6,7,6
Endogenous,FANCD2,NM_033084.3,49,40,59,55,81,53,63,58,34,50,75,40
Endogenous,FANCI,NM_001113378.1,30,23,32,22,27,34,38,47,29,21,37,37
Endogenous,FASLG,NM_000639.1,5,4,3,4,1,7,2,0,5,3,5,4
Endogenous,FASN,NM_004104.4,94,136,97,130,120,98,123,114,69,55,71,80
Endogenous,FBP1,NM_000507.3,1405,1368,1592,1380,1622,1508,972,970,1004,926,966,869
Endogenous,FCAR,NM_002000.2,745,1315,1346,559,863,474,852,1728,881,731,1088,1525
Endogenous,FCRL2,NM_001159488.1,2,6,3,8,10,10,5,3,8,7,9,11
Endogenous,FDX1,NM_004109.4,438,399,443,430,502,418,616,514,416,338,602,488
Endogenous,FDXR,NM_004110.3,11,13,9,15,12,8,16,11,9,6,15,7
Endogenous,FGF1,NM_033137.1,5,2,1,3,6,3,2,1,3,4,4,2
Endogenous,FH,NM_000143.2,383,310,362,353,394,383,391,376,286,245,344,272
Endogenous,FLT1,NM_002019.4,116,114,88,65,64,39,84,94,50,54,53,102
Endogenous,FLT3,NM_004119.2,3,10,24,2,5,5,6,8,3,6,6,11
Endogenous,FNIP1,NM_001008738.2,713,507,625,751,781,706,800,816,521,395,796,567
Endogenous,FNIP2,NM_020840.1,293,282,327,328,365,349,301,367,264,220,315,294
Endogenous,FOLH1,NM_004476.1,1,2,5,5,4,4,0,5,2,2,4,3
Endogenous,FOLH1B,NM_153696.2,6,7,4,9,7,5,2,5,4,4,6,10
Endogenous,FOLR1,NM_000802.2,3,4,2,5,4,4,4,3,1,2,4,1
Endogenous,FOLR3,NM_000804.2,298,94,252,248,1344,152,1132,234,224,87,361,215
Endogenous,FOXM1,NM_202002.1,11,9,14,4,4,6,5,4,8,1,11,10
Endogenous,FOXP3,NM_014009.3,4,2,2,5,5,8,3,8,4,2,3,2
Endogenous,FPR1,NM_002029.3,1729,1074,3216,2345,1959,1249,1698,2141,1642,642,2173,2057
Endogenous,FTCD,NM_006657.2,4,9,4,15,9,10,5,10,8,3,6,10
Endogenous,G6PC,NM_000151.2,0,2,4,4,3,0,0,3,3,3,5,3
Endogenous,GABARAP,NM_007278.1,11895,9941,11510,12957,13848,11870,11119,13308,9147,6829,10768,10102
Endogenous,GAD1,NM_000817.2,9,4,4,15,6,4,8,8,3,5,14,8
Endogenous,GADL1,NM_207359.2,8,2,3,7,5,2,5,5,3,1,1,2
Endogenous,GAPDH,NM_001256799.1,19328,16662,23890,19160,20806,18555,21033,23240,17649,11593,19979,17964
Endogenous,GAPDHS,NM_014364.4,8,2,4,10,3,8,4,12,4,3,5,3
Endogenous,GAPVD1,NM_001282679.1,795,600,745,792,820,763,678,802,547,416,761,681
Endogenous,GART,NM_000819.3,328,234,337,320,338,352,202,253,179,178,231,172
Endogenous,GATM,NM_001482.2,20,21,5,13,41,14,52,31,15,23,33,32
Endogenous,GBA,NM_001005742.2,712,497,750,689,729,665,607,692,443,357,582,584
Endogenous,GCDH,NM_000159.2,84,75,79,100,116,123,105,74,90,66,97,79
Endogenous,GCK,NM_000162.4,10,4,2,7,4,9,3,10,9,8,10,3
Endogenous,GCLC,NM_001498.2,214,195,259,267,275,230,206,275,164,150,191,173
Endogenous,GDA,NM_001242506.2,3,5,3,6,3,4,1,8,0,7,3,4
Endogenous,GLRX,NM_002064.2,3535,2437,3720,3104,3749,3282,2595,2969,2019,1429,2800,2604
Endogenous,GLS,NM_014905.3,865,832,909,1040,982,938,881,958,600,582,865,711
Endogenous,GLS2,NM_013267.2,7,7,5,5,5,5,2,6,9,4,2,2
Endogenous,GLUD1,NM_005271.2,2170,1777,1894,2191,2338,1982,2215,2601,1758,1370,2345,1893
Endogenous,GLUL,NM_001033044.2,9182,6846,8569,10928,10191,8124,7420,7831,6960,4553,8382,8876
Endogenous,GLYAT,NM_005838.3,5,1,5,1,7,0,2,1,1,1,1,3
Endogenous,GLYCTK,NR_026700.1,125,97,132,135,135,140,161,144,129,105,155,81
Endogenous,GMPR,NM_006877.3,75,93,63,118,117,101,51,39,40,43,83,56
Endogenous,GMPR2,NM_001002001.2,666,505,561,674,733,648,588,618,442,334,487,510
Endogenous,GMPS,NM_003875.2,185,124,145,176,176,175,200,216,143,111,181,169
Endogenous,GNG12,NM_018841.3,2,3,3,3,4,2,3,7,3,1,7,2
Endogenous,GNLY,NM_012483.2,44,35,56,43,38,34,23,26,32,11,22,47
Endogenous,GNS,NM_002076.3,2711,2342,2579,3223,2645,2875,2241,2677,2009,1328,2307,2410
Endogenous,GOT1,NM_002079.2,35,34,36,44,44,26,29,37,19,32,31,21
Endogenous,GOT2,NM_002080.2,211,154,198,186,225,205,190,221,150,121,220,159
Endogenous,GPI,NM_000175.2,842,724,830,869,971,829,905,954,726,604,882,718
Endogenous,GPS1,NM_004127.4,583,477,509,617,697,516,559,632,467,359,563,452
Endogenous,GPT,NM_005309.2,9,2,3,4,4,4,3,9,3,7,5,1
Endogenous,GPX1,NM_000581.2,3339,2316,3480,2946,2851,3362,2886,3449,2341,2125,2921,2718
Endogenous,GPX4,NM_001039847.1,1781,1622,1917,2182,2324,1861,1940,2495,1751,1158,1960,1903
Endogenous,GRAP2,NM_001291826.1,6,11,3,6,16,9,5,2,4,3,9,7
Endogenous,GRIN1,NM_000832.5,4,7,4,4,8,3,3,5,2,2,6,1
Endogenous,GSK3B,NM_002093.2,643,507,681,673,665,564,611,741,465,362,701,572
Endogenous,GTSE1,NM_016426.5,4,7,11,6,5,4,6,7,8,1,7,8
Endogenous,GUSB,NM_000181.3,1157,990,1063,1152,1435,1095,1301,1272,1020,799,1314,1070
Endogenous,GYS2,NM_021957.3,4,4,4,3,1,5,1,7,5,1,5,2
Endogenous,GZMA,NM_006144.2,16,6,4,5,8,13,0,6,1,6,8,12
Endogenous,GZMB,NM_004131.3,9,6,3,6,8,5,3,5,4,3,5,13
Endogenous,GZMH,NM_033423.3,12,4,5,7,6,13,4,8,4,2,7,4
Endogenous,H6PD,NM_004285.3,345,271,344,383,347,366,241,328,233,154,301,235
Endogenous,HAAO,NM_012205.2,182,152,148,151,180,170,203,228,146,133,254,183
Endogenous,HACD2,NM_198402.2,367,262,321,346,366,287,388,383,267,239,337,320
Endogenous,HADH,NM_001184705.2,142,126,107,157,180,171,177,167,115,89,132,114
Endogenous,HDC,NM_002112.3,2,2,1,2,4,0,5,0,2,3,1,1
Endogenous,HERC1,NM_003922.3,933,773,725,901,908,851,887,1274,770,652,967,859
Endogenous,HEXA,NM_000520.4,1273,1011,1335,1339,1553,1459,1437,1551,895,821,1378,1036
Endogenous,HEXB,NM_000521.3,2311,1914,2127,2390,2552,2342,2646,2829,1836,1291,2486,1992
Endogenous,HIF1A,NM_001530.2,4029,4474,4927,5224,5747,3577,6300,5752,6154,4014,6407,4345
Endogenous,HIF3A,NM_152796.2,2,3,1,5,7,3,5,2,0,1,2,6
Endogenous,HJURP,NM_018410.3,4,6,5,5,0,0,3,1,3,4,3,1
Endogenous,HK1,NM_000188.2,1650,1416,1648,1643,2015,1537,1426,1658,1413,995,1600,1558
Endogenous,HK2,NM_000189.4,1103,1228,1009,1388,1488,1033,1165,2033,1051,724,1262,1608
Endogenous,HK3,NM_002115.1,995,789,936,1002,1112,1046,727,894,709,374,897,755
Endogenous,HLA-A,NM_002116.5,27851,12929,24733,31872,33949,26913,23302,22088,16359,13304,16064,20505
Endogenous,HLA-C,NM_002117.4,21535,16783,31259,29228,28937,18448,26482,20129,20595,12088,23747,20518
Endogenous,HLA-DQA1,NM_002122.3,2027,5,1262,1690,4,1798,1421,1140,933,1438,2992,2210
Endogenous,HLA-DRB1,NM_002124.3,20145,7993,12429,14720,582,13962,17002,19107,12188,20615,8068,18349
Endogenous,HLA-E,NM_005516.5,9614,9235,10364,11170,12843,10536,9919,10369,8448,6498,10616,8102
Endogenous,HMOX1,NM_002133.2,1949,1585,1857,2506,2777,1776,1672,2046,1496,1390,2344,1527
Endogenous,HNF4A,NM_178850.1,3,0,3,0,2,3,1,3,3,2,3,2
Endogenous,HPD,NM_002150.2,6,0,2,5,3,1,2,3,6,3,4,5
Endogenous,HPRT1,NM_000194.1,478,334,441,525,591,470,484,529,360,323,437,386
Endogenous,HRAS,NM_005343.2,39,42,35,36,44,45,38,60,46,34,43,38
Endogenous,HSD11B1,NM_181755.1,4,1,1,9,6,7,0,6,2,6,6,2
Endogenous,HSD17B8,NM_014234.3,39,28,25,59,41,52,30,41,38,34,20,32
Endogenous,HSF1,XM_011517006.1,780,724,747,871,930,757,925,1048,733,597,963,784
Endogenous,HSF2,NM_001135564.1,38,20,34,55,39,43,92,86,32,29,60,53
Endogenous,HSPA2,NM_021979.3,9,6,1,9,3,4,7,16,6,5,5,20
Endogenous,HSPA4,NM_002154.3,473,408,440,526,589,561,432,466,358,293,469,424
Endogenous,HSPE1,NM_002157.2,847,711,740,999,988,871,904,885,649,542,710,648
Endogenous,ICOS,NM_012092.2,5,4,6,9,5,2,3,2,5,3,6,4
Endogenous,IDH1,NM_005896.3,871,650,894,878,799,821,499,550,447,315,507,524
Endogenous,IDH2,NM_002168.2,708,750,533,965,879,882,716,745,523,394,564,634
Endogenous,IDH3A,NM_005530.2,597,447,466,622,600,604,588,581,408,335,443,429
Endogenous,IDH3B,NM_001258384.1,947,785,935,1027,1129,927,1050,1130,818,630,1000,847
Endogenous,IDH3G,NM_004135.2,765,628,682,824,911,743,788,955,666,522,793,701
Endogenous,IDNK,NM_001001551.3,52,54,56,51,57,45,46,61,46,27,58,52
Endogenous,IDO1,NM_002164.5,15,31,14,32,60,36,18,14,14,11,18,18
Endogenous,IDO2,NM_194294.2,2,4,4,6,7,6,3,3,2,2,5,1
Endogenous,IFNG,NM_000619.2,5,3,3,3,3,4,4,4,5,4,3,5
Endogenous,IL10,NM_000572.2,31,130,167,26,11,18,79,25,69,77,65,53
Endogenous,IL2,NM_000586.2,9,9,5,10,10,14,9,11,7,6,6,7
Endogenous,IL21R,NM_021798.2,32,40,8,37,41,50,18,17,26,12,32,25
Endogenous,IL2RA,NM_000417.1,5,6,2,6,2,3,3,2,2,6,4,3
Endogenous,IL4,NM_000589.2,3,1,1,6,1,5,3,2,2,2,0,3
Endogenous,IL4I1,NM_152899.1,46,57,25,47,46,47,33,49,23,15,37,49
Endogenous,IL6,NM_000600.3,41,253,13,20,42,32,79,43,19,3,63,42
Endogenous,IL7,NM_000880.3,20,35,17,45,29,32,20,20,15,12,17,17
Endogenous,IMPDH1,NM_000883.3,1275,1203,1104,1181,1167,1041,974,1270,794,570,1156,1085
Endogenous,IMPDH2,NM_000884.2,220,173,181,226,255,229,306,268,196,190,262,181
Endogenous,INMT,NM_006774.4,8,4,3,9,4,3,0,8,6,2,6,3
Endogenous,INSR,NM_000208.2,518,474,702,609,767,501,647,736,494,415,590,581
Endogenous,IRF1,NM_002198.2,3318,3554,3580,4918,3861,3889,1862,2865,1679,1046,2260,2077
Endogenous,IRF4,NM_002460.1,239,111,93,183,340,189,269,283,141,267,247,158
Endogenous,ITCH,NM_001257138.1,1193,971,1120,1223,1377,1204,1250,1353,1048,826,1425,851
Endogenous,ITGA1,NM_181501.1,14,21,36,39,34,28,18,24,21,13,28,28
Endogenous,ITGA11,NM_012211.3,2,3,2,2,2,2,0,1,3,1,2,0
Endogenous,ITGAM,NM_000632.3,3377,2535,3443,3158,2887,2908,2430,2961,2237,1339,2824,2381
Endogenous,ITGB1,NM_002211.3,1720,1576,1618,1875,1755,1738,1654,1832,1407,1159,1889,1689
Endogenous,ITGB2,NM_000211.2,14005,10961,11327,9571,11770,14643,10774,13891,9256,6300,11989,11140
Endogenous,ITGB5,NM_002213.3,18,10,23,14,30,14,21,19,14,20,13,8
Endogenous,ITK,NM_005546.3,7,6,5,4,5,11,5,5,10,3,3,4
Endogenous,JAK2,NM_004972.3,1706,1596,1634,2319,1909,2252,1169,1127,960,935,1243,1149
Endogenous,KANSL1,NM_001193465.1,667,494,662,689,705,642,558,666,516,384,640,527
Endogenous,KAT6A,NM_001099412.1,868,678,843,961,1093,903,899,975,690,523,845,754
Endogenous,KDM3B,NM_016604.3,914,687,890,861,954,881,798,889,640,481,829,726
Endogenous,KEAP1,NM_012289.3,174,117,132,186,217,213,154,132,133,80,139,146
Endogenous,KIF2C,NM_006845.3,5,4,5,10,3,11,3,5,8,2,5,4
Endogenous,KIR3DL1/2,NM_001322168.1,7,4,5,7,5,13,13,8,3,5,6,11
Endogenous,KIR3DL3,NM_153443.3,7,6,3,4,2,2,2,3,5,3,4,7
Endogenous,KLRB1,NM_002258.2,21,8,4,18,13,9,16,11,5,8,9,19
Endogenous,KLRD1,NM_007334.2,12,6,7,5,11,7,9,6,4,9,7,8
Endogenous,KLRK1,NM_007360.1,17,7,10,10,10,8,13,8,8,6,6,16
Endogenous,KMO,NM_003679.3,245,161,173,207,281,268,120,132,130,102,160,120
Endogenous,KMT2A,NM_005933.2,347,284,315,385,407,368,288,353,284,193,361,296
Endogenous,KMT2D,NM_003482.3,669,528,700,606,660,688,603,682,482,375,567,525
Endogenous,KMT2E,NM_018682.3,666,561,582,701,812,714,707,947,551,503,760,687
Endogenous,KPNA2,NM_002266.2,241,283,229,304,294,280,328,281,253,212,290,242
Endogenous,KRAS,NM_033360.2,372,284,395,344,354,372,309,316,207,255,283,250
Endogenous,KRT1,NM_006121.2,5,2,1,3,3,5,1,4,1,3,5,6
Endogenous,KYAT1,NM_004059.4,29,18,24,18,25,20,25,28,21,13,27,29
Endogenous,KYAT3,NM_001008661.2,391,341,344,389,505,450,456,477,402,262,432,353
Endogenous,KYNU,NM_003937.2,1157,848,1194,1326,2102,1306,1335,1316,1171,886,1664,987
Endogenous,L2HGDH,NM_024884.2,23,16,18,19,24,26,18,13,12,14,15,14
Endogenous,LAG3,NM_002286.5,9,5,5,10,7,4,5,5,8,4,7,4
Endogenous,LAMA4,NM_001105209.1,4,4,0,3,3,5,6,6,3,3,6,2
Endogenous,LAMB1,NM_002291.2,6,2,7,9,7,3,3,2,6,2,4,5
Endogenous,LAMC1,NM_002293.3,17,26,31,26,8,21,7,46,27,19,24,43
Endogenous,LAMTOR2,NM_001145264.1,913,721,811,790,957,850,852,874,563,463,710,725
Endogenous,LAMTOR4,NM_001008395.2,3100,2671,2795,3289,3414,2897,2985,2707,2588,1839,3063,2753
Endogenous,LAMTOR5,NM_006402.2,2099,1874,2180,2138,2223,1809,1955,2258,1654,1293,1825,1817
Endogenous,LAT,NM_001014987.1,63,62,56,72,78,70,56,66,39,39,66,61
Endogenous,LCK,NM_005356.2,10,5,2,2,5,4,4,4,1,1,3,4
Endogenous,LDHA,NM_001165414.1,2104,1918,2309,2533,2159,2367,2169,2861,1414,1317,1958,2064
Endogenous,LDHB,NM_001174097.1,1298,1328,1446,1462,1618,1342,1671,1614,1130,824,1447,1114
Endogenous,LDHC,NM_002301.2,2,2,7,1,1,3,1,2,2,1,2,1
Endogenous,LEPR,NM_001003679.1,31,45,51,49,45,21,58,36,27,14,53,60
Endogenous,LTA,NM_000595.2,12,10,5,9,8,4,10,8,7,9,9,8
Endogenous,LTA4H,NM_001256643.1,6321,7159,6622,6228,7892,7081,4336,7278,6451,2789,3265,6263
Endogenous,LTB,NM_002341.1,127,162,82,134,175,157,139,160,121,118,132,125
Endogenous,LTC4S,NM_145867.1,80,43,51,75,95,100,64,86,60,33,90,46
Endogenous,LY86,NM_004271.3,2681,2244,1819,2741,2140,2658,2541,2430,2084,1132,2418,2434
Endogenous,LY96,NM_015364.2,1290,904,879,1287,1254,1083,1023,824,740,434,963,804
Endogenous,MAP1LC3B,NM_022818.4,1438,1693,1811,1261,1433,1073,1462,2636,1132,1125,1369,2093
Endogenous,MAP2K1,NM_002755.2,1149,928,1246,1174,1283,1073,1183,1331,977,721,1136,1163
Endogenous,MAP2K2,NM_030662.3,404,366,402,389,429,433,363,427,375,274,417,375
Endogenous,MAP2K3,NM_145109.1,1059,972,971,1069,983,909,1147,1354,954,696,1152,1003
Endogenous,MAP3K12,NM_006301.2,97,104,101,83,151,134,91,110,75,48,91,74
Endogenous,MAPK1,NM_138957.2,2427,1799,2319,2475,2500,2107,2427,2744,1897,1406,2714,2210
Endogenous,MAPK8,NM_002750.2,207,146,228,199,219,208,243,196,170,127,210,159
Endogenous,MAPK8IP1,NM_005456.2,16,19,11,10,24,14,14,36,11,7,19,24
Endogenous,MAPKAP1,NM_001006617.1,734,584,781,837,831,739,729,822,565,488,713,659
Endogenous,MAPT,NM_016834.3,8,7,3,6,6,6,6,4,9,4,6,6
Endogenous,MAT1A,NM_000429.2,14,7,7,19,11,14,12,12,5,7,13,4
Endogenous,MAT2A,NM_005911.4,2074,1968,1330,1777,1933,2646,1605,1381,1575,1365,1965,1247
Endogenous,MCAT,NM_014507.3,31,25,35,30,33,36,15,52,24,23,37,45
Endogenous,ME2,NM_002396.3,434,347,505,515,539,480,383,481,343,275,480,332
Endogenous,MGST3,NM_004528.2,1126,1269,1227,1611,1292,1202,978,1547,1195,494,821,945
Endogenous,MKI67,NM_002417.2,5,3,5,11,5,3,5,3,0,4,12,4
Endogenous,MLST8,NM_001199173.1,286,231,294,326,320,264,377,311,288,209,311,233
Endogenous,MLYCD,NM_012213.2,129,92,91,156,149,131,93,92,64,63,99,77
Endogenous,MPC1,NM_016098.2,455,414,434,526,430,425,478,503,394,330,500,381
Endogenous,MPC2,NM_001143674.1,352,271,326,366,386,305,390,442,285,224,336,356
Endogenous,MPO,NM_000250.1,9,5,5,5,3,4,3,4,2,3,6,6
Endogenous,MRAS,NM_001085049.2,76,140,64,106,131,72,144,148,118,93,129,147
Endogenous,MS4A1,NM_152866.2,5,16,8,12,15,29,24,13,9,21,25,26
Endogenous,MS4A2,NM_000139.3,8,3,6,6,3,3,5,5,4,3,5,10
Endogenous,MS4A4A,NM_024021.2,287,521,300,523,441,603,173,235,166,236,219,254
Endogenous,MSH2,NM_000251.1,98,49,62,56,61,39,52,88,44,47,72,45
Endogenous,MSRB2,NM_012228.3,411,347,430,400,484,480,198,315,217,153,310,345
Endogenous,MTF1,NM_005955.2,639,493,707,604,544,562,537,661,407,220,473,479
Endogenous,MTOR,NM_004958.3,323,260,273,344,362,331,306,332,197,169,290,216
Endogenous,MYB,NM_001130173.1,7,9,8,9,7,16,9,10,8,4,6,8
Endogenous,MYBL1,NM_001080416.3,11,15,16,16,15,14,19,13,11,5,14,11
Endogenous,MYBL2,NM_002466.2,0,3,3,4,5,4,3,7,4,1,3,5
Endogenous,MYC,NM_002467.3,336,195,376,182,254,297,129,154,105,115,180,131
Endogenous,MYCL,NM_001033081.2,589,347,386,538,560,466,513,659,383,276,480,387
Endogenous,MYCN,NM_005378.4,1,0,4,5,5,5,2,5,3,3,4,7
Endogenous,MYD88,NM_002468.3,4642,4218,4884,4881,4522,4553,2925,3767,2811,2600,3512,3473
Endogenous,NAALAD2,NM_005467.3,44,55,62,49,58,48,34,56,44,33,31,47
Endogenous,NADK,NM_001198993.1,2668,1973,2488,2945,2928,2573,1989,2343,2152,1270,2615,1915
Endogenous,NADK2,NM_153013.3,132,111,128,136,184,124,146,164,117,50,150,108
Endogenous,NAGLU,NM_000263.3,94,70,95,80,120,92,106,90,87,62,98,82
Endogenous,NAT8L,NM_178557.3,6,3,5,9,10,5,5,5,7,4,6,4
Endogenous,NCAPH,NM_015341.3,31,20,25,22,34,24,36,26,27,15,26,28
Endogenous,NCOA2,NM_006540.2,624,458,654,699,734,635,641,615,570,363,748,481
Endogenous,NCOR1,NM_006311.3,1289,1073,1297,1193,1271,1237,1292,1532,1079,779,1466,1195
Endogenous,NCR1,NM_004829.5,16,27,41,19,32,38,28,16,23,12,28,24
Endogenous,NDC1,NM_001168551.1,55,25,36,57,45,37,49,51,38,25,37,36
Endogenous,NDUFA1,NM_004541.3,2667,2294,3098,2709,2907,2460,2489,2700,2096,1536,2474,2356
Endogenous,NDUFA11,NM_175614.4,11,3,5,9,7,4,4,2,2,2,6,8
Endogenous,NDUFA12,NM_018838.3,901,991,1292,1534,1841,1126,1029,1239,816,682,978,768
Endogenous,NDUFA13,NM_015965.6,2155,1774,2362,2464,2444,2193,1935,2449,1647,1193,1940,1977
Endogenous,NDUFA2,NM_001185012.1,100,76,129,102,104,98,102,99,93,48,100,92
Endogenous,NDUFA3,NM_004542.3,1028,831,1072,1133,1112,974,891,1068,665,557,979,768
Endogenous,NDUFA4,NM_002489.2,1832,1559,2050,2118,2078,1917,1966,1896,1540,1130,1918,1692
Endogenous,NDUFA6,NM_002490.3,1052,803,1223,1048,1103,902,1096,1142,847,710,994,903
Endogenous,NDUFA7,NM_005001.2,443,296,464,496,489,450,408,502,365,219,451,419
Endogenous,NDUFB1,NM_004545.3,2185,1673,2039,2152,2064,1961,1849,1999,1547,1081,1722,1630
Endogenous,NDUFB10,NM_004548.2,844,654,792,834,902,808,816,902,636,443,752,731
Endogenous,NDUFB11,NM_001135998.1,615,535,650,635,767,572,604,746,566,432,643,541
Endogenous,NDUFB2,NM_004546.2,1387,1101,1474,1537,1553,1349,1267,1429,1022,805,1235,1059
Endogenous,NDUFB4,NM_004547.4,1174,968,1133,1202,1346,1130,1215,1178,927,709,1129,1012
Endogenous,NDUFB7,NM_004146.5,780,677,806,915,875,891,796,884,611,441,739,646
Endogenous,NDUFB8,NM_001284367.1,902,678,814,958,1047,898,979,1043,737,589,912,787
Endogenous,NDUFS7,NM_024407.4,493,404,482,530,620,480,539,598,387,296,520,409
Endogenous,NDUFS8,NM_002496.3,539,526,572,597,754,539,618,632,435,384,598,566
Endogenous,NEDD8,NM_006156.2,1228,1040,1235,1322,1312,1196,1032,1291,893,689,1107,1105
Endogenous,NEU1,NM_000434.3,975,1007,928,966,1196,1001,822,1163,979,518,662,925
Endogenous,NFAT5,NM_173214.1,104,91,87,123,109,133,80,107,113,52,154,104
Endogenous,NFE2L2,NM_006164.3,1247,1078,1308,1128,1431,1211,1634,1553,977,801,1379,1148
Endogenous,NFKB1,NM_003998.2,426,355,418,450,471,448,371,420,260,220,397,356
Endogenous,NFKB2,NM_002502.2,782,995,894,795,876,673,1251,1514,747,508,1130,1122
Endogenous,NFS1,NM_021100.3,179,105,135,172,191,195,153,176,132,73,159,123
Endogenous,NGFR,NM_002507.3,9,7,6,15,8,8,4,2,8,7,10,9
Endogenous,NKG7,NM_005601.3,258,293,149,203,159,203,204,150,104,94,115,114
Endogenous,NME1,NM_000269.2,155,181,167,169,148,182,164,249,123,169,115,93
Endogenous,NME2,NM_001018137.2,4126,3564,4819,4736,5470,4076,5067,4429,3440,2394,4549,3301
Endogenous,NOD2,NM_001293557.1,725,493,484,842,708,559,463,653,480,280,451,542
Endogenous,NOS1,NM_000620.4,11,5,9,2,6,3,2,5,5,4,5,2
Endogenous,NOS2,NM_000625.4,6,7,3,10,6,4,5,10,1,1,7,3
Endogenous,NOS3,NM_000603.4,5,5,3,2,3,5,6,8,4,3,3,6
Endogenous,NOX1,NM_007052.4,10,2,9,9,10,11,1,5,8,0,14,9
Endogenous,NOX3,NM_015718.2,7,1,3,1,1,3,2,4,3,3,4,5
Endogenous,NOX4,NM_001143836.2,4,6,2,3,5,4,2,1,0,1,6,3
Endogenous,NPM1,NM_002520.6,3703,3128,3186,3733,4165,3306,4269,4412,3046,2608,3838,3492
Endogenous,NPR1,NM_000906.3,4,2,3,0,6,3,3,2,1,5,3,2
Endogenous,NPR2,NM_003995.3,2,4,1,4,1,7,5,3,2,3,2,7
Endogenous,NQO1,NM_000903.2,18,9,11,26,6,14,19,3,11,8,12,35
Endogenous,NR2F1,NM_005654.4,2,5,6,6,3,8,3,3,3,2,9,1
Endogenous,NRAS,NM_002524.3,403,410,508,495,470,421,471,598,405,325,440,446
Endogenous,NRF1,NM_001040110.1,81,50,50,79,83,60,53,57,46,38,65,61
Endogenous,NSD1,NM_022455.4,865,625,682,872,891,793,701,815,557,403,773,718
Endogenous,NT5E,NM_002526.2,4,0,0,4,4,3,6,4,3,4,3,4
Endogenous,NUP205,NM_015135.1,196,148,201,174,228,206,196,217,170,124,237,151
Endogenous,NUP62,NM_016553.3,543,384,448,535,611,590,407,463,372,271,466,420
Endogenous,OAT,NM_000274.3,574,602,645,587,463,543,639,536,513,301,658,603
Endogenous,ODC1,NM_002539.1,318,332,372,387,379,269,280,530,261,226,304,342
Endogenous,OGDH,NM_001003941.2,999,889,1188,1057,1171,1023,1145,1221,1021,794,1077,1045
Endogenous,OGDHL,NM_018245.2,4,4,2,8,7,9,2,4,7,6,3,5
Endogenous,OTC,NM_000531.5,0,2,4,4,6,5,5,6,1,2,5,5
Endogenous,PAH,NM_000277.1,5,5,3,6,4,3,4,3,2,5,5,2
Endogenous,PCK1,NM_002591.2,6,3,3,4,5,5,7,9,5,1,9,4
Endogenous,PCK2,NM_004563.2,260,284,254,318,400,361,242,253,192,139,231,243
Endogenous,PCLAF,NM_014736.5,5,3,2,6,2,3,1,0,6,7,1,3
Endogenous,PDCD1,NM_005018.2,1,3,3,4,3,3,3,7,1,1,3,1
Endogenous,PDCD1LG2,NM_025239.3,16,26,17,25,33,34,7,13,6,4,11,11
Endogenous,PDGFB,NM_033016.2,6,2,1,5,6,5,1,2,1,5,5,4
Endogenous,PDGFRB,NM_002609.3,2,3,5,1,6,1,2,2,2,3,2,0
Endogenous,PDHA1,NM_000284.3,274,254,309,322,348,295,283,313,275,190,338,250
Endogenous,PDK1,NM_002610.3,211,198,173,190,176,157,188,320,151,133,175,244
Endogenous,PDK2,NM_002611.3,227,154,244,207,251,220,297,260,169,202,299,219
Endogenous,PDK3,NM_005391.1,359,274,498,419,415,376,323,316,296,140,294,243
Endogenous,PDK4,NM_002612.3,512,211,364,1109,1433,1062,93,260,301,453,1061,53
Endogenous,PDP1,NM_001161778.1,422,351,345,582,634,518,488,617,402,336,510,378
Endogenous,PDPK1,NM_002613.3,574,511,615,560,621,467,525,605,402,280,470,510
Endogenous,PEBP1,NM_002567.2,186,184,130,236,260,207,265,238,198,179,209,190
Endogenous,PEMT,NM_148173.1,159,144,160,148,167,176,185,238,178,118,176,176
Endogenous,PFKFB1,NM_002625.2,3,5,8,9,7,8,4,4,4,5,4,1
Endogenous,PFKL,NM_001002021.1,1334,1122,1144,1304,1478,1193,1297,1455,1089,888,1302,1019
Endogenous,PFKM,NM_000289.5,57,35,45,54,76,52,57,61,33,38,48,41
Endogenous,PGAM2,NM_000290.3,14,12,10,18,17,9,7,15,3,7,10,11
Endogenous,PGD,NM_002631.2,5056,3951,5270,4611,4674,4728,4159,5047,3990,2241,4742,4223
Endogenous,PGK1,NM_000291.2,6336,5759,7668,6598,6424,5830,5638,7110,5020,3777,5429,5798
Endogenous,PGM2,NM_018290.3,760,539,633,692,535,699,555,621,397,299,578,516
Endogenous,PHGDH,NM_006623.3,13,9,9,6,5,8,3,7,7,5,8,13
Endogenous,PIK3C2A,NM_002645.1,371,326,486,369,410,394,375,349,250,273,366,277
Endogenous,PIK3CA,NM_006218.2,297,218,278,289,346,310,290,313,196,176,286,224
Endogenous,PIK3CB,NM_006219.1,371,305,395,405,432,399,394,431,331,248,377,329
Endogenous,PIK3CD,NM_005026.3,1678,1302,1510,1699,1703,1620,1224,1518,1226,828,1388,1144
Endogenous,PIK3R1,NM_181504.2,398,356,503,404,437,449,512,547,352,269,683,386
Endogenous,PIK3R2,NM_005027.2,171,170,171,180,166,196,163,173,131,103,145,151
Endogenous,PIK3R3,NM_003629.3,6,11,5,7,7,11,12,5,8,6,13,7
Endogenous,PIK3R4,NM_014602.1,271,199,241,257,272,253,206,161,174,111,216,126
Endogenous,PKLR,NM_181871.3,5,5,5,2,8,4,6,9,2,5,3,6
Endogenous,PKM,NM_182471.1,3252,2467,3792,3063,2992,2992,2830,3393,2272,1769,2812,2971
Endogenous,PLA2G15,NM_012320.3,231,210,205,202,221,273,197,205,136,142,232,193
Endogenous,PLCG1,NM_002660.2,20,8,14,12,17,14,21,28,8,8,11,14
Endogenous,PLK1,NM_005030.3,9,6,6,14,9,6,6,8,6,4,9,4
Endogenous,PNOC,NM_001284244.1,26,37,72,30,49,30,21,17,20,9,14,12
Endogenous,PNP,NM_000270.2,891,1606,2170,1215,767,746,734,2766,847,916,939,2351
Endogenous,POLE,NM_006231.3,113,89,95,109,152,102,121,126,87,72,105,85
Endogenous,PPARG,NM_005037.5,530,436,461,534,545,550,408,492,351,291,503,459
Endogenous,PPARGC1A,NM_013261.3,5,3,6,4,6,3,24,4,19,3,9,7
Endogenous,PPAT,NM_002703.3,50,28,37,52,46,58,49,52,37,27,34,33
Endogenous,PPM1A,NM_021003.4,794,642,819,862,786,705,946,1081,743,558,962,744
Endogenous,PRDX1,NM_002574.2,2014,1755,2156,2456,2313,2321,2070,2127,1368,1154,1872,1653
Endogenous,PRDX5,NM_012094.4,1551,1319,2041,1680,1674,1490,1194,1673,1144,832,1400,1213
Endogenous,PRF1,NM_005041.3,22,9,11,8,21,27,10,15,6,5,5,28
Endogenous,PRIM1,NM_000946.2,63,76,53,79,69,69,49,67,50,29,50,38
Endogenous,PRIM2,NM_001282488.1,211,143,157,206,229,230,193,193,142,126,188,137
Endogenous,PRKAA1,NM_006251.5,739,546,685,707,829,742,692,673,522,430,682,562
Endogenous,PRKAA2,NM_006252.2,1,2,5,2,5,2,2,3,3,3,3,3
Endogenous,PRKAB1,NM_006253.4,231,198,248,269,291,256,256,240,193,127,237,183
Endogenous,PRKAB2,NM_005399.3,141,79,104,130,142,141,130,176,96,79,144,81
Endogenous,PRKAG1,NM_002733.3,316,241,265,325,370,291,332,311,230,175,319,219
Endogenous,PRKAG2,NM_016203.3,824,595,677,752,853,654,795,886,627,439,920,673
Endogenous,PRKCG,NM_002739.3,5,4,4,6,3,8,2,8,4,3,5,8
Endogenous,PRKN,NM_004562.2,3,2,4,4,4,4,5,7,2,1,4,6
Endogenous,PRODH2,NM_021232.1,9,11,15,16,13,9,3,3,3,12,8,5
Endogenous,PRPS1,NM_002764.3,76,46,60,70,63,61,82,80,47,38,62,60
Endogenous,PRR5,NM_015366.3,35,27,15,27,15,22,41,33,40,23,55,26
Endogenous,PSAT1,NM_021154.3,4,1,2,4,2,5,2,2,2,3,0,1
Endogenous,PSMA3,NM_152132.1,886,732,1025,1003,930,913,785,775,572,523,791,644
Endogenous,PSMA7,NM_002792.2,1904,1583,2126,2054,2154,1923,1916,2184,1431,1146,1898,1660
Endogenous,PSMB1,NM_002793.2,1000,478,544,919,1084,814,577,917,606,430,623,668
Endogenous,PSMB10,NM_002801.3,2216,1975,2353,2856,2768,2700,1821,1977,1637,1294,1803,1464
Endogenous,PSMB3,NM_002795.3,1177,1294,1200,1326,1291,1439,1314,1586,1053,801,1143,968
Endogenous,PSMC1,NM_002802.2,444,329,375,368,442,385,458,492,317,276,383,393
Endogenous,PSMD13,NM_175932.2,893,759,957,878,1083,972,1036,1028,697,614,917,857
Endogenous,PSME2,NM_002818.2,3892,4468,4838,6578,7059,5928,2641,3168,2593,2100,3159,2289
Endogenous,PSPH,NM_004577.3,18,18,13,25,30,14,23,16,20,12,26,21
Endogenous,PTEN,NM_000314.3,4073,3158,4038,3511,4437,3363,3759,4332,2825,2003,3608,3533
Endogenous,PTGER4,NM_000958.2,1410,1362,710,1524,1521,1044,1178,1969,752,915,1240,1834
Endogenous,PTGES,NM_004878.4,7,8,11,22,7,6,8,15,54,18,18,9
Endogenous,PTGS1,NM_000962.2,318,213,150,246,361,267,303,303,205,105,316,184
Endogenous,PTGS2,NM_000963.1,3703,3754,3651,1690,1666,1466,3258,3555,2719,2341,2697,3437
Endogenous,PTK2,NM_005607.4,70,128,81,86,126,147,176,263,98,114,126,158
Endogenous,PTK6,NM_001256358.1,25,31,24,18,37,25,12,41,20,13,34,24
Endogenous,PTPN5,NM_001039970.1,20,14,19,32,30,22,23,23,30,11,38,34
Endogenous,PTPRC,NM_080923.2,3451,1887,1926,3456,3323,3107,2569,3001,1765,1257,2409,2248
Endogenous,PUDP,NM_001178135.1,195,160,176,192,196,195,121,138,133,83,132,120
Endogenous,PYCR1,NM_006907.2,4,2,5,2,2,3,4,6,1,2,1,4
Endogenous,PYCR2,NM_013328.2,534,443,509,590,671,469,438,475,396,299,455,408
Endogenous,PYCR3,NM_023078.2,19,14,5,13,17,17,13,14,7,7,17,17
Endogenous,RAD51,NM_133487.2,7,2,5,4,4,2,7,1,3,5,4,6
Endogenous,RAD51AP1,NM_001130862.1,31,17,19,27,54,29,18,22,10,16,14,9
Endogenous,RANBP2,NM_006267.4,551,685,608,481,535,490,618,822,450,385,654,750
Endogenous,RB1CC1,NM_001083617.1,461,411,502,490,502,446,634,790,432,336,602,543
Endogenous,RBBP5,NM_005057.2,189,138,172,209,186,213,150,142,102,72,144,96
Endogenous,RBKS,NM_022128.2,19,26,19,32,25,31,15,13,18,16,14,23
Endogenous,RBP4,NM_006744.3,8,4,9,8,11,3,7,9,2,3,5,6
Endogenous,RELA,NM_021975.3,657,561,672,695,714,623,671,769,520,405,644,668
Endogenous,REST,NM_001193508.1,586,495,566,673,654,503,594,717,424,357,557,482
Endogenous,RGN,NM_152869.3,3,4,7,9,9,4,5,7,6,5,3,5
Endogenous,RICTOR,NM_152756.3,208,180,226,213,258,211,248,262,175,146,269,210
Endogenous,RIMKLA,NM_173642.3,4,5,2,3,7,9,3,7,3,2,3,4
Endogenous,RIMKLB,NM_020734.2,79,62,125,115,115,99,38,40,45,35,65,52
Endogenous,RPIA,NM_144563.2,533,433,462,497,548,488,476,535,438,304,468,388
Endogenous,RPL23,NM_000978.3,16234,11872,15247,15551,17273,14621,17016,18134,14079,10696,16826,13224
Endogenous,RPLP0,NM_001002.3,12188,9729,12185,11228,13409,11474,15037,14590,9866,8632,11568,9217
Endogenous,RPS6KA1,NM_002953.3,1178,918,1005,1299,1430,1261,941,1118,939,483,1228,978
Endogenous,RPS6KB1,NM_003161.2,467,373,454,496,507,426,465,533,328,307,451,398
Endogenous,RPS6KB2,NM_003952.2,295,253,283,292,327,304,317,339,274,221,274,276
Endogenous,RPTOR,NM_020761.2,80,56,75,87,82,81,44,66,60,47,65,66
Endogenous,RRAGC,NM_022157.2,466,336,497,549,531,488,486,588,370,339,514,438
Endogenous,RRM1,NM_001033.3,58,29,60,44,58,60,42,41,36,33,59,36
Endogenous,RRM2,NM_001034.1,9,15,16,8,14,4,15,9,8,4,10,12
Endogenous,RUNX1,NM_001754.4,579,537,667,602,616,543,452,529,296,220,491,427
Endogenous,RUNX2,NM_001024630.3,13,12,4,11,11,9,9,9,4,3,4,16
Endogenous,S100A1,NM_006271.1,6,8,3,5,7,2,4,5,3,2,4,2
Endogenous,S100A12,NM_005621.1,9139,6962,11232,11649,7521,11872,6625,13366,11049,3270,6537,12337
Endogenous,SCD,NM_005063.4,31,45,28,70,48,44,13,17,20,12,15,27
Endogenous,SDHB,NM_003000.2,1009,617,994,1113,1125,939,913,1062,787,526,948,766
Endogenous,SDHC,NM_001035511.1,596,465,603,598,696,589,516,619,413,328,509,480
Endogenous,SDS,NM_006843.2,7,13,9,17,31,7,13,15,10,4,7,6
Endogenous,SDSL,NM_138432.2,30,24,14,33,41,43,31,24,22,12,23,14
Endogenous,SEC13,NM_001136026.2,744,605,810,725,844,726,812,841,605,477,764,697
Endogenous,SELENOK,NM_021237.3,51,42,30,37,36,45,41,52,50,43,30,39
Endogenous,SEM1,NM_001201451.1,2,3,1,3,3,7,5,4,4,1,3,0
Endogenous,SERINC1,NM_020755.2,2400,2007,2366,2596,2679,2422,2552,2805,2178,1617,2861,2234
Endogenous,SERINC2,NM_018565.3,64,67,37,43,69,50,77,70,92,47,44,42
Endogenous,SERINC3,NM_006811.2,1497,1070,1272,1444,1593,1346,1498,1626,1103,875,1669,1317
Endogenous,SERINC5,NM_001174071.2,522,380,457,526,541,499,629,471,393,311,482,418
Endogenous,SH2D1A,NM_002351.4,10,5,8,8,5,9,3,6,8,2,6,4
Endogenous,SHMT1,NM_148918.1,50,43,102,56,78,83,67,53,51,45,46,64
Endogenous,SHMT2,NM_001166356.1,242,205,190,236,188,244,256,274,179,164,232,161
Endogenous,SIGLEC5,NM_003830.3,383,365,511,599,535,126,465,756,255,223,416,497
Endogenous,SLC16A1,NM_003051.3,137,98,99,141,155,139,121,148,109,82,148,126
Endogenous,SLC16A11,NM_153357.1,5,4,4,5,5,4,6,3,2,3,5,3
Endogenous,SLC16A13,NM_201566.2,24,29,30,31,37,36,17,33,23,14,16,18
Endogenous,SLC16A2,NM_006517.3,7,1,1,2,2,4,3,6,3,8,7,5
Endogenous,SLC16A3,NM_004207.2,2437,1872,2271,2530,2842,2392,1538,1999,1517,1290,1913,1822
Endogenous,SLC16A6,NM_001174166.1,703,557,1015,611,750,647,791,767,593,482,912,760
Endogenous,SLC16A7,NM_001270623.1,183,205,184,190,191,189,146,185,122,104,169,144
Endogenous,SLC16A8,NM_013356.2,2,1,1,3,0,1,4,3,2,2,4,1
Endogenous,SLC1A5,NM_001145144.1,282,353,254,372,398,356,217,316,216,229,331,327
Endogenous,SLC25A1,NM_005984.2,116,133,140,151,138,135,101,115,103,75,121,105
Endogenous,SLC27A1,NM_198580.1,143,108,94,93,114,105,131,152,107,72,132,109
Endogenous,SLC2A1,NM_006516.2,8,7,8,12,5,11,14,12,9,7,5,14
Endogenous,SLC2A14,NM_001286234.1,3453,4377,3705,3860,2500,3167,3297,4482,2141,2137,4076,3985
Endogenous,SLC2A3,NM_006931.2,30,20,18,28,24,33,21,36,12,26,21,22
Endogenous,SLC2A5,NM_003039.2,9,7,11,18,12,17,6,4,6,6,8,9
Endogenous,SLC2A6,NM_001145099.1,545,710,530,575,612,544,977,845,539,370,664,603
Endogenous,SLC2A8,NM_014580.3,99,76,56,76,114,61,125,85,58,53,82,77
Endogenous,SLC3A1,NM_000341.3,10,5,6,12,7,6,4,6,7,3,11,14
Endogenous,SLC3A2,NM_001012662.2,949,977,1215,1112,1148,905,1243,1660,854,643,1089,1271
Endogenous,SLC6A12,NM_003044.3,88,74,89,129,161,142,56,57,61,33,71,67
Endogenous,SLC6A18,NM_182632.2,5,6,4,4,3,6,5,11,3,3,2,5
Endogenous,SLC6A19,NM_001003841.2,17,5,6,7,4,7,3,10,8,6,7,5
Endogenous,SLC7A11,NM_014331.3,9,30,14,4,6,7,15,25,17,36,24,68
Endogenous,SLC7A5,NM_003486.5,52,127,79,45,66,46,166,219,85,51,93,173
Endogenous,SLC7A9,NM_014270.4,17,7,17,17,17,13,11,8,6,11,16,7
Endogenous,SMAD2,NM_005901.5,754,571,603,739,906,778,628,773,563,424,787,520
Endogenous,SMAD3,NM_005902.3,467,359,380,436,450,509,364,420,344,262,493,388
Endogenous,SMAD4,NM_005359.3,546,336,447,482,630,593,569,448,399,329,541,333
Endogenous,SNF8,NM_001317192.1,1065,850,1084,1123,1147,1097,1008,1167,830,558,962,861
Endogenous,SOD1,NM_000454.4,675,548,652,636,777,654,747,691,565,512,798,566
Endogenous,SOD2,NM_000636.2,10655,10633,11325,11899,10752,8328,14872,16971,10550,3961,14995,14843
Endogenous,SOD3,NM_003102.2,2,2,6,0,2,2,2,5,2,3,1,5
Endogenous,SOS1,NM_005633.2,376,264,317,400,479,395,186,246,211,193,316,211
Endogenous,SOS2,NM_006939.2,998,731,974,998,927,901,905,1129,783,432,968,695
Endogenous,SOX2,NM_003106.2,1,1,3,2,4,6,2,0,1,1,4,1
Endogenous,SPIB,NM_003121.3,17,32,4,36,34,25,25,22,29,34,43,34
Endogenous,SQSTM1,NM_003900.3,2031,1583,2090,2014,2286,1796,2534,2739,1857,1337,2718,2008
Endogenous,SREBF1,NM_001005291.1,395,403,408,463,421,417,522,480,360,245,388,367
Endogenous,SREBF2,NM_004599.2,565,480,564,786,575,501,419,506,398,295,394,380
Endogenous,SRM,NM_003132.2,418,377,415,465,509,399,512,548,325,300,377,334
Endogenous,SRR,NM_021947.1,28,27,33,54,61,29,31,43,22,33,30,27
Endogenous,STAM2,NM_005843.4,291,189,209,341,318,310,167,224,191,115,231,221
Endogenous,STAT1,NM_007315.3,3584,4198,4964,6637,6660,6967,1945,2198,1979,1590,2988,1892
Endogenous,STAT3,NM_003150.3,1788,1710,2188,2181,2222,2068,1518,1838,1233,936,1651,1510
Endogenous,STAT5A,NM_003152.2,407,328,361,453,495,408,318,378,284,210,376,344
Endogenous,STAT6,NM_003153.3,3299,2755,3480,3395,3868,3107,3025,3603,2655,1935,3458,2626
Endogenous,STK11,NM_000455.4,811,539,531,682,810,761,729,800,594,389,700,597
Endogenous,STK3,NM_006281.3,279,171,231,279,330,266,168,203,159,133,167,168
Endogenous,TALDO1,NM_006755.1,3747,2515,3753,3141,3194,3177,3176,3801,2546,1659,3381,3187
Endogenous,TBK1,NM_013254.2,408,376,478,436,515,497,493,506,305,257,445,384
Endogenous,TBX21,NM_013351.1,11,5,9,6,5,7,2,5,3,1,7,5
Endogenous,TBXAS1,NM_001130966.2,1189,843,1094,1110,1234,1024,1000,1181,914,615,1002,877
Endogenous,TCL1A,NR_049726.1,9,4,6,6,11,6,5,5,4,8,5,8
Endogenous,TDO2,NM_005651.2,6,2,1,4,1,0,4,5,2,0,1,0
Endogenous,TECR,NR_038104.1,370,304,398,384,430,352,454,442,297,254,419,369
Endogenous,TELO2,NM_016111.3,197,192,161,219,237,182,165,168,141,125,137,156
Endogenous,TET2,NM_001127208.2,2210,1559,1923,1918,2109,1902,2129,2125,1567,1168,2216,1783
Endogenous,TF,NM_001063.2,2,0,3,4,3,6,5,1,4,5,7,3
Endogenous,TFAM,NM_003201.1,361,185,243,355,318,279,236,299,181,153,266,329
Endogenous,TFRC,NM_003234.1,1012,1309,1296,905,1047,1068,1244,1556,1060,601,1103,1493
Endogenous,TH,NM_000360.3,8,5,4,10,5,5,2,8,3,3,6,0
Endogenous,THBS1,NM_003246.2,870,3362,12782,341,2234,161,4010,9110,3904,969,3455,563
Endogenous,THBS2,NM_003247.2,3,2,4,4,7,7,6,5,3,6,2,4
Endogenous,TIGAR,NM_020375.2,113,65,61,80,118,98,80,61,67,47,59,78
Endogenous,TIGIT,NM_173799.2,5,4,4,4,2,4,1,3,3,11,1,4
Endogenous,TIMELESS,NM_003920.2,55,45,58,64,66,44,55,63,30,39,43,42
Endogenous,TK1,NM_003258.1,13,5,10,20,10,14,17,19,10,9,14,13
Endogenous,TK2,NM_004614.3,313,233,298,295,418,391,266,501,243,145,440,235
Endogenous,TKT,NM_001064.2,6537,4806,5893,6263,6115,6573,7405,8683,7389,4455,8844,5545
Endogenous,TLR10,NM_030956.2,29,36,20,34,40,35,15,21,23,16,39,27
Endogenous,TLR2,NM_003264.3,4988,3479,4867,4345,4093,4832,3018,3629,2758,1681,3522,3226
Endogenous,TLR4,NM_138554.2,2441,1959,2938,2245,2268,2314,1972,1998,1543,1123,1949,1645
Endogenous,TLR7,NM_016562.3,380,344,297,427,399,528,186,167,116,119,223,148
Endogenous,TNF,NM_000594.2,391,753,617,506,289,267,1304,1366,532,223,518,916
Endogenous,TNFRSF17,NM_001192.2,6,3,3,9,10,2,2,5,5,4,5,5
Endogenous,TNFRSF4,NM_003327.3,14,4,5,5,9,3,5,2,4,6,9,4
Endogenous,TP53,NM_000546.2,852,588,642,853,875,805,690,770,477,397,625,565
Endogenous,TP63,NM_003722.4,3,4,9,5,5,7,3,3,1,4,4,3
Endogenous,TPH1,NM_004179.1,6,2,2,14,10,6,10,11,7,1,12,2
Endogenous,TPR,NM_003292.2,396,325,395,391,436,360,386,389,318,252,368,272
Endogenous,TPSAB1/B2,NM_003294.3,6,3,2,3,4,1,1,3,4,1,2,2
Endogenous,TPX2,NM_012112.4,2,1,3,2,5,1,3,2,2,2,5,2
Endogenous,TRAF1,NM_005658.3,79,70,53,115,76,68,92,98,74,49,109,96
Endogenous,TRAF6,NM_145803.2,314,240,333,350,315,340,402,417,296,190,356,293
Endogenous,TRAT1,NM_016388.2,6,10,3,4,4,4,4,7,6,5,9,6
Endogenous,TTPA,NM_000370.3,3,1,2,1,3,1,2,2,2,1,2,2
Endogenous,TTR,NM_000371.3,4,1,6,5,3,10,4,6,2,3,6,4
Endogenous,TXN,NM_003329.2,1491,1232,1772,1790,1979,1340,1546,1815,1242,1003,1543,1495
Endogenous,TXN2,NM_012473.3,605,548,594,783,776,683,693,743,419,396,629,528
Endogenous,TXNRD1,NM_001093771.1,789,578,776,799,811,728,821,902,553,471,741,715
Endogenous,TYMP,NM_001953.3,8524,7492,5709,10473,14199,14003,5632,7038,4621,2946,6923,6500
Endogenous,TYMS,NM_001071.2,5,4,5,6,4,6,4,2,9,6,7,6
Endogenous,UBE2C,NM_007019.2,56,29,35,57,49,37,46,53,37,21,37,35
Endogenous,UBE2T,NM_014176.3,12,12,10,16,7,10,6,11,7,15,14,13
Endogenous,UCK1,NM_031432.3,174,138,154,169,190,154,154,175,125,105,158,123
Endogenous,UCK2,NM_012474.3,128,111,126,155,98,136,147,130,97,77,105,97
Endogenous,UCKL1,NM_001193379.1,529,399,386,461,487,435,462,503,363,336,522,364
Endogenous,UMPS,NM_000373.2,52,28,27,39,38,33,44,40,22,19,30,29
Endogenous,UPP1,NM_003364.2,1064,1085,1792,1316,1133,1202,1088,1346,862,665,1149,1286
Endogenous,UPP2,NM_001135098.1,4,2,3,8,8,4,4,2,4,5,4,2
Endogenous,UQCR10,NM_001003684.1,763,629,735,816,965,740,659,779,574,425,714,612
Endogenous,UQCR11,NM_006830.2,100,54,67,98,96,94,75,71,64,33,64,65
Endogenous,UQCRQ,NM_014402.4,1239,945,1413,1364,1271,1089,1172,1167,915,809,1101,926
Endogenous,USP8,NM_001128610.1,843,655,918,893,841,719,780,845,575,415,818,603
Endogenous,VEGFA,NM_001025366.1,589,856,627,563,651,462,1251,1140,1059,520,2394,950
Endogenous,VHL,NM_000551.2,1229,1001,1194,1323,1384,1242,1416,1662,1031,736,1356,1194
Endogenous,VPS28,NM_016208.3,1529,1086,1394,1398,1677,1421,1409,1591,1535,846,1508,1233
Endogenous,WASHC4,NM_015275.1,1356,853,1164,1370,1460,1306,1155,1222,999,761,1389,808
Endogenous,WDR45,NM_007075.3,374,281,357,351,422,323,317,457,306,222,302,323
Endogenous,WNT1,NM_005430.2,1,4,2,1,1,5,1,4,4,2,4,3
Endogenous,WNT2,NM_003391.2,7,3,5,7,5,6,6,2,3,0,4,6
Endogenous,WRN,NM_000553.4,59,38,64,78,81,66,89,65,53,48,67,46
Endogenous,XCL1/2,NM_003175.3,10,4,5,2,1,2,2,4,3,2,2,3
Endogenous,XDH,NM_000379.3,5,1,2,1,8,5,4,1,5,3,3,3
Endogenous,XRCC2,NM_005431.1,10,2,7,7,7,13,4,8,3,2,9,5
Endogenous,YWHAZ,NM_003406.2,6158,5738,6656,6724,6766,5304,6371,8390,5026,4411,6251,6752
Endogenous,ZAP70,NM_001079.3,12,8,5,1,9,6,4,9,2,5,7,11
Endogenous,ZNF100,NM_173531.3,163,93,126,119,177,108,103,164,128,98,104,84
Endogenous,ZNF136,NM_003437.2,202,165,212,193,214,198,260,253,216,137,245,188
Endogenous,ZNF253,NM_021047.2,49,31,18,11,49,59,18,22,16,14,24,23
Endogenous,ZNF254,NM_203282.3,133,77,74,120,157,145,98,93,52,53,77,73
Endogenous,ZNF43,NM_003423.2,12,13,10,15,13,15,11,7,9,11,12,13
Endogenous,ZNF610,NM_001161427.1,5,6,5,5,9,6,3,4,5,3,1,3
Endogenous,ZNF675,NM_138330.2,73,48,48,49,77,69,56,46,30,33,50,36
Endogenous,ZNF682,NM_001077349.1,15,12,9,14,5,17,15,17,8,11,13,13
Endogenous,ZNF708,NM_021269.2,193,164,183,174,141,158,85,193,159,109,111,102
Endogenous,ZNF85,NM_001256171.1,28,21,19,17,56,29,23,26,22,14,22,18
Endogenous,ZNF91,NM_003430.2,266,221,207,218,304,207,239,204,231,130,342,207
Endogenous,ZNF93,NM_031218.3,33,18,17,22,36,36,19,16,13,16,19,14
Housekeeping,ABCF1,NM_001090.2,652,620,755,712,639,591,812,994,563,486,789,699
Housekeeping,AGK,NM_018238.3,101,95,106,100,127,106,108,103,80,64,86,67
Housekeeping,COG7,NM_153603.3,244,205,267,242,271,250,226,235,197,127,233,219
Housekeeping,DHX16,NM_001164239.1,291,204,272,262,290,286,249,222,184,156,239,202
Housekeeping,DNAJC14,NM_032364.5,61,61,85,62,61,91,60,73,56,29,58,51
Housekeeping,EDC3,NM_001142443.1,169,108,151,167,155,156,103,146,92,66,134,92
Housekeeping,FCF1,NM_015962.4,786,587,681,753,830,828,718,791,498,410,768,672
Housekeeping,G6PD,NM_000402.4,1161,982,1420,1271,1272,1039,885,1270,881,508,1069,962
Housekeeping,MRPS5,NM_031902.3,668,532,573,733,737,714,626,661,569,387,658,488
Housekeeping,NRDE2,NM_017970.3,235,192,260,212,201,238,242,269,185,122,231,210
Housekeeping,OAZ1,NM_004152.2,15944,12594,16568,16304,16735,15247,13186,17152,12149,8841,14775,14376
Housekeeping,POLR2A,NM_000937.2,1170,997,1123,1229,1185,1091,1220,1241,944,768,1271,912
Housekeeping,SAP130,NM_024545.3,277,233,289,257,336,268,259,322,230,204,276,279
Housekeeping,SDHA,NM_004168.3,823,491,571,849,975,867,812,685,644,529,883,581
Housekeeping,STK11IP,NM_052902.2,210,168,215,207,196,195,208,239,161,117,190,176
Housekeeping,TBC1D10B,NM_015527.3,355,293,334,308,367,332,307,316,288,172,338,310
Housekeeping,TBP,NM_001172085.1,290,213,223,255,307,295,228,257,206,162,278,166
Housekeeping,TLK2,XM_011524223.1,395,351,376,363,431,398,412,436,325,252,442,341
Housekeeping,UBB,NM_018955.3,6815,5626,7442,7673,8398,7004,6871,7764,5530,4660,6783,5872
Housekeeping,USP39,NM_001256725.1,389,317,367,356,422,361,408,425,298,217,346,326
Negative,NEG_A(0),ERCC_00096.1,4,5,4,4,4,3,3,4,1,3,5,4
Negative,NEG_B(0),ERCC_00041.1,6,4,1,3,2,6,3,4,2,2,4,5
Negative,NEG_C(0),ERCC_00019.1,6,6,10,4,3,3,4,6,6,7,2,3
Negative,NEG_D(0),ERCC_00076.1,5,3,3,2,6,1,4,5,4,3,9,1
Negative,NEG_E(0),ERCC_00098.1,12,3,8,5,5,5,2,6,1,4,8,3
Negative,NEG_F(0),ERCC_00126.1,4,6,5,5,4,4,5,6,6,6,6,4
Negative,NEG_G(0),ERCC_00144.1,6,5,2,6,5,6,2,6,1,1,5,4
Negative,NEG_H(0),ERCC_00154.1,6,7,5,4,8,5,6,3,4,2,8,4
Positive,POS_A(128),ERCC_00117.1,19745,21745,15584,15180,15326,20367,15394,15596,13589,19870,18847,18397
Positive,POS_B(32),ERCC_00112.1,4234,4747,3347,3276,3283,4412,3440,3326,2861,4476,4111,4084
Positive,POS_C(8),ERCC_00002.1,1246,1451,983,1000,993,1255,1036,1001,885,1383,1183,1213
Positive,POS_D(2),ERCC_00092.1,321,399,262,271,279,372,264,277,234,364,319,322
Positive,POS_E(0.5),ERCC_00035.1,89,87,71,71,59,80,72,78,67,89,107,68
Positive,POS_F(0.125),ERCC_00034.1,32,23,26,23,17,29,23,14,21,26,17,22
