"gene","donor","condition","sample","baseline_sample","delta_log2_vs_GMCSF","panel"
"ABCA1","M27","GM-CSF+E","GSM758958","GSM758957",-0.108334540314637,"Inmunometabolico_M2"
"ABCA1","M27","GM-CSF+P","GSM758959","GSM758957",0.230753685767064,"Inmunometabolico_M2"
"ABCA1","M24","GM-CSF+E","GSM758925","GSM758942",-1.55598770855245,"Inmunometabolico_M2"
"ABCA1","M27","Combo_separado","GSM758962","GSM758957",-0.602938316214521,"Inmunometabolico_M2"
"ABCA1","M24","GM-CSF+P","GSM758926","GSM758942",-0.791668386791343,"Inmunometabolico_M2"
"ABCA1","M24","GM-CSF+IL4/13","GSM758928","GSM758942",-3.31718469657812,"Inmunometabolico_M2"
"ABCA1","M27","GM-CSF+IL4/13","GSM758961","GSM758957",-0.17796802198996,"Inmunometabolico_M2"
"ABCG1","M24","GM-CSF+P","GSM758926","GSM758942",-1.12123780196162,"Inmunometabolico_M2"
"ABCG1","M27","GM-CSF+IL4/13","GSM758961","GSM758957",-0.166901316030952,"Inmunometabolico_M2"
"ABCG1","M27","Combo_separado","GSM758962","GSM758957",-2.54534296101999,"Inmunometabolico_M2"
"ABCG1","M27","GM-CSF+E","GSM758958","GSM758957",-0.00124474492112547,"Inmunometabolico_M2"
"ABCG1","M24","GM-CSF+IL4/13","GSM758928","GSM758942",-4.95370154289367,"Inmunometabolico_M2"
"ABCG1","M27","GM-CSF+P","GSM758959","GSM758957",-0.0491044658369173,"Inmunometabolico_M2"
"ABCG1","M24","GM-CSF+E","GSM758925","GSM758942",-2.59191062741585,"Inmunometabolico_M2"
"ALOX15","M24","GM-CSF+E","GSM758925","GSM758942",-3.10058573467093,"Inmunometabolico_M2"
"ALOX15","M24","GM-CSF+P","GSM758926","GSM758942",0.0606562570028801,"Inmunometabolico_M2"
"ALOX15","M27","GM-CSF+IL4/13","GSM758961","GSM758957",8.92597956969507,"Inmunometabolico_M2"
"ALOX15","M24","GM-CSF+IL4/13","GSM758928","GSM758942",4.10498420724714,"Inmunometabolico_M2"
"ALOX15","M27","Combo_separado","GSM758962","GSM758957",7.75465387367092,"Inmunometabolico_M2"
"ALOX15","M27","GM-CSF+E","GSM758958","GSM758957",0.0287261629282565,"Inmunometabolico_M2"
"ALOX15","M27","GM-CSF+P","GSM758959","GSM758957",-1.58660227104053,"Inmunometabolico_M2"
"APOE","M27","GM-CSF+IL4/13","GSM758961","GSM758957",-1.50779778158262,"Inmunometabolico_M2"
"APOE","M24","GM-CSF+IL4/13","GSM758928","GSM758942",-8.91901538968089,"Inmunometabolico_M2"
"APOE","M27","GM-CSF+E","GSM758958","GSM758957",0.0365067745354928,"Inmunometabolico_M2"
"APOE","M24","GM-CSF+P","GSM758926","GSM758942",-2.20874411779134,"Inmunometabolico_M2"
"APOE","M27","GM-CSF+P","GSM758959","GSM758957",-0.930531614650207,"Inmunometabolico_M2"
"APOE","M24","GM-CSF+E","GSM758925","GSM758942",-1.00005946286239,"Inmunometabolico_M2"
"APOE","M27","Combo_separado","GSM758962","GSM758957",-2.37959033309578,"Inmunometabolico_M2"
"ARG1","M27","GM-CSF+P","GSM758959","GSM758957",-0.667089729291137,"M2_canonico+inmunometabolico"
"ARG1","M24","GM-CSF+E","GSM758925","GSM758942",-0.69975253336862,"M2_canonico+inmunometabolico"
"ARG1","M27","Combo_separado","GSM758962","GSM758957",-5.96016425794641,"M2_canonico+inmunometabolico"
"ARG1","M24","GM-CSF+P","GSM758926","GSM758942",-0.569411847441437,"M2_canonico+inmunometabolico"
"ARG1","M24","GM-CSF+IL4/13","GSM758928","GSM758942",-1.02867018903771,"M2_canonico+inmunometabolico"
"ARG1","M27","GM-CSF+IL4/13","GSM758961","GSM758957",-5.6397603633107,"M2_canonico+inmunometabolico"
"ARG1","M27","GM-CSF+E","GSM758958","GSM758957",-0.0476113854618863,"M2_canonico+inmunometabolico"
"ATG5","M24","GM-CSF+IL4/13","GSM758928","GSM758942",-2.35733720448507,"Inmunometabolico_M2"
"ATG5","M24","GM-CSF+E","GSM758925","GSM758942",-2.67173185389953,"Inmunometabolico_M2"
"ATG5","M24","GM-CSF+P","GSM758926","GSM758942",-1.7745887444744,"Inmunometabolico_M2"
"ATG5","M27","GM-CSF+IL4/13","GSM758961","GSM758957",1.77591837748664,"Inmunometabolico_M2"
"ATG5","M27","GM-CSF+E","GSM758958","GSM758957",0.233827517064404,"Inmunometabolico_M2"
"ATG5","M27","GM-CSF+P","GSM758959","GSM758957",-0.610972058408068,"Inmunometabolico_M2"
"ATG5","M27","Combo_separado","GSM758962","GSM758957",-0.375000654157274,"Inmunometabolico_M2"
"BNIP3L","M24","GM-CSF+IL4/13","GSM758928","GSM758942",-2.42441699509732,"Inmunometabolico_M2"
"BNIP3L","M24","GM-CSF+E","GSM758925","GSM758942",-3.02530440775218,"Inmunometabolico_M2"
"BNIP3L","M24","GM-CSF+P","GSM758926","GSM758942",-1.67149792094638,"Inmunometabolico_M2"
"BNIP3L","M27","GM-CSF+IL4/13","GSM758961","GSM758957",1.09981863362986,"Inmunometabolico_M2"
"BNIP3L","M27","GM-CSF+E","GSM758958","GSM758957",0.192754403750904,"Inmunometabolico_M2"
"BNIP3L","M27","GM-CSF+P","GSM758959","GSM758957",-0.00995831515465362,"Inmunometabolico_M2"
"BNIP3L","M27","Combo_separado","GSM758962","GSM758957",-1.08375430051839,"Inmunometabolico_M2"
"CAT","M24","GM-CSF+E","GSM758925","GSM758942",-2.55638411556586,"Inmunometabolico_M2"
"CAT","M24","GM-CSF+P","GSM758926","GSM758942",-1.0329672325627,"Inmunometabolico_M2"
"CAT","M27","Combo_separado","GSM758962","GSM758957",-0.678664155888621,"Inmunometabolico_M2"
"CAT","M27","GM-CSF+IL4/13","GSM758961","GSM758957",2.47832790825381,"Inmunometabolico_M2"
"CAT","M24","GM-CSF+IL4/13","GSM758928","GSM758942",-1.4744836104364,"Inmunometabolico_M2"
"CAT","M27","GM-CSF+E","GSM758958","GSM758957",0.159294125400429,"Inmunometabolico_M2"
"CAT","M27","GM-CSF+P","GSM758959","GSM758957",-0.4214983342506,"Inmunometabolico_M2"
"CCL18","M27","Combo_separado","GSM758962","GSM758957",9.2672058189127,"M2_canonico"
"CCL18","M24","GM-CSF+IL4/13","GSM758928","GSM758942",7.46601315850987,"M2_canonico"
"CCL18","M24","GM-CSF+E","GSM758925","GSM758942",-2.73588481509864,"M2_canonico"
"CCL18","M24","GM-CSF+P","GSM758926","GSM758942",-1.51185295880507,"M2_canonico"
"CCL18","M27","GM-CSF+IL4/13","GSM758961","GSM758957",4.02278989652892,"M2_canonico"
"CCL18","M27","GM-CSF+E","GSM758958","GSM758957",-0.635355824109489,"M2_canonico"
"CCL18","M27","GM-CSF+P","GSM758959","GSM758957",-1.28797857823336,"M2_canonico"
"CCL22","M24","GM-CSF+IL4/13","GSM758928","GSM758942",-1.64127459601423,"M2_canonico"
"CCL22","M24","GM-CSF+E","GSM758925","GSM758942",-1.41545783521985,"M2_canonico"
"CCL22","M24","GM-CSF+P","GSM758926","GSM758942",-0.591969158069972,"M2_canonico"
"CCL22","M27","Combo_separado","GSM758962","GSM758957",1.27197389994355,"M2_canonico"
"CCL22","M27","GM-CSF+IL4/13","GSM758961","GSM758957",5.14729992889177,"M2_canonico"
"CCL22","M27","GM-CSF+E","GSM758958","GSM758957",-0.0510769726841502,"M2_canonico"
"CCL22","M27","GM-CSF+P","GSM758959","GSM758957",-0.397873491680766,"M2_canonico"
"CD163","M24","GM-CSF+IL4/13","GSM758928","GSM758942",-4.83397667573841,"M2_canonico"
"CD163","M27","GM-CSF+E","GSM758958","GSM758957",0.224337979757506,"M2_canonico"
"CD163","M24","GM-CSF+E","GSM758925","GSM758942",-2.22473740545339,"M2_canonico"
"CD163","M27","GM-CSF+P","GSM758959","GSM758957",-0.155490655958037,"M2_canonico"
"CD163","M24","GM-CSF+P","GSM758926","GSM758942",-1.75683281996379,"M2_canonico"
"CD163","M27","Combo_separado","GSM758962","GSM758957",2.27798685888563,"M2_canonico"
"CD163","M27","GM-CSF+IL4/13","GSM758961","GSM758957",-7.46594056621047,"M2_canonico"
"CD36","M27","Combo_separado","GSM758962","GSM758957",-3.72001688781336,"M2_canonico+inmunometabolico"
"CD36","M27","GM-CSF+IL4/13","GSM758961","GSM758957",2.29195078503441,"M2_canonico+inmunometabolico"
"CD36","M24","GM-CSF+IL4/13","GSM758928","GSM758942",-1.07680691183621,"M2_canonico+inmunometabolico"
"CD36","M27","GM-CSF+E","GSM758958","GSM758957",-0.0205910510619578,"M2_canonico+inmunometabolico"
"CD36","M24","GM-CSF+E","GSM758925","GSM758942",-1.93811361176692,"M2_canonico+inmunometabolico"
"CD36","M27","GM-CSF+P","GSM758959","GSM758957",0.229003999433111,"M2_canonico+inmunometabolico"
"CD36","M24","GM-CSF+P","GSM758926","GSM758942",-1.65218810665609,"M2_canonico+inmunometabolico"
"CLEC7A","M24","GM-CSF+IL4/13","GSM758928","GSM758942",-1.10116321526325,"M2_canonico"
"CLEC7A","M27","GM-CSF+P","GSM758959","GSM758957",-1.24268892981177,"M2_canonico"
"CLEC7A","M24","GM-CSF+E","GSM758925","GSM758942",-1.96820383170945,"M2_canonico"
"CLEC7A","M27","GM-CSF+E","GSM758958","GSM758957",-0.262735153357383,"M2_canonico"
"CLEC7A","M24","GM-CSF+P","GSM758926","GSM758942",-0.986412283898753,"M2_canonico"
"CLEC7A","M27","Combo_separado","GSM758962","GSM758957",-0.356345291363958,"M2_canonico"
"CLEC7A","M27","GM-CSF+IL4/13","GSM758961","GSM758957",1.12440444981558,"M2_canonico"
"CPT1A","M24","GM-CSF+IL4/13","GSM758928","GSM758942",1.25756343103893,"Inmunometabolico_M2"
"CPT1A","M24","GM-CSF+E","GSM758925","GSM758942",-0.728767035202855,"Inmunometabolico_M2"
"CPT1A","M27","GM-CSF+P","GSM758959","GSM758957",-0.688187069593156,"Inmunometabolico_M2"
"CPT1A","M24","GM-CSF+P","GSM758926","GSM758942",-0.733010474847541,"Inmunometabolico_M2"
"CPT1A","M27","Combo_separado","GSM758962","GSM758957",0.241019307124072,"Inmunometabolico_M2"
"CPT1A","M27","GM-CSF+IL4/13","GSM758961","GSM758957",2.6717227825721,"Inmunometabolico_M2"
"CPT1A","M27","GM-CSF+E","GSM758958","GSM758957",-0.491267095306423,"Inmunometabolico_M2"
"FABP5","M27","GM-CSF+P","GSM758959","GSM758957",-1.12838142779193,"Inmunometabolico_M2"
"FABP5","M27","GM-CSF+E","GSM758958","GSM758957",-0.596403231577803,"Inmunometabolico_M2"
"FABP5","M27","GM-CSF+IL4/13","GSM758961","GSM758957",2.22515366102606,"Inmunometabolico_M2"
"FABP5","M27","Combo_separado","GSM758962","GSM758957",-0.556411645852966,"Inmunometabolico_M2"
"FABP5","M24","GM-CSF+E","GSM758925","GSM758942",-2.0061669035997,"Inmunometabolico_M2"
"FABP5","M24","GM-CSF+P","GSM758926","GSM758942",-1.89686411718291,"Inmunometabolico_M2"
"FABP5","M24","GM-CSF+IL4/13","GSM758928","GSM758942",-3.55572669808893,"Inmunometabolico_M2"
"GPX4","M24","GM-CSF+P","GSM758926","GSM758942",-0.995877179017361,"Inmunometabolico_M2"
"GPX4","M27","GM-CSF+IL4/13","GSM758961","GSM758957",2.12061301962258,"Inmunometabolico_M2"
"GPX4","M27","GM-CSF+E","GSM758958","GSM758957",-0.619143681719818,"Inmunometabolico_M2"
"GPX4","M27","GM-CSF+P","GSM758959","GSM758957",-1.05960211100273,"Inmunometabolico_M2"
"GPX4","M27","Combo_separado","GSM758962","GSM758957",-0.206960873295941,"Inmunometabolico_M2"
"GPX4","M24","GM-CSF+IL4/13","GSM758928","GSM758942",-0.426809049355979,"Inmunometabolico_M2"
"GPX4","M24","GM-CSF+E","GSM758925","GSM758942",-1.25720114749859,"Inmunometabolico_M2"
"HPGD","M24","GM-CSF+P","GSM758926","GSM758942",-2.4264043937756,"Inmunometabolico_M2"
"HPGD","M24","GM-CSF+IL4/13","GSM758928","GSM758942",-8.02381230987789,"Inmunometabolico_M2"
"HPGD","M27","GM-CSF+IL4/13","GSM758961","GSM758957",-6.83270044182072,"Inmunometabolico_M2"
"HPGD","M27","GM-CSF+E","GSM758958","GSM758957",0.0688588071582075,"Inmunometabolico_M2"
"HPGD","M27","GM-CSF+P","GSM758959","GSM758957",-0.533640891680129,"Inmunometabolico_M2"
"HPGD","M27","Combo_separado","GSM758962","GSM758957",-7.02413329449364,"Inmunometabolico_M2"
"HPGD","M24","GM-CSF+E","GSM758925","GSM758942",-2.59562526970672,"Inmunometabolico_M2"
"HPGDS","M27","GM-CSF+IL4/13","GSM758961","GSM758957",-3.15277021504013,"Inmunometabolico_M2"
"HPGDS","M24","GM-CSF+IL4/13","GSM758928","GSM758942",-7.49122899466787,"Inmunometabolico_M2"
"HPGDS","M27","GM-CSF+E","GSM758958","GSM758957",-0.536055230459402,"Inmunometabolico_M2"
"HPGDS","M24","GM-CSF+P","GSM758926","GSM758942",-2.64151858424892,"Inmunometabolico_M2"
"HPGDS","M27","GM-CSF+P","GSM758959","GSM758957",-0.67456709002111,"Inmunometabolico_M2"
"HPGDS","M27","Combo_separado","GSM758962","GSM758957",-1.42929846367816,"Inmunometabolico_M2"
"HPGDS","M24","GM-CSF+E","GSM758925","GSM758942",-1.52395873388421,"Inmunometabolico_M2"
"IL10","M24","GM-CSF+P","GSM758926","GSM758942",-1.50786946670308,"M2_canonico"
"IL10","M27","GM-CSF+IL4/13","GSM758961","GSM758957",3.06980383245854,"M2_canonico"
"IL10","M24","GM-CSF+IL4/13","GSM758928","GSM758942",-0.267913383437741,"M2_canonico"
"IL10","M27","GM-CSF+E","GSM758958","GSM758957",-0.249601912359409,"M2_canonico"
"IL10","M24","GM-CSF+E","GSM758925","GSM758942",-2.64364593953381,"M2_canonico"
"IL10","M27","GM-CSF+P","GSM758959","GSM758957",-0.914140824759381,"M2_canonico"
"IL10","M27","Combo_separado","GSM758962","GSM758957",5.32566997795972,"M2_canonico"
"IL10RA","M27","GM-CSF+P","GSM758959","GSM758957",0.0910019257567676,"M2_canonico"
"IL10RA","M27","Combo_separado","GSM758962","GSM758957",0.262825870565274,"M2_canonico"
"IL10RA","M27","GM-CSF+IL4/13","GSM758961","GSM758957",2.70282531537436,"M2_canonico"
"IL10RA","M24","GM-CSF+IL4/13","GSM758928","GSM758942",-0.860019978944013,"M2_canonico"
"IL10RA","M27","GM-CSF+E","GSM758958","GSM758957",0.253290375607598,"M2_canonico"
"IL10RA","M24","GM-CSF+E","GSM758925","GSM758942",-3.2786443746097,"M2_canonico"
"IL10RA","M24","GM-CSF+P","GSM758926","GSM758942",-0.563045116537408,"M2_canonico"
"IL13RA1","M27","Combo_separado","GSM758962","GSM758957",-0.389313618985243,"M2_canonico"
"IL13RA1","M24","GM-CSF+IL4/13","GSM758928","GSM758942",-0.820780322373423,"M2_canonico"
"IL13RA1","M24","GM-CSF+E","GSM758925","GSM758942",-2.17044212836545,"M2_canonico"
"IL13RA1","M24","GM-CSF+P","GSM758926","GSM758942",-0.169679424128715,"M2_canonico"
"IL13RA1","M27","GM-CSF+IL4/13","GSM758961","GSM758957",2.32739804612967,"M2_canonico"
"IL13RA1","M27","GM-CSF+E","GSM758958","GSM758957",0.0740377566176669,"M2_canonico"
"IL13RA1","M27","GM-CSF+P","GSM758959","GSM758957",-0.204644498720834,"M2_canonico"
"IL4R","M27","GM-CSF+P","GSM758959","GSM758957",-0.084890728611688,"M2_canonico"
"IL4R","M27","Combo_separado","GSM758962","GSM758957",-0.398368664224952,"M2_canonico"
"IL4R","M24","GM-CSF+IL4/13","GSM758928","GSM758942",-0.875962737728017,"M2_canonico"
"IL4R","M24","GM-CSF+E","GSM758925","GSM758942",-1.4794236322473,"M2_canonico"
"IL4R","M24","GM-CSF+P","GSM758926","GSM758942",-0.800249868496643,"M2_canonico"
"IL4R","M27","GM-CSF+IL4/13","GSM758961","GSM758957",0.725816385540581,"M2_canonico"
"IL4R","M27","GM-CSF+E","GSM758958","GSM758957",-0.524294520285011,"M2_canonico"
"LAMP2","M27","GM-CSF+IL4/13","GSM758961","GSM758957",0.244171165800397,"Inmunometabolico_M2"
"LAMP2","M24","GM-CSF+IL4/13","GSM758928","GSM758942",-2.40351541979562,"Inmunometabolico_M2"
"LAMP2","M27","GM-CSF+E","GSM758958","GSM758957",0.0319651838523622,"Inmunometabolico_M2"
"LAMP2","M24","GM-CSF+E","GSM758925","GSM758942",-2.97913501318896,"Inmunometabolico_M2"
"LAMP2","M27","GM-CSF+P","GSM758959","GSM758957",-0.213723406764272,"Inmunometabolico_M2"
"LAMP2","M24","GM-CSF+P","GSM758926","GSM758942",-1.7800887241046,"Inmunometabolico_M2"
"LAMP2","M27","Combo_separado","GSM758962","GSM758957",-1.0256691247028,"Inmunometabolico_M2"
"LIPA","M24","GM-CSF+IL4/13","GSM758928","GSM758942",-0.864335879336554,"Inmunometabolico_M2"
"LIPA","M27","GM-CSF+E","GSM758958","GSM758957",-0.0951762823738846,"Inmunometabolico_M2"
"LIPA","M24","GM-CSF+E","GSM758925","GSM758942",-1.91025511979844,"Inmunometabolico_M2"
"LIPA","M27","GM-CSF+IL4/13","GSM758961","GSM758957",1.51391255075232,"Inmunometabolico_M2"
"LIPA","M27","GM-CSF+P","GSM758959","GSM758957",-0.631443446640448,"Inmunometabolico_M2"
"LIPA","M27","Combo_separado","GSM758962","GSM758957",-0.243667435027092,"Inmunometabolico_M2"
"LIPA","M24","GM-CSF+P","GSM758926","GSM758942",-1.62185104238226,"Inmunometabolico_M2"
"MAF","M27","GM-CSF+P","GSM758959","GSM758957",-1.30696404426813,"M2_canonico"
"MAF","M24","GM-CSF+IL4/13","GSM758928","GSM758942",1.07096460382203,"M2_canonico"
"MAF","M24","GM-CSF+E","GSM758925","GSM758942",-0.984988511642662,"M2_canonico"
"MAF","M27","GM-CSF+E","GSM758958","GSM758957",-0.48881041429588,"M2_canonico"
"MAF","M24","GM-CSF+P","GSM758926","GSM758942",-1.790915381736,"M2_canonico"
"MAF","M27","Combo_separado","GSM758962","GSM758957",1.98366876935614,"M2_canonico"
"MAF","M27","GM-CSF+IL4/13","GSM758961","GSM758957",2.16914077417955,"M2_canonico"
"MARCO","M27","GM-CSF+E","GSM758958","GSM758957",0.164847195744734,"M2_canonico"
"MARCO","M24","GM-CSF+IL4/13","GSM758928","GSM758942",-5.92778700563052,"M2_canonico"
"MARCO","M24","GM-CSF+E","GSM758925","GSM758942",-1.40513921538598,"M2_canonico"
"MARCO","M27","GM-CSF+IL4/13","GSM758961","GSM758957",-3.11086056958727,"M2_canonico"
"MARCO","M27","GM-CSF+P","GSM758959","GSM758957",-0.341136306015681,"M2_canonico"
"MARCO","M24","GM-CSF+P","GSM758926","GSM758942",-1.62262720739636,"M2_canonico"
"MARCO","M27","Combo_separado","GSM758962","GSM758957",-3.92920516725892,"M2_canonico"
"MERTK","M24","GM-CSF+IL4/13","GSM758928","GSM758942",-7.20552963769676,"M2_canonico"
"MERTK","M24","GM-CSF+E","GSM758925","GSM758942",-2.28501138366168,"M2_canonico"
"MERTK","M24","GM-CSF+P","GSM758926","GSM758942",-2.94016948620725,"M2_canonico"
"MERTK","M27","GM-CSF+IL4/13","GSM758961","GSM758957",0.278155161051274,"M2_canonico"
"MERTK","M27","GM-CSF+E","GSM758958","GSM758957",0.362593581982361,"M2_canonico"
"MERTK","M27","GM-CSF+P","GSM758959","GSM758957",-0.646750482123811,"M2_canonico"
"MERTK","M27","Combo_separado","GSM758962","GSM758957",2.67190214202215,"M2_canonico"
"MSR1","M24","GM-CSF+IL4/13","GSM758928","GSM758942",-7.07342211414428,"M2_canonico"
"MSR1","M24","GM-CSF+E","GSM758925","GSM758942",-0.739363492074567,"M2_canonico"
"MSR1","M24","GM-CSF+P","GSM758926","GSM758942",-1.68668346310408,"M2_canonico"
"MSR1","M27","GM-CSF+IL4/13","GSM758961","GSM758957",-2.07600404291947,"M2_canonico"
"MSR1","M27","GM-CSF+E","GSM758958","GSM758957",-0.461586208367001,"M2_canonico"
"MSR1","M27","GM-CSF+P","GSM758959","GSM758957",-0.433872617238643,"M2_canonico"
"MSR1","M27","Combo_separado","GSM758962","GSM758957",-2.68629604216736,"M2_canonico"
"MTOR","M24","GM-CSF+E","GSM758925","GSM758942",-3.18403871641816,"Inmunometabolico_M2"
"MTOR","M24","GM-CSF+P","GSM758926","GSM758942",-1.08748885930614,"Inmunometabolico_M2"
"MTOR","M27","GM-CSF+IL4/13","GSM758961","GSM758957",1.80449364808861,"Inmunometabolico_M2"
"MTOR","M24","GM-CSF+IL4/13","GSM758928","GSM758942",-2.82682377517142,"Inmunometabolico_M2"
"MTOR","M27","GM-CSF+E","GSM758958","GSM758957",0.0786495465933346,"Inmunometabolico_M2"
"MTOR","M27","GM-CSF+P","GSM758959","GSM758957",-0.375583966639612,"Inmunometabolico_M2"
"MTOR","M27","Combo_separado","GSM758962","GSM758957",-0.387379189827959,"Inmunometabolico_M2"
"PPARGC1A","M27","GM-CSF+IL4/13","GSM758961","GSM758957",0.728929672395191,"Inmunometabolico_M2"
"PPARGC1A","M27","Combo_separado","GSM758962","GSM758957",0.261134727322086,"Inmunometabolico_M2"
"PPARGC1A","M27","GM-CSF+E","GSM758958","GSM758957",0.270692584430144,"Inmunometabolico_M2"
"PPARGC1A","M24","GM-CSF+IL4/13","GSM758928","GSM758942",-0.161727502117479,"Inmunometabolico_M2"
"PPARGC1A","M27","GM-CSF+P","GSM758959","GSM758957",0.163884713977895,"Inmunometabolico_M2"
"PPARGC1A","M24","GM-CSF+E","GSM758925","GSM758942",0.603627778699173,"Inmunometabolico_M2"
"PPARGC1A","M24","GM-CSF+P","GSM758926","GSM758942",0.108034316584653,"Inmunometabolico_M2"
"PPARGC1B","M24","GM-CSF+IL4/13","GSM758928","GSM758942",-3.17396048669048,"Inmunometabolico_M2"
"PPARGC1B","M27","GM-CSF+E","GSM758958","GSM758957",0.33564552879035,"Inmunometabolico_M2"
"PPARGC1B","M27","Combo_separado","GSM758962","GSM758957",-0.671213074481487,"Inmunometabolico_M2"
"PPARGC1B","M24","GM-CSF+E","GSM758925","GSM758942",-3.41055272268549,"Inmunometabolico_M2"
"PPARGC1B","M27","GM-CSF+IL4/13","GSM758961","GSM758957",1.26287402906328,"Inmunometabolico_M2"
"PPARGC1B","M27","GM-CSF+P","GSM758959","GSM758957",0.422654340235024,"Inmunometabolico_M2"
"PPARGC1B","M24","GM-CSF+P","GSM758926","GSM758942",-1.39269221131526,"Inmunometabolico_M2"
"RXRA","M27","GM-CSF+E","GSM758958","GSM758957",0.102847953756621,"Inmunometabolico_M2"
"RXRA","M24","GM-CSF+E","GSM758925","GSM758942",-3.43791452864486,"Inmunometabolico_M2"
"RXRA","M27","GM-CSF+IL4/13","GSM758961","GSM758957",1.63467967865173,"Inmunometabolico_M2"
"RXRA","M27","GM-CSF+P","GSM758959","GSM758957",-0.199228697011238,"Inmunometabolico_M2"
"RXRA","M24","GM-CSF+IL4/13","GSM758928","GSM758942",-2.0764289520227,"Inmunometabolico_M2"
"RXRA","M24","GM-CSF+P","GSM758926","GSM758942",-1.90387836937232,"Inmunometabolico_M2"
"RXRA","M27","Combo_separado","GSM758962","GSM758957",-0.627868304293036,"Inmunometabolico_M2"
"SLC40A1","M27","GM-CSF+E","GSM758958","GSM758957",0.269891084116704,"Inmunometabolico_M2"
"SLC40A1","M27","GM-CSF+P","GSM758959","GSM758957",0.053090704312674,"Inmunometabolico_M2"
"SLC40A1","M27","GM-CSF+IL4/13","GSM758961","GSM758957",-0.206726921611135,"Inmunometabolico_M2"
"SLC40A1","M27","Combo_separado","GSM758962","GSM758957",3.66602983497063,"Inmunometabolico_M2"
"SLC40A1","M24","GM-CSF+IL4/13","GSM758928","GSM758942",1.80770319185487,"Inmunometabolico_M2"
"SLC40A1","M24","GM-CSF+E","GSM758925","GSM758942",-4.01448836876679,"Inmunometabolico_M2"
"SLC40A1","M24","GM-CSF+P","GSM758926","GSM758942",-1.65249206442352,"Inmunometabolico_M2"
"SOD2","M24","GM-CSF+E","GSM758925","GSM758942",-1.31813778986195,"Inmunometabolico_M2"
"SOD2","M24","GM-CSF+P","GSM758926","GSM758942",-1.24170017651614,"Inmunometabolico_M2"
"SOD2","M27","GM-CSF+IL4/13","GSM758961","GSM758957",1.0010100641185,"Inmunometabolico_M2"
"SOD2","M27","GM-CSF+E","GSM758958","GSM758957",-0.05040194122728,"Inmunometabolico_M2"
"SOD2","M27","GM-CSF+P","GSM758959","GSM758957",-0.29631910352791,"Inmunometabolico_M2"
"SOD2","M27","Combo_separado","GSM758962","GSM758957",-0.411229579480006,"Inmunometabolico_M2"
"SOD2","M24","GM-CSF+IL4/13","GSM758928","GSM758942",-2.02356087348249,"Inmunometabolico_M2"
"SQSTM1","M24","GM-CSF+IL4/13","GSM758928","GSM758942",-1.22511357858919,"Inmunometabolico_M2"
"SQSTM1","M27","GM-CSF+E","GSM758958","GSM758957",-0.0995748890165178,"Inmunometabolico_M2"
"SQSTM1","M24","GM-CSF+E","GSM758925","GSM758942",-2.44638906701174,"Inmunometabolico_M2"
"SQSTM1","M27","GM-CSF+P","GSM758959","GSM758957",-0.228856818411961,"Inmunometabolico_M2"
"SQSTM1","M24","GM-CSF+P","GSM758926","GSM758942",-0.959032130518814,"Inmunometabolico_M2"
"SQSTM1","M27","Combo_separado","GSM758962","GSM758957",-0.0741623987842974,"Inmunometabolico_M2"
"SQSTM1","M27","GM-CSF+IL4/13","GSM758961","GSM758957",1.51315618092795,"Inmunometabolico_M2"
"STAB1","M27","GM-CSF+IL4/13","GSM758961","GSM758957",4.72603494956221,"M2_canonico"
"STAB1","M24","GM-CSF+IL4/13","GSM758928","GSM758942",0.665015287970258,"M2_canonico"
"STAB1","M27","GM-CSF+E","GSM758958","GSM758957",-0.17584933617024,"M2_canonico"
"STAB1","M24","GM-CSF+E","GSM758925","GSM758942",-3.18445951570356,"M2_canonico"
"STAB1","M27","GM-CSF+P","GSM758959","GSM758957",-0.716927280054202,"M2_canonico"
"STAB1","M24","GM-CSF+P","GSM758926","GSM758942",-1.24165103416048,"M2_canonico"
"STAB1","M27","Combo_separado","GSM758962","GSM758957",6.20642668625995,"M2_canonico"
"STAT6","M27","GM-CSF+P","GSM758959","GSM758957",0.403304115241705,"M2_canonico"
"STAT6","M24","GM-CSF+IL4/13","GSM758928","GSM758942",-1.86917655161988,"M2_canonico"
"STAT6","M24","GM-CSF+E","GSM758925","GSM758942",-3.21701690838842,"M2_canonico"
"STAT6","M24","GM-CSF+P","GSM758926","GSM758942",-1.76982261566863,"M2_canonico"
"STAT6","M27","GM-CSF+IL4/13","GSM758961","GSM758957",2.40086813521193,"M2_canonico"
"STAT6","M27","Combo_separado","GSM758962","GSM758957",-0.474433314316592,"M2_canonico"
"STAT6","M27","GM-CSF+E","GSM758958","GSM758957",-0.029252267372657,"M2_canonico"
"STK11","M27","GM-CSF+E","GSM758958","GSM758957",0.177942351042318,"Inmunometabolico_M2"
"STK11","M24","GM-CSF+E","GSM758925","GSM758942",-2.82743969316306,"Inmunometabolico_M2"
"STK11","M27","GM-CSF+P","GSM758959","GSM758957",0.0807892410192679,"Inmunometabolico_M2"
"STK11","M24","GM-CSF+P","GSM758926","GSM758942",-0.418767526611541,"Inmunometabolico_M2"
"STK11","M27","Combo_separado","GSM758962","GSM758957",-0.133715750008619,"Inmunometabolico_M2"
"STK11","M27","GM-CSF+IL4/13","GSM758961","GSM758957",1.96028456555689,"Inmunometabolico_M2"
"STK11","M24","GM-CSF+IL4/13","GSM758928","GSM758942",-1.88433396643372,"Inmunometabolico_M2"
"TGFB1","M24","GM-CSF+E","GSM758925","GSM758942",-1.33587125996958,"M2_canonico"
"TGFB1","M24","GM-CSF+P","GSM758926","GSM758942",-0.883687006213203,"M2_canonico"
"TGFB1","M27","Combo_separado","GSM758962","GSM758957",-1.73987523827334,"M2_canonico"
"TGFB1","M27","GM-CSF+IL4/13","GSM758961","GSM758957",0.936177728100267,"M2_canonico"
"TGFB1","M24","GM-CSF+IL4/13","GSM758928","GSM758942",-1.47131592717058,"M2_canonico"
"TGFB1","M27","GM-CSF+E","GSM758958","GSM758957",-0.142511360493577,"M2_canonico"
"TGFB1","M27","GM-CSF+P","GSM758959","GSM758957",-0.356380364927963,"M2_canonico"
"TGFB2","M27","GM-CSF+E","GSM758958","GSM758957",-0.488554831939679,"M2_canonico"
"TGFB2","M27","GM-CSF+P","GSM758959","GSM758957",-0.837872433630153,"M2_canonico"
"TGFB2","M27","Combo_separado","GSM758962","GSM758957",-1.03812953551736,"M2_canonico"
"TGFB2","M24","GM-CSF+IL4/13","GSM758928","GSM758942",-4.63374004246105,"M2_canonico"
"TGFB2","M27","GM-CSF+IL4/13","GSM758961","GSM758957",-0.044359961731316,"M2_canonico"
"TGFB2","M24","GM-CSF+E","GSM758925","GSM758942",-2.50752937712442,"M2_canonico"
"TGFB2","M24","GM-CSF+P","GSM758926","GSM758942",-1.41256410379465,"M2_canonico"
"TREM2","M24","GM-CSF+E","GSM758925","GSM758942",-1.36772708817003,"M2_canonico"
"TREM2","M24","GM-CSF+P","GSM758926","GSM758942",-1.50192117642261,"M2_canonico"
"TREM2","M24","GM-CSF+IL4/13","GSM758928","GSM758942",-3.5450714932496,"M2_canonico"
"TREM2","M27","Combo_separado","GSM758962","GSM758957",0.896344456517276,"M2_canonico"
"TREM2","M27","GM-CSF+IL4/13","GSM758961","GSM758957",3.50963119200479,"M2_canonico"
"TREM2","M27","GM-CSF+E","GSM758958","GSM758957",-0.035898541255726,"M2_canonico"
"TREM2","M27","GM-CSF+P","GSM758959","GSM758957",-0.782957718756681,"M2_canonico"
"TSC1","M24","GM-CSF+E","GSM758925","GSM758942",-3.18959326734059,"Inmunometabolico_M2"
"TSC1","M24","GM-CSF+P","GSM758926","GSM758942",-2.49320268616381,"Inmunometabolico_M2"
"TSC1","M27","GM-CSF+IL4/13","GSM758961","GSM758957",0.841259395848807,"Inmunometabolico_M2"
"TSC1","M27","GM-CSF+E","GSM758958","GSM758957",-0.0633721342001561,"Inmunometabolico_M2"
"TSC1","M27","GM-CSF+P","GSM758959","GSM758957",-0.347403716719523,"Inmunometabolico_M2"
"TSC1","M27","Combo_separado","GSM758962","GSM758957",-0.471047481577601,"Inmunometabolico_M2"
"TSC1","M24","GM-CSF+IL4/13","GSM758928","GSM758942",-3.03594973055571,"Inmunometabolico_M2"
"UCP2","M27","GM-CSF+E","GSM758958","GSM758957",-0.150407648286869,"Inmunometabolico_M2"
"UCP2","M27","GM-CSF+P","GSM758959","GSM758957",-0.351369017847166,"Inmunometabolico_M2"
"UCP2","M24","GM-CSF+P","GSM758926","GSM758942",-1.1047608662497,"Inmunometabolico_M2"
"UCP2","M27","Combo_separado","GSM758962","GSM758957",-0.220490556266249,"Inmunometabolico_M2"
"UCP2","M27","GM-CSF+IL4/13","GSM758961","GSM758957",2.99415799420709,"Inmunometabolico_M2"
"UCP2","M24","GM-CSF+IL4/13","GSM758928","GSM758942",-2.04998307685612,"Inmunometabolico_M2"
"UCP2","M24","GM-CSF+E","GSM758925","GSM758942",-2.06563309147032,"Inmunometabolico_M2"
"VSIG4","M27","Combo_separado","GSM758962","GSM758957",-1.47089842837132,"M2_canonico"
"VSIG4","M27","GM-CSF+E","GSM758958","GSM758957",0.875065512848328,"M2_canonico"
"VSIG4","M27","GM-CSF+P","GSM758959","GSM758957",0.0255203046625496,"M2_canonico"
"VSIG4","M24","GM-CSF+IL4/13","GSM758928","GSM758942",-7.66104278868227,"M2_canonico"
"VSIG4","M27","GM-CSF+IL4/13","GSM758961","GSM758957",-10.9672553451927,"M2_canonico"
"VSIG4","M24","GM-CSF+P","GSM758926","GSM758942",-1.21779070720391,"M2_canonico"
"VSIG4","M24","GM-CSF+E","GSM758925","GSM758942",-2.22870135524763,"M2_canonico"
