;logFC;AveExpr;t;P.Value;adj.P.Val;B
CLDN16;4.28114249999999;8.71381225;18.9833566399268;1.56982284917266e-07;0.000518983433936483;7.91992937228488
RNU12;3.79402699999998;6.6074195;16.5983808337062;4.1408316260439e-07;0.000636799899447141;7.12632665202982
SNORA74A;3.13699450000001;6.24191025;14.2198353993436;1.25617101420007e-06;0.00103822534323636;6.15299549322521
SNORA2B;2.78335500000002;7.665468;12.5979499429893;2.97319597354768e-06;0.00123447467066617;5.35611220841038
SNORA79;3.39942299999997;7.441183;12.0488691508856;4.07429263365339e-06;0.00123447467066617;5.05687943601889
SCARNA8;2.80559399999999;7.8039065;11.9277808127741;4.3751619173175e-06;0.00123447467066617;4.98867758572431
ZNF469;2.57846749999999;7.13186175;11.855171800777;4.56757600045195e-06;0.00123447467066617;4.94738492975095
SCARNA11;2.70694399999998;6.552948;11.6851159849881;5.05678415280672e-06;0.00123447467066617;4.84949218846204
LOC105370526;2.51512499999999;9.3109805;11.6300545896017;5.22766043234313e-06;0.00123447467066617;4.81743611492224
SCARNA14;3.75322749999996;8.30089625;11.3754449746032;6.10749851613593e-06;0.00126196188089659;4.66686497598405
SNORA27;2.683494;10.073205;10.772436071462;8.9426871173509e-06;0.00164247353388678;4.29423684275291
LINC01111;2.20533449999999;10.89523625;10.3001780567852;1.22196249440148e-05;0.0017600858137542;3.98565319501912
NHS-AS1;2.43076149999997;7.59732025;9.99249893620173;1.50795438109389e-05;0.0017600858137542;3.77614941430945
TAS2R31;2.15916650000001;6.07328275;9.84867791589337;1.66697859377222e-05;0.0017600858137542;3.67582470515706
lnc-CEP170-5;2.75827700000005;6.0233045;9.84507927163188;1.67119309855814e-05;0.0017600858137542;3.67329440460212
KCNG1;2.07680550000001;5.95637525;9.77404915225832;1.75688590358457e-05;0.0017600858137542;3.62314918072315
SARDH;2.54208149999996;7.61319325;9.75633536984546;1.77902017893519e-05;0.0017600858137542;3.61058355050653
lnc-SUCLG1-1;2.37317549999999;6.30021875;9.74121874236325;1.79815778127405e-05;0.0017600858137542;3.59984115780032
ASAP1-IT1;2.31807300000003;9.4229195;9.70889096013543;1.83986789875293e-05;0.0017600858137542;3.57680868684741
lnc-ZFHX4-2;2.07267549999999;8.65814175;9.69929193830889;1.85246181285022e-05;0.0017600858137542;3.5699541131393
TAS2R30;2.57408850000005;7.17923475;9.65066257635663;1.91777415071542e-05;0.0017600858137542;3.53511814667107
LIMS2;2.09391699999998;8.6636255;9.24612515256979;2.57390768393726e-05;0.00203478813500335;3.23802262190689
lnc-ARRDC3-1;2.01277916649999;6.64941908325;9.21363189015789;2.63673014619502e-05;0.00203478813500335;3.21357958193424
TAGLN;2.04676550000002;8.305593;9.21036334894985;2.64314448090511e-05;0.00203478813500335;3.21111594415814
SCARNA4;2.01644500000001;5.8916275;9.20267070018587;2.65831029672022e-05;0.00203478813500335;3.205314141736
SNORA51;2.38793000000004;6.433834;9.17774515251175;2.7081269794358e-05;0.00203478813500335;3.18648119578171
SNORA23;2.33274449999999;7.91155725;9.0390525160942;3.00525336579512e-05;0.00215986252767797;3.0807299882616
MYL9;2.05563599999998;11.2130475;9.00317507544583;3.0879701269286e-05;0.00216706079553496;3.05310640033353
LOC105373887;2.00902850000002;8.29728275;8.96031732215123;3.19015599834493e-05;0.00216706079553496;3.01996261057681
SND1-IT1;2.26058100000004;6.1689425;8.86773967625984;3.42413362203753e-05;0.00226403715089122;2.94782184475701
SNORA28;2.49799700000001;7.5308985;8.65693234352604;4.03247904975376e-05;0.00256372610355499;2.78071365796369
lnc-ZCRB1-1;1.85682050000001;7.81468125;8.49383214699967;4.58697518967849e-05;0.00262282264730697;2.64865140782439
lnc-THEMIS-2;1.98725400000002;6.0218455;8.49150074335175;4.5954994328014e-05;0.00262282264730697;2.64674579526758
COL9A2;2.46667299999995;7.4470875;8.48908481090092;4.60435151828033e-05;0.00262282264730697;2.64477055545485
LUCAT1;1.8432065;6.89824375;8.48065585642773;4.63538593675504e-05;0.00262282264730697;2.63787485846447
LINC01193;2.03254100000003;5.720968;8.44292247136538;4.77722729699875e-05;0.00262282264730697;2.60692361746713
MS4A7;2.00880800000003;6.0027805;8.42266939805138;4.85536613455637e-05;0.00262282264730697;2.59025552989881
lnc-EIF4E3-1;1.87471000000002;6.943357;8.40561768548604;4.9222680095721e-05;0.00262282264730697;2.57619207656394
SNORA74B;1.8527285;7.96464325;8.35805056628455;5.11443506503909e-05;0.00262282264730697;2.53681507175329
SCARNA18;1.95852949999998;9.51978225;8.29279860234965;5.39190379263742e-05;0.0026938419166273;2.4824464509035
TAS2R45;2.19421350000005;5.60401525;8.27749758610105;5.4593892442235e-05;0.0026938419166273;2.46963819579928
lnc-ZNF674-3;2.06426600000003;6.078596;8.2222613173426;5.71102219423006e-05;0.00274788683221686;2.42321197888081
ENO3;1.83053449999999;8.15883875;8.21710822105132;5.73515400553427e-05;0.00274788683221686;2.41886565367349
lnc-TMEM5-1;2.05892300000004;7.973828;8.0689575911045;6.48039811563828e-05;0.00301793440207123;2.29279278125192
SNORA19;2.12270350000002;6.0768105;8.0481923871669;6.59328793583602e-05;0.00301793440207123;2.27494800763029
RELN;1.72224624999999;7.590329375;8.0270023822254;6.71076739785884e-05;0.00301793440207123;2.25669362197985
lnc-SUSD1-2;1.87585499999998;6.388905;8.00599730222082;6.82954473754372e-05;0.00301793440207123;2.23855397645925
TMEM204;2.17028300000003;8.1884905;7.99137435183338;6.91362568602418e-05;0.00301793440207123;2.22589955984251
lnc-LEMD3-1;1.96031750000003;5.67450875;7.94813770747453;7.16910582859753e-05;0.00304393817327481;2.18835672338598
SNORA15B-2;2.15606150000002;5.65215825;7.93743239141436;7.23398682392759e-05;0.00304393817327481;2.17903183540538
C1orf220;1.78655999999998;6.173623;7.93091995287036;7.27377845398397e-05;0.00304393817327481;2.17335344532815
LOC105371224;2.05058700000002;5.475861;7.87459942298901;7.62833366071727e-05;0.00315240888529141;2.12406477063257
SAA1;1.943067;9.1944875;7.84229973110505;7.84039365245344e-05;0.00316101724573306;2.09565059797322
lnc-ROPN1L-2;2.14431050000004;5.76259675;7.82619564670322;7.9485872645012e-05;0.00316602765017361;2.08144345288636
DAPK1-IT1;2.08488400000004;6.393922;7.73546936619817;8.59030681631117e-05;0.00333900284363182;2.00089909081105
NKAIN4;2.51760699999993;9.040248;7.69913518378719;8.86343100824503e-05;0.00333900284363182;1.96840024943363
ZFPM2;1.93071649999996;9.04240825;7.69815686252741;8.87091845128866e-05;0.00333900284363182;1.96752326826296
SULT4A1;1.71971300000002;5.3625495;7.69283749698606;8.91175374875334e-05;0.00333900284363182;1.96275313875269
lnc-RWDD3-3;1.66287999999999;5.008066;7.69166911758274;8.92075127225345e-05;0.00333900284363182;1.96170499545373
IGFBP7;1.96244574999996;13.215024875;7.66497022556204;9.12915642447017e-05;0.00333900284363182;1.93771415716885
KCNQ1OT1;1.62857425;8.941197375;7.65415139668582;9.21515482649323e-05;0.00333900284363182;1.92797109024689
KRT83;1.83272524999997;10.189087875;7.57722461367738;9.85348816359698e-05;0.00345750890538903;1.85833234115187
SCARNA10;1.73199299999999;5.7883255;7.5677625249204;9.93537041778458e-05;0.00345750890538903;1.84972273534548
lnc-FAM49B-1;1.78974650000003;8.51551575;7.46040635402299;0.000109198022948558;0.00363368795169987;1.75135755939314
SNORA65;1.82004700000001;9.264153;7.40456978887583;0.000114746806994394;0.00370631195627757;1.69969783405159
ANKRD20A12P;1.69561750000003;8.1047335;7.38039835722058;0.00011724622698068;0.00372707717690509;1.6772275072077
XLOC_l2_011987;1.74186075000003;6.540476875;7.33948845305004;0.00012161660097171;0.003829185550595;1.63904842254768
ALPK2;1.95593949999995;8.62896525;7.27337480308104;0.000129070410753186;0.00398791381261713;1.57695122981514
SNORA80E;1.63338500000001;8.982171;7.25202062545279;0.000131586141193588;0.00402799798875927;1.55678890255965
RPL23AP32;1.76732950000001;7.42221075;7.21374355635762;0.000136234098499187;0.00413201770310379;1.52051852747098
WNT2B;1.84055799999998;6.238171;7.19744242601205;0.000138269086343528;0.00415561454047003;1.50502124579554
SMAD6;1.80842799999996;9.2444075;7.13543015405999;0.000146327320929494;0.0043581812882244;1.4457882837031
TAS2R14;1.59605900000001;5.941024;7.08163634768653;0.000153744737812537;0.00443843487471659;1.39404554512274
lnc-ATAD5-3;1.570738;7.1575285;7.07708033604277;0.000154392017723051;0.00443843487471659;1.38964779330169
SIX1;1.62054250000002;9.86143175;7.05931754764182;0.000156944871472467;0.00447292883696532;1.37247888680245
lnc-KBTBD6-1;1.77049399999999;6.3449385;7.01859849198289;0.000162977044371406;0.00456611956518533;1.3329818212811
SNORD15A;1.72011949999998;8.94907625;6.96590473560219;0.000171171504353967;0.00460075604385541;1.28157961179829
PGM5P2;1.58304050000003;13.75563575;6.95673739552524;0.000172643649591239;0.00460290246410189;1.2726034036717
lnc-FAM189A1-3;1.5742975;6.23553325;6.90126282833765;0.000181859799226476;0.00473408264758056;1.21807193884838
TRABD2A;1.57027849999999;6.62071825;6.8706422894866;0.000187181564114934;0.00480222395832149;1.18781425433248
lnc-MYO6-1;1.75251000000004;6.928925;6.86950467231161;0.000187382604544305;0.00480222395832149;1.18668794706246
IGFBP3;1.75672699999996;12.5527675;6.85041548823551;0.000190792304857045;0.00481554133295603;1.16776528275041
SRGAP3-AS4;1.50304849999998;7.21377925;6.84673197168128;0.000191458200820389;0.00481554133295603;1.16410883907358
GABPB1-IT1;1.48094749999999;5.04439875;6.83492337972586;0.000193610493143077;0.00481554133295603;1.15237598413798
IMPA2;2.16980399999993;8.699906;6.83166409261648;0.000194209297415488;0.00481554133295603;1.14913463119509
XLOC_l2_000324;1.48526000000001;7.95980625;6.78904128098238;0.0002022335364671;0.00490708135139335;1.10662774094423
lnc-WDR67-2;1.76396200000002;6.088039;6.72242000363558;0.000215528266280981;0.00508567360884633;1.03974375262315
LINC01197;1.56653350000001;5.92301475;6.6988188316366;0.000220469925680391;0.00509701800209351;1.01591877818511
XLOC_l2_007567;1.44973549999999;5.50948175;6.67180911013239;0.000226281124650707;0.0051703584057977;0.988568515868045
KCNQ5-IT1;1.88926400000005;9.179019;6.62381637067378;0.000237033569986465;0.00529481744848144;0.939747311276704
SNORA5B;1.44097750000001;5.96485825;6.61260304555267;0.00023962726521912;0.00531683046184168;0.928299046103358
SCARNA17;1.78760149999996;8.39524025;6.5745496019008;0.00024866818449752;0.00546793900673436;0.889330924636855
SRSF12;1.40591399999999;6.6236245;6.56583777964558;0.000250791125278085;0.00546793900673436;0.880384117408084
BLID;1.84520350000005;7.18021825;6.55042611854188;0.000254596427744312;0.00546793900673436;0.864533340493959
SNORA25;1.45948550000002;7.34326225;6.5499806091012;0.000254707382648848;0.00546793900673436;0.864074691941133
lnc-GLRB-2;1.69734000000004;5.7724405;6.52238247221816;0.000261687085120304;0.00558150183774385;0.835613716453248
SNORD83B;1.43660000000001;9.702694;6.51583564215149;0.000263373952416225;0.00558150183774385;0.828848054870509
MDH1B;1.51314450000003;9.96120075;6.44558498826646;0.000282258764601795;0.00587408531452314;0.755906034943627
lnc-SFTPD-2;1.51293350000003;8.54667475;6.43835243710898;0.000284287250551634;0.00587408531452314;0.748360605600254
N4BP2L2-IT2;1.47685150000001;6.05573625;6.42027710944511;0.000289428211934338;0.00594055126069555;0.729473993862073
LNCSRLR;1.36954850000001;6.69140775;6.41448384796157;0.000291097793173829;0.00594055126069555;0.723411825397578
DUXAP10;1.36584450000001;7.62171125;6.39909264091118;0.000295585835321587;0.00599513356793354;0.70728521172198
SCARNA1;1.3530055;5.20292925;6.37192005274954;0.000303698842782797;0.00609917950833886;0.678739666508072
lnc-CDKAL1-1;1.64734650000004;8.16030425;6.36638337184855;0.000305382211825222;0.00609917950833886;0.672911520581647
TNFRSF9;1.3599335;8.78900025;6.36354116326755;0.000306250392735708;0.00609917950833886;0.669918148246909
LINC00504;1.49412725000003;13.171384375;6.32550044295473;0.000318139038033449;0.00622347727655965;0.6297532589019
lnc-AC069257.9.1-5;1.47181650000003;7.95585475;6.31869964268273;0.000320318183049386;0.00622691387750966;0.62255286498789
lnc-ZWINT-1;1.50352300000004;9.694096;6.31276821751174;0.000322232342719567;0.00622691387750966;0.616268002749368
lnc-RAP1GDS1-2;1.63344849999997;5.65091925;6.30506609805268;0.000324736978491904;0.00622691387750966;0.608100080781654
XLOC_l2_015716;1.47730550000003;5.77249675;6.27961595428325;0.0003331685711973;0.00624708146617736;0.581055606708168
SNORA11B;1.3750185;8.54541175;6.27577354195507;0.000334462619332545;0.00624708146617736;0.576965112276371
SNORA11D;1.40755999999999;9.453542;6.26883781203666;0.000336812633962824;0.00625563240382637;0.569576677580045
LINC00472;1.3239015;8.23329825;6.24773911217852;0.000344075280740132;0.00631951598959377;0.547061966714658
ST6GAL1;1.63277949999996;7.38188425;6.2417374158152;0.000346172942708328;0.00632291573808692;0.540646769499599
PLCB4;1.32468624999999;9.656312625;6.22907449938775;0.000350645666315334;0.00636942072988184;0.527095827881295
LRRC61;1.37472499999999;9.505649;6.21588400858814;0.000355373286905571;0.00642002233065474;0.512957795741374
JRKL-AS1;1.39606499999998;5.36984;6.19698385294211;0.000362271513339574;0.00650450588455141;0.492659812335149
SCARNA20;1.450764;8.375389;6.19235191398946;0.000363984751555357;0.00650450588455141;0.487678077795341
LINC01949;1.34859750000002;12.90870675;6.16100261273302;0.00037581999152944;0.00667989726879746;0.453886388990387
SNORD16;1.54149400000001;9.113142;6.13694215121674;0.000385194230690867;0.00680035386122663;0.427862586538882
SNORA37;1.63461099999999;8.720238;6.12949777485647;0.000388147146675865;0.00680035386122663;0.419795077912986
BIRC3;1.4774165;10.02467925;6.1279407045509;0.000388767961213501;0.00680035386122663;0.418106735119925
ABCA9;1.37706400000002;13.866878;6.11237429527184;0.000395035510952852;0.00687361789057963;0.401210109343169
XLOC_l2_010831;1.35420249999998;5.42806925;6.09663255296003;0.000401488222541614;0.0069493197053538;0.384090108714655
lnc-NDUFV3-1;1.2842585;5.27029425;6.01708762966841;0.000435940859082956;0.00735204587731026;0.297069777979496
lnc-THEMIS-1;1.661908;6.5123565;6.01378272566687;0.000437441800146045;0.00735204587731026;0.29343575279596
TRPM2;1.29533349999999;9.02140775;5.97784390351528;0.000454139996972333;0.00742616993011567;0.253821972835791
LINC00513;1.28896099999999;7.20162475;5.96961589436687;0.000458061911095066;0.00742616993011567;0.244727823900894
LOXL4;1.43036749999997;9.43149975;5.95595788148494;0.000464655462290178;0.00742616993011567;0.229611639290312
LINC01684;1.32646750000002;13.64811725;5.95529536454842;0.000464977972030836;0.00742616993011567;0.2288777409226
TCL1B;1.67385550000005;5.93562325;5.9451006397822;0.000469972216525565;0.00746984686458423;0.217577027747924
lnc-KANK4-1;1.38504000000002;5.6763315;5.91268564509632;0.000486252320315211;0.00765500081410518;0.181550688284362
LAPTM5;1.2532145;11.67834275;5.90127982491791;0.000492129072921012;0.00771079959752069;0.168839780843331
lnc-HDGFL1-1;1.26408800000001;5.2946935;5.88750352711213;0.000499332680288277;0.00775316549421612;0.153463247038488
GOLGA8Q;1.57576000000003;6.29238;5.87733401940851;0.000504725474998187;0.00775316549421612;0.142095653923436
lnc-FAM22B-1;1.33961350000002;5.93204975;5.87019496042659;0.000508549906250892;0.00775316549421612;0.134106991055611
COL8A1;1.30078749999999;10.02410525;5.86935932963521;0.000508999658933945;0.00775316549421612;0.133171452744309
SCARNA16;1.32444349999999;9.81133825;5.867729195748;0.000509878301017585;0.00775316549421612;0.131346142895705
XLOC_l2_015760;1.39676575000001;7.060124625;5.86739206298846;0.000510060225765668;0.00775316549421612;0.130968599328111
lnc-USP8-2;1.39782500000003;7.4026215;5.86519188249479;0.000511249267313707;0.00775316549421612;0.128504305270893
HNF4G;1.68912649999995;5.61560175;5.85613565996274;0.000516176042209085;0.00778111904962876;0.118353898814831
LOC100128108;1.28420650000002;6.69596925;5.80395346276144;0.000545612257162407;0.00806834664689585;0.0596451381908132
lnc-OIT3-2;1.39888175000002;6.419396875;5.79789533055252;0.000549148787661335;0.00806834664689585;0.0528047389034594
lnc-CDH16-2;1.24456150000001;6.93496675;5.7967632655097;0.000549812467258394;0.00806834664689585;0.0515259259937437
PINCR;1.29078050000002;5.56073125;5.789138298483;0.000554305918635644;0.00807284302647329;0.0429078843107709
lnc-VTI1A-3;1.80521200000006;8.86194;5.78480482585473;0.000556877830107401;0.00807472853655732;0.0380064009318435
lnc-GTF2A2-2;1.289819;6.5802755;5.77742453028125;0.00056128858229122;0.00810314433648373;0.0296526882800157
C6orf48;1.23357274999999;13.316801625;5.76612802898968;0.000568115125698589;0.00816575713596088;0.0168514834685345
lnc-ZSWIM7-1;1.72788500000006;6.661622;5.6978277839329;0.000611405101479087;0.00861699357498944;-0.0609280823641418
GPR135;1.28385100000002;7.95306;5.69304658671539;0.000614569904837994;0.00861699357498944;-0.0663974675087253
IGF1R;1.2567665;8.61754875;5.6892674074092;0.000617084308826211;0.00861699357498944;-0.0707228932139667
lnc-ACOT9-2;1.26581200000002;6.16364;5.68697622675999;0.000618614258016557;0.00861699357498944;-0.0733462262932294
DUXAP9;1.23460899950001;7.19407016675;5.68439917492625;0.000620340130322894;0.00861699357498944;-0.0762977601566348
lnc-RP3-377D14.1.1-3;1.44812500000004;7.013843;5.6622285014378;0.000635410653392019;0.00878940426825947;-0.101728970682482
lnc-PXDNL-1;1.46366549999999;7.10151825;5.65105509352835;0.000643159360291281;0.00885952018801239;-0.114571997954881
LOC105369147;1.24888650000001;9.16245575;5.62714006006806;0.000660099021347577;0.00898776928691239;-0.142120189400999
RALGPS2;1.21098750000001;7.24637525;5.61682694569563;0.000667556287656653;0.00898776928691239;-0.154025172534694
lnc-MYC-2;1.39921050000004;7.753361;5.61641509832034;0.000667856022354352;0.00898776928691239;-0.154500904681122
lnc-TM9SF2-2;1.86325350000007;6.87622225;5.57885066436743;0.00069583268346697;0.00919366168060566;-0.197994007690915
LPP;1.27913625000001;7.963070625;5.57645064534135;0.000697663797733073;0.00919366168060566;-0.20077966573638
lnc-TWSG1-1;1.30271149999999;5.59152225;5.57302661558868;0.000700285442530214;0.00919366168060566;-0.204755301028364
CD70;1.27666950000002;13.39554475;5.54222767198499;0.000724364065770669;0.00927562610751891;-0.240591413638648
ST6GALNAC3;1.19010124999999;6.437054125;5.53558594243436;0.000729675986051246;0.00927562610751891;-0.24833723826856
PARGP1;1.27652650000002;6.3445605;5.48472574111444;0.000771813553227436;0.00964431767285788;-0.307862682697563
LOC284581;1.31322650000002;9.79005625;5.48326568994962;0.000773062366396654;0.00964431767285788;-0.309576995949611
TLR4;1.16979225;8.708801375;5.46970703724143;0.000784766867619011;0.00974486084857584;-0.325511547853846
KLF17;1.19717900000002;12.846292;5.46477937660899;0.000789069185286003;0.00974486084857584;-0.331309274921098
ZBED2;1.43631499999996;9.6434875;5.46375764373196;0.000789964521300159;0.00974486084857584;-0.332511852765681
TNFRSF19;1.56515700000005;5.8438395;5.44568903084043;0.000805985214972641;0.00979627617904246;-0.353803554566012
LINC02516;1.1561655;5.54959625;5.42575411086774;0.00082407936033274;0.00986220797879889;-0.377349399355587
lnc-ID1-1;1.33849300000003;7.2740285;5.42331348477571;0.000826325350915696;0.00986220797879889;-0.38023607398808
LINC00537;1.20295000000002;9.1858175;5.41441453340148;0.000834572211214885;0.00992480478516694;-0.390768728891791
SLC48A1;1.44857874999996;11.593603625;5.4058688529685;0.000842577520108771;0.00998409061462222;-0.400894096706057
TAS2R10;1.15142949999999;5.53874775;5.37161760911056;0.000875526816896742;0.0101918720304952;-0.441583501474312
LINC02249;1.43195550000003;7.01817675;5.3622425012262;0.000884792325267927;0.0102277755505224;-0.452750667134502
lnc-B3GAT2-3;1.16324399999999;6.268885;5.36095630443263;0.000886071927511319;0.0102277755505224;-0.454283722745198
lnc-FBXO15-4;1.34545499999996;5.0375955;5.35913019687652;0.000887892190865069;0.0102277755505224;-0.456460729037929
lnc-KIAA0226-3;1.24866100000003;8.0656235;5.35211731430329;0.000894921181240434;0.0102729493929891;-0.464825713941431
lnc-AF131215.3.1-1;1.74613950000007;7.34991875;5.33091303149299;0.000916551380089233;0.0104486857330173;-0.490162004668958
TMEM178B;1.25617175000001;8.109071375;5.31611954450346;0.000931984346631699;0.0105881108246199;-0.507877251099576
SCARNA3;1.25281000000003;6.2516425;5.30258382883036;0.000946357259022066;0.0107145791038594;-0.524114435898717
LOC100190986;1.44239850000005;8.63512525;5.29348630611161;0.000956155152006946;0.0107885629096756;-0.53504276700991
EDA;1.27940150000002;5.22858025;5.2838050909867;0.00096670503035183;0.0108336502723497;-0.546685613819417
LOC389602;1.14581750000002;5.8527755;5.27036160590424;0.000981568807494016;0.0109630624242406;-0.562875915724438
lnc-FAM133B-1;1.90333250000008;5.80768875;5.26696670309031;0.000985362216640113;0.0109632615745603;-0.56696868360984
ANGPTL4;1.23918149999998;12.38697675;5.25155830632197;0.0010027842071123;0.0110015876622591;-0.585565813513439
JAKMIP3;1.92962550000009;6.62741325;5.24545522192697;0.00100977875956034;0.0110015876622591;-0.5929415951233
SNORA13;1.2400705;7.17927075;5.24523292497852;0.00101003454285378;0.0110015876622591;-0.593210352128859
GFRA1;1.14967624999999;10.930543375;5.24383885616465;0.00101164024480544;0.0110015876622591;-0.594895947521256
lnc-PAPSS2-2;1.49611650000002;6.05466075;5.23043613787663;0.00102722238579167;0.011134417073532;-0.61111606734832
RNA5-8SN5;1.1611575;11.16410625;5.20886278855621;0.00105286382074314;0.0111677156687475;-0.637280113048221
GOLGA8R;1.19904750000002;8.1654925;5.20731489376126;0.0010547306119342;0.0111677156687475;-0.639160037880597
CDH16;2.1569374999999;8.91781025;5.20334933599912;0.00105952985770807;0.0111677156687475;-0.643977842301422
MANCR;1.25725200000003;6.699371;5.19856593742231;0.00106535100921644;0.0111677156687475;-0.649792348521071
LINC01268;1.2154405;5.33750475;5.19611385028357;0.001068348764728;0.0111677156687475;-0.652774319998682
WI2-87327B8.2;1.17109550000002;6.75587575;5.19302832769668;0.00107213416293012;0.0111677156687475;-0.656527874424683
TMEM212;1.15471150000002;14.92827775;5.1870422356312;0.00107952038000699;0.0111677156687475;-0.663814008733818
P3H2;1.27280349999997;14.66096025;5.18628412745226;0.00108045981002861;0.0111677156687475;-0.664737139426379
RPS15AP10;1.3130785;6.40750875;5.15859208838454;0.00111540184454755;0.0114372400603153;-0.698515502661842
lnc-SLC15A1-1;1.13952600000002;8.4191385;5.15604325201308;0.00111868018065253;0.0114372400603153;-0.701630256604322
ANKRD36C;1.22713175000003;8.043500625;5.15432900799822;0.00112089104039388;0.0114372400603153;-0.703725656448305
LOC100335030;1.16364700000002;5.5310025;5.14832910830142;0.00112866718551685;0.0114551094644764;-0.711063049071358
MIR181A1HG;1.21738100000002;6.670224;5.14763378768068;0.00112957219764649;0.0114551094644764;-0.711913715820854
KIAA0754;1.42651400000005;7.4642005;5.14120983522279;0.00113797145491173;0.0115049958102085;-0.719776283685401
MEX3A;1.36714650000002;8.60225625;5.13392932778436;0.00114757410421696;0.0115315501171467;-0.728694644175139
FSTL3;1.09595199999999;9.245841;5.10428689855001;0.00118760508663282;0.0118616991432269;-0.765086983685649
LINC02256;1.10790599999999;7.4712835;5.09427800604088;0.00120146782037975;0.0118676843111248;-0.777404567565655
LOC105377137;1.68980849999994;7.60158975;5.09349251464015;0.00120256329226461;0.0118676843111248;-0.778371875544568
lnc-TRIM16-1;1.26715300000004;6.1665215;5.07513503802936;0.00122848171159;0.0119087921091105;-0.801004739559986
LINC00566;1.11056799999998;5.0462105;5.07214806635263;0.00123275694540985;0.0119087921091105;-0.804692122655311
MAP3K14;1.08919649999999;10.40411475;5.07183406342543;0.00123320732844765;0.0119087921091105;-0.805079833123571
ITGB2;1.15577875000002;7.439153875;5.07029543609843;0.00123541684962936;0.0119087921091105;-0.806979843243692
lnc-RABEPK-1;1.09398850000001;6.10701125;5.07020546466587;0.0012355461867589;0.0119087921091105;-0.80709095752084
STARD13;1.11890075000001;7.449855875;5.06655742610353;0.00124080297476221;0.0119168573388574;-0.811597285339818
XLOC_l2_010348;1.11826450000002;6.59551825;5.05966565154572;0.00125080142062418;0.0119168573388574;-0.82011594085866
SNORD89;1.10649449999999;7.71188475;5.05476806543325;0.00125796075284237;0.0119454560342371;-0.826173970392247
PDE7A;1.13923225000002;5.765185875;5.05267806016332;0.00126102969024464;0.0119454560342371;-0.828760276711207
KIRREL1-IT1;1.16212000000002;5.6504055;5.04321868565552;0.00127502336945106;0.0119596926131799;-0.840474077848764
CERS1;1.1519995;9.52567325;5.04058340586694;0.0012789522978343;0.0119596926131799;-0.843739799460755
lnc-LRRC61-1;1.11261749999998;7.03773275;5.03604692070065;0.00128574703951573;0.0119596926131799;-0.849363987664518
UNC80;1.09862450000002;8.26195575;5.03271876345567;0.00129075726513363;0.0119596926131799;-0.853492087665097
LOC114224;1.15774050000002;7.65431825;5.02714416849891;0.00129919759244299;0.0119596926131799;-0.860410283386642
TET1;1.11021149999998;8.89665525;5.02525815746386;0.00130206690891381;0.0119596926131799;-0.862751917755475
NAT8;2.48784499999987;7.709947;5.02508816413069;0.00130232587439346;0.0119596926131799;-0.862963004306617
HYMAI;1.17381549999997;7.78451025;5.02009256679416;0.00130996151318767;0.011996489647087;-0.869168140357422
BTNL2;1.16297400000003;6.2227575;5.01389323236;0.00131950574846285;0.0120505138243596;-0.876873659193082
lnc-PAK2-1;1.06732600000001;7.5798195;5.00631928958517;0.00133127047042864;0.0121244632926641;-0.88629557221893
lnc-ELTD1-6;1.07077700000002;9.7521165;4.99971865359001;0.00134161768647092;0.0121363066224165;-0.894513709996351
lnc-TFB2M-2;1.98683900000009;5.5047045;4.99624583420985;0.00134709727807148;0.0121363066224165;-0.898840173699165
STAP2;1.07587849999999;7.85885975;4.99351564366264;0.00135142243421871;0.0121363066224165;-0.902242734346758
SNORA36A;1.16822850000001;6.47480225;4.99211552867652;0.00135364642642072;0.0121363066224165;-0.903988092265165
lnc-AC004980.12.1-1;1.27069499999999;5.041338;4.99061448529817;0.00135603521873308;0.0121363066224165;-0.905859592157481
TNFAIP8L1;1.05930300000001;12.5663545;4.98883774299404;0.00135886877108017;0.0121363066224165;-0.908075269924775
LOC100505912;1.13663800000002;6.997465;4.98499177932988;0.00136502470119384;0.0121363066224165;-0.912872981522996
LOC101928837;1.10446199999999;5.52294;4.9846272174585;0.00136560981958226;0.0121363066224165;-0.913327875427512
SUSD3;1.15675649999997;10.30498925;4.96626453079342;0.00139544243791871;0.0123351141704793;-0.936266310563654
SNAPC1;1.06601949999999;11.059604;4.93980505069823;0.00143969998265386;0.0125280049957746;-0.96940818579367
FOXN3-AS1;1.22912149999996;7.65303475;4.93962841899325;0.00144000057422696;0.0125280049957746;-0.969629779602283
lnc-EBPL-2;1.56395950000007;8.05357525;4.9333714862303;0.00145069334345311;0.0125332660116548;-0.977482457604178
NPIPA2;1.62365850000007;6.54522775;4.93100701944473;0.00145475683852624;0.0125332660116548;-0.980451481496427
NUAK2;1.59994799999993;11.189482;4.91380298224281;0.00148470337442142;0.0127491671580188;-1.00207963341034
lnc-PHF2-1;1.23181150000004;6.76016175;4.90347018533988;0.00150301528600766;0.012839711978143;-1.01509096811231
LOC105375282;1.63317099999993;8.7448995;4.89469316302353;0.00151876548003494;0.0129075544395771;-1.02615585100208
SNORD98;1.19271750000003;5.50207675;4.88822371777024;0.00153049110420822;0.0129681904011341;-1.03431907722622
SNORA6;1.10479650000003;8.78965175;4.87105825753072;0.00156208872864898;0.0131646311446797;-1.05600921668925
TMEM56;1.15866050000001;7.27773775;4.86484538990804;0.00157370159672762;0.0131646311446797;-1.06387068731195
AKR1B1;1.38576649999997;14.21159625;4.86184690070529;0.00157934023378912;0.0131646311446797;-1.06766691558014
AMZ1;1.04144600000001;12.881176;4.86138411030431;0.00158021248686235;0.0131646311446797;-1.06825295068012
TSSC2;1.13182400000003;8.7479245;4.85847399125405;0.00158570955339457;0.0131646311446797;-1.07193879682015
SNORA1B;1.17373800000003;7.8647455;4.84472730200617;0.00161196242117454;0.0132706364403235;-1.08936708807526
SNORA64;1.0810115;9.10692825;4.84058440124853;0.00161996787799609;0.0132706364403235;-1.0946251164893
SNORA41;1.15736499999998;6.5637085;4.83812547560163;0.00162474001770306;0.0132706364403235;-1.0977471250259
CPA6;1.23405299999999;8.0016425;4.83556418062409;0.00162972728214499;0.0132706364403235;-1.10100007771569
lnc-SLC38A6-1;1.38715550000005;5.96483675;4.82348652287958;0.00165347254630559;0.0133961554817408;-1.11635254587429
lnc-LRIG2-4;1.08083050000002;7.43796825;4.821994966243;0.00165643132789537;0.0133961554817408;-1.11825005884204
KCNJ16;1.50072799999993;9.303713;4.81799690715903;0.00166439099431099;0.0134206747004686;-1.12333792353541
lnc-KLRG2-1;1.87736350000009;7.09143075;4.81334571111763;0.00167370396591726;0.0134484401680641;-1.12925999449184
LINC01910;1.06976149999999;8.18374075;4.81221820711689;0.00167597016008542;0.0134484401680641;-1.13069606490318
LRP11;1.050787;6.27175525;4.79534314374544;0.00171029406367732;0.0135826258758466;-1.15221228567941
LOC100506271;1.0167285;9.42792025;4.79391459980237;0.0017132350242674;0.0135826258758466;-1.1540356960358
ANKRD36;1.07594516700002;8.1705850835;4.77516684420608;0.00175235102001239;0.0138097558994932;-1.17799410469755
lnc-ZNF236-1;2.34880299999989;9.1521285;4.77423390322699;0.00175432302683378;0.0138097558994932;-1.17918772850194
MZT2A;1.08375049999999;6.87981325;4.77094822929118;0.00176128758081896;0.0138097558994932;-1.18339253356941
XLOC_l2_004595;1.11752200000003;7.838268;4.76825736021305;0.00176701398523624;0.0138097558994932;-1.18683735791091
CECR7;1.12383575000003;6.837009875;4.76710884838539;0.00176946434816685;0.0138097558994932;-1.18830800449491
NEK10;1.07546849999999;7.31206625;4.76498372153704;0.0017740081863783;0.0138097558994932;-1.19102971251425
lnc-DKK4-1;1.26544300000004;6.3989845;4.76438001082729;0.00177530134824096;0.0138097558994932;-1.19180302571086
ABCB1;1.46911449999994;5.20835075;4.7417103098239;0.00182461838863251;0.0141269049012156;-1.22088124504739
lnc-IL4R-1;1.05665050000002;9.69312925;4.73618322789948;0.0018368693583615;0.014155454775625;-1.22798255298119
SNORA11C;1.0341415;8.63603025;4.73220010193178;0.00184575413120211;0.0141728150298748;-1.23310301590343
DUSP5P1;1.40843450000004;5.80221825;4.72776450684661;0.00185570379238147;0.0141728150298748;-1.23880796605589
SNORA81;1.28385749999999;7.58928175;4.72751283701588;0.00185627008709492;0.0141728150298748;-1.23913174652963
C3;1.64579074999992;7.721787625;4.71590746571907;0.00188259129532589;0.0143076938444767;-1.25407278498094
FXYD2;2.02497074999989;9.675467125;4.71034781270213;0.0018953457323641;0.0143646133360646;-1.26123762708551
LOC401261;1.05279400000002;5.70064075;4.68296446544093;0.00195956674599361;0.0147035697477838;-1.29659527230146
PALM;1.46460599999993;10.4871155;4.68035383974115;0.00196581301528143;0.0147035697477838;-1.29997205310913
AGPAT4-IT1;1.53430400000007;8.0572255;4.65484683398728;0.00202800539711218;0.0149899224889793;-1.33301892287834
PLAC8;1.15697599999996;11.4165995;4.65351874013464;0.0020313022610595;0.0149899224889793;-1.33474229306948
LOC107985200;1.33054250000006;9.18523225;4.65112948208738;0.00203724818335918;0.0150003173589876;-1.3378433292379
COL4A1;1.01290050000001;11.14657225;4.64877414479392;0.00204312839349557;0.0150101832642141;-1.3409011834846
ZSWIM4;1.07129999999997;8.83541;4.64083445342468;0.00206308784997484;0.0151029494612068;-1.35121518829427
SNORA5A;1.06052750000001;7.37486975;4.64012091228782;0.00206489206184678;0.0151029494612068;-1.35214257563603
lnc-DZIP1-3;1.8474200000001;5.9116095;4.63646012643751;0.00207417574865566;0.0151339368775159;-1.35690169775947
SNHG4;1.09668425000003;6.562074625;4.62415874602893;0.00210570893728867;0.0152467525828048;-1.37290865863804
SNORD64;1.17283800000002;6.2121485;4.61414150516068;0.00213177568527639;0.0153304637371504;-1.38596030384854
CRLF1;1.50444949999993;9.17751275;4.61044916045834;0.00214147298263857;0.0153304637371504;-1.39077494874522
COL12A1;1.13302474999997;8.875463375;4.60962437038288;0.00214364575508799;0.0153304637371504;-1.39185071771849
MED14;1.006582;9.6894165;4.608350287476;0.00214700686941943;0.0153304637371504;-1.39351269863553
CCDC80;1.08981799999997;8.749054;4.59654691083581;0.00217842125497777;0.0155212514417166;-1.40892129727573
TYSND1;1.035175;7.385678;4.58804731149392;0.00220135487184643;0.0156173373526273;-1.420030037829
MIR181A2HG;1.05630849999997;6.33397125;4.57421798931621;0.00223923704498803;0.0157844726454807;-1.43812787901331
TBILA;1.05957200000003;6.5678305;4.55020552314794;0.00230672281750393;0.0159373627634919;-1.46962050459588
NAT8B;1.90136799999989;6.2526105;4.54430796121507;0.00232363654786608;0.0159426314581085;-1.47736852498533
TRIM38;1.02782699999998;8.5975175;4.53774839804751;0.00234260866337609;0.0160103598191823;-1.48599241937073
KRT81;1.11061849999997;15.16282225;4.53162364976493;0.00236047650065931;0.0160901758993395;-1.49405051446199
POU5F1;1.05071224999997;7.272814625;4.52009597316711;0.00239451279394452;0.0161686830609584;-1.50923236397082
lnc-FST-1;1.15984400000004;6.757291;4.51701288283217;0.00240370671750964;0.0161686830609584;-1.5132961597587
lnc-LAMC2-1;1.05426950000003;5.42835825;4.51601299304682;0.00240669673608907;0.0161686830609584;-1.51461441360847
XLOC_l2_011874;1.27488900000004;6.654001;4.50653309706705;0.0024352482279592;0.0161686830609584;-1.5271201801514
lnc-CTDSPL2-2;1.06451050000001;8.66171825;4.50559811007186;0.00243808425469457;0.0161686830609584;-1.5283543369548
lnc-TCF7L2-2;1.10544900000004;8.3165535;4.50343143721288;0.00244467017731493;0.0161686830609584;-1.53121479060287
RNU11;1.09935949999997;8.07949975;4.50130665003023;0.00245114771045554;0.0161686830609584;-1.53402063278625
SLCO1B3;1.004234;7.560571;4.49886998846051;0.00245859915837829;0.0161686830609584;-1.53723915040554
RNVU1-18;1.05919900000001;11.4619035;4.49681028430859;0.00246491719985573;0.0161686830609584;-1.53996045244292
S100A5;1.54690999999993;7.9316005;4.48037723231794;0.00251596629036165;0.0164058866980979;-1.5616948267176
SCNN1A;1.46024499999993;6.259098;4.47497053181283;0.00253301434681853;0.0164845382491773;-1.56885461424563
lnc-RPA2-1;1.06735050000003;5.43402225;4.46926498171789;0.00255114197009766;0.0165374026532213;-1.57641491668724
FTX;1.03698124999999;5.995258875;4.45347698325696;0.00260204784517106;0.0167036314099719;-1.59736074946066
CDKL1;1.0195915;8.309615;4.43565231380355;0.0026608605779772;0.0169495280747449;-1.62105359979175
RNU2-1;1.15084950000001;10.14305725;4.42769837476912;0.00268757272727636;0.0170867604545685;-1.63164149060402
lnc-BID-1;1.20527750000005;5.04191325;4.42359392213761;0.00270147157743078;0.0171252736269909;-1.6371088457879
lnc-PHACTR4-1;1.01025700000001;5.195396;4.42155092444767;0.00270841904547988;0.0171252736269909;-1.6398311716517
SNORA58;1.18791300000003;6.7097355;4.42133025409923;0.00270917063125112;0.0171252736269909;-1.64012525572117
SLC7A7;1.01364099999997;9.783629;4.41623479130937;0.00272658898523572;0.0171697203527415;-1.646917932344
ZFPM2-AS1;1.0076785;9.40380575;4.41293930502585;0.00273791950224171;0.0171756392303816;-1.65131316178653
GOLGA8M;1.07031300000003;7.4529345;4.410285782292;0.00274708025502066;0.0171867040386296;-1.65485337906416
lnc-HNMT-2;1.50937150000007;6.32321475;4.40798510409376;0.00275505001936654;0.0171867040386296;-1.65792369966549
LOC105377016;1.22100600000005;6.539003;4.39531404903785;0.0027993993398168;0.0172614860072425;-1.67484778374349
ANKRD2;1.15579149999996;6.78917875;4.38571015176107;0.00283353349466605;0.0172614860072425;-1.68769122493715
lnc-SLC25A5-1;1.08502100000004;5.5565535;4.38413402474902;0.00283917870485232;0.0172614860072425;-1.68980032159358
ANKRD36B;1.09727750000004;6.8799245;4.36328283474794;0.00291502997170959;0.0176180787686872;-1.71773730807165
ACTR3C;1.18900100000005;5.6184325;4.35657031073051;0.00293991748923628;0.0176672009456446;-1.72674474096307
LOC100289230;1.07195649999998;5.95997875;4.35533213616048;0.00294453349094077;0.0176672009456446;-1.72840696274083
lnc-RP11-778D12.2.1-4;1.17850699999997;6.6782145;4.35339319412394;0.00295177792221341;0.0176785829906477;-1.73101040862956
SNORD11;1.13289250000005;8.57147725;4.34236408458458;0.00299335798931726;0.0178628908171171;-1.74583001753806
SORCS2;1.78565649999989;7.83215775;4.32589921004896;0.00305662649275692;0.0181422032047655;-1.76798727954451
lnc-AP3M1-1;1.05381349999999;6.16096375;4.31696482927376;0.0030915682457977;0.0182732155293804;-1.78002742015372
ZC3H12B;1.01002149999997;5.22499925;4.28447145753627;0.00322237305929003;0.0184556090783189;-1.82391607473155
lnc-TMEM64-1;1.02031749999997;8.54925275;4.282139638572;0.00323198967484435;0.0184556090783189;-1.82707167450943
LOC101928020;1.25628250000005;5.29174325;4.27693608871694;0.00325356267478166;0.0185133876124409;-1.83411642891053
NTRK3;1.04833074999997;9.113098125;4.26045938788798;0.00332291521627668;0.0185927735650771;-1.85644961519164
ODF3L2;1.17543000000001;9.7721795;4.2407532879238;0.0034079861746142;0.0188723656503761;-1.8832127363793
LINC01320;1.38788199999993;8.650273;4.23566570525375;0.00343033302797044;0.0188901248008087;-1.89013155542096
NPIPB3;1.21272650000002;5.24566325;4.18564469279544;0.00365875589604509;0.0195094306327824;-1.95835994607151
EID3;1.09771750000003;6.26420425;4.18035135110466;0.00368388161202564;0.0195488163874106;-1.96560150864311
SNORD46;1.01996499999998;6.947042;4.14063317968914;0.00387851617062432;0.0202234670564572;-2.0200685274988
BMS1P1;1.38713700000007;7.135653;4.12671887071626;0.0039493271314283;0.0203445665401159;-2.03920406357171
LUM;1.28268549999993;8.56598025;4.10365006574309;0.00406984545491048;0.0206047612158255;-2.07099109197281
SNORD116-19;1.06646449999996;8.69323675;4.095708962412;0.00411225315813547;0.0207265955400253;-2.08195112458957
lnc-RIOK1-2;1.06051400000004;5.519931;4.05483978600257;0.00433824334351382;0.02127927669682;-2.13850096004387
LOC100131626;1.19732849999994;7.73831375;4.05310762019779;0.00434811515322814;0.0212961017726996;-2.14090301847705
lnc-PAFAH1B1-2;1.20553500000006;5.202456;4.03068133515623;0.00447815291195449;0.0217462020647748;-2.17204109903785
DKFZP586I1420;1.00403250000002;6.94063275;4.02609156932211;0.0045052838191105;0.0217523025140165;-2.17842266653852
NR2E3;1.00655649999998;5.21280325;4.01954863717729;0.00454426936124116;0.021868056052785;-2.18752508178119
SNORD116-6;1.07482599999995;6.8119405;3.98963397354092;0.00472723981227344;0.0222308034415021;-2.22921923209654
SOWAHD;1.18165549999994;7.65581275;3.9874417011797;0.00474095973473215;0.0222636546633871;-2.23227973465324
LOC105371592;1.09585600000003;5.6582185;3.96590510622086;0.00487806342654557;0.0224547072555177;-2.26238171603409
lnc-LRIG2-3;1.10155400000002;6.4969945;3.956524373139;0.00493912156155244;0.0224913717389702;-2.27551367104798
LOC100132077;1.01141049999998;6.81023275;3.93100977754663;0.00510942576652244;0.0228885658321452;-2.3112934687812
LOC91450;1.02232200000002;5.7619415;3.91474222440343;0.00522132478644288;0.0231390076997053;-2.3341532276466
CZ1P-ASNS;1.04194300000003;6.928156;3.89439311950171;0.00536505263368143;0.0234938619500069;-2.3628001364951
ARL17A;1.03021600000005;7.50589;3.89084447510247;0.00539055309803442;0.0234938619500069;-2.36780167177477
lnc-CHD9-1;1.17921600000003;5.104327;3.87697785387647;0.0054914641015126;0.02363903687448;-2.38736218719875
TP53I11;1.00012899999996;8.21442525;3.87148464033648;0.00553200367138765;0.0237208873380124;-2.39511831233399
PPP1R3F;1.05957599999995;6.8110275;3.8612772636708;0.00560819640889836;0.0239038558984473;-2.40954154636496
LOC105374347;1.15138649999995;12.74739275;3.79797602615596;0.00610680710780185;0.0249865152207833;-2.49930315347361
SNORD123;1.05589249999998;5.41424125;3.79118409287737;0.00616308847928196;0.0251347617752068;-2.508966174922
lnc-NAT2-1;1.03809050000001;5.10836975;3.73625078664212;0.00663942950440306;0.0261623182113713;-2.587345573103
LYG1;1.05704000000004;5.936957;3.72752284617508;0.00671870341484675;0.0263859953046283;-2.59983517602227
ZNF608;1.06682349999996;6.24314175;3.67549508540318;0.00721295056149598;0.0270766836110148;-2.67449079722819
LINC01489;1.16107799999995;5.613347;3.59778223334174;0.00802557448156691;0.0286269283055604;-2.78664101394483
CEP295NL;1.11742349999999;5.67464825;3.57386694991986;0.00829506144837049;0.0292361120984145;-2.82130414864559
SUPT20HL1;1.16153049999997;5.74124175;3.56868867205113;0.00835468354590905;0.0292553184962398;-2.82881874568898
RRAD;1.35824349999991;7.26209725;3.55861191125215;0.00847202993713482;0.029328404317715;-2.84345115651416
ZNF780B;1.06759050000005;5.02145125;3.53508075766165;0.00875300530707256;0.0297129781418409;-2.87766784336064
CLIC3;1.4590444999999;11.64313475;3.5040650583566;0.00913872699298158;0.0304256107137937;-2.92286753739156
BIN3-IT1;1.03841499999994;5.3482595;3.4938583089239;0.00926961669301512;0.0306737753090758;-2.93776646735026
HPR;1.08904350000006;7.01387725;3.47118743485783;0.00956758806353335;0.0312245272833576;-2.97090218232979
LOC145474;1.25883100000007;5.8609715;3.4037058064941;0.0105168511435232;0.0327388981925496;-3.06987387115567
lnc-RSBN1L-1;1.08183550000004;5.38191625;3.37624666554087;0.0109315214090339;0.0333451845528905;-3.11028840705301
AMBP;1.12109899999992;7.0670685;3.33477622204765;0.0115912198601589;0.0342780031487092;-3.17147444519481
lnc-PDHX-1;1.10687750000007;6.55746925;3.27988730503516;0.0125304035707364;0.0356808907879885;-3.25272465670643
ZNF91;1.03594650000002;5.10760625;3.25400632519071;0.0130010616517442;0.0364559031557815;-3.29113641336891
HOGA1;1.31578674999991;7.518654125;3.09432024082624;0.0163531075109225;0.0411128315065475;-3.52943852678676
SEMA5A;1.33517849999989;9.89641675;3.07849425916998;0.0167319856240193;0.0415596878084206;-3.55316664191854
CD24;1.04598849999991;12.83855775;2.85703862979459;0.0231222512752663;0.0488136415811177;-3.88681460840413
SCARB1;-3.81152899999999;9.9270165;-15.8471784476558;5.77858347955664e-07;0.000636799899447141;6.84090312988887
GALNT3;-2.907322;6.6056915;-12.9939706153608;2.38727597573336e-06;0.00123447467066617;5.56219671951851
IQCA1;-2.94467700000002;5.3125495;-12.9380172343757;2.46153646578167e-06;0.00123447467066617;5.5335551675318
SYTL3;-3.75564199999994;8.5839865;-12.2287848190952;3.66943355462854e-06;0.00123447467066617;5.15671455746122
NCAM1;-3.80122700000007;6.675039;-11.6950516425634;5.0266265139827e-06;0.00123447467066617;4.8552577170298
COL13A1;-2.43651350000001;7.60603725;-11.4299162903688;5.90603575133967e-06;0.00126196188089659;4.69940568683473
KRT8P12;-2.42828099999999;8.147701;-11.1879726112103;6.86254977168947e-06;0.00133456409089443;4.55348001072391
KCTD4;-2.26119650000001;6.69553975;-10.4259089796007;1.12312574401267e-05;0.0017600858137542;4.0693121409617
LOC102723817;-2.49806224999998;8.079752125;-10.129252032908;1.3724399997588e-05;0.0017600858137542;3.87011694546892
EFEMP1;-2.140447;10.5972965;-10.1273337345642;1.37424336836529e-05;0.0017600858137542;3.86880830658889
SLC22A18AS;-2.2429845;8.24900075;-9.99534390496681;1.50498594552122e-05;0.0017600858137542;3.77811834956303
TMEM154;-2.51993049999996;7.63390675;-9.91648553832088;1.58976285876966e-05;0.0017600858137542;3.72331871921387
LOC105377123;-2.15837649999999;6.03745375;-9.89566464693558;1.61303534589295e-05;0.0017600858137542;3.70877223052723
LOC100128242;-2.08450599999999;6.310303;-9.67545764426074;1.88415438003284e-05;0.0017600858137542;3.55290329280749
FAM189A1;-2.23727199999998;7.597983;-9.62491619156354;1.95340059954835e-05;0.0017600858137542;3.51659972539065
THBD;-2.27164899999997;8.8351525;-9.61320787480625;1.96984800692394e-05;0.0017600858137542;3.50816115629303
EFR3B;-2.30383099999997;7.4703315;-9.44471770584442;2.22466887845654e-05;0.00193546192425719;3.3855207536053
DNER;-2.25187399999997;5.445668;-9.37761860924705;2.33632147133364e-05;0.00198048173954591;3.33604601356902
GJB2;-2.03716899999998;9.3578475;-9.08114429895198;2.91136990551153e-05;0.0021388864239158;3.11299738262953
CNIH3;-2.046352;8.5767295;-8.95138990853023;3.21191708957087e-05;0.00216706079553496;3.01303858848796
ACOX2;-2.56453199999997;7.310316;-8.83855224770773;3.50185636743922e-05;0.00227002689230472;2.92492146087112
FYN;-2.36179600000005;6.474708;-8.59204109257609;4.24353125289129e-05;0.00262282264730697;2.72846501429677
ECM1;-1.955644;9.145374;-8.45671512592964;4.72482227068113e-05;0.00262282264730697;2.61825271355931
CORO2B;-2.58936449999999;6.28379325;-8.43891042200954;4.79259339166208e-05;0.00262282264730697;2.60362481220471
HENMT1;-1.77921800000001;7.6092645;-8.34881615062824;5.15271007700094e-05;0.00262282264730697;2.52914564988728
LY96;-2.08148649999997;7.83923425;-8.34783639331564;5.1567898389278e-05;0.00262282264730697;2.52833145780248
NTNG2;-2.21795750000005;6.39900075;-8.02297550257623;6.7333574133376e-05;0.00301793440207123;2.25321951649235
KRTAP2-3;-1.81164999999999;7.7641835;-7.98721037993828;6.93778023464651e-05;0.00301793440207123;2.22229218617853
LINC02178;-2.16977749999995;5.30253475;-7.84941197274599;7.79313737015306e-05;0.00316101724573306;2.10191652013798
INSIG1;-1.65284000000001;10.009208;-7.66742922452708;9.10973564618492e-05;0.00333900284363182;1.93992690890643
GRAMD1B;-1.83663899999998;6.8671735;-7.63864063491509;9.34003773761927e-05;0.00333900284363182;1.91398085044198
CHST1;-1.94133050000004;6.4324095;-7.63215233555595;9.39283921529823e-05;0.00333900284363182;1.90812097498309
DCLK1;-2.03464749999997;6.83823275;-7.54240120459746;0.00010158626091988;0.00349837686042835;1.82659856545452
STC1;-2.24871750000006;5.04869225;-7.5026798891358;0.000105196784035982;0.00358536668064904;1.79024074499751
LOC105373383;-1.74385949999997;7.87544675;-7.47985432765277;0.000107336457003893;0.00362096251892726;1.76927011727296
ETV1;-1.63664375;6.568083;-7.45304654191219;0.000109911916264364;0.00363368795169987;1.74456796780555
SEMA3F;-1.5917835;6.46101475;-7.39991749559286;0.000115223198183533;0.00370631195627757;1.69537799531222
IL21R;-1.563586;5.7036745;-7.39749720968637;0.000115471909103627;0.00370631195627757;1.69312971438459
SFN;-1.65382999999998;7.063795;-7.31310420056384;0.000124531861408293;0.00388398428128128;1.61432601794968
FOS;-1.88214700000003;6.129674;-7.10417167088107;0.000150587417793332;0.00443843487471659;1.41576252496052
KIAA0408;-1.72333449999998;7.76163875;-7.08810562255454;0.000152830845644286;0.00443843487471659;1.4002859439718
ICAM1;-1.56258650000002;7.14716025;-7.02870372321628;0.000161456217524351;0.00456217312081627;1.34280194764611
GPA33;-1.64856599999998;6.1489055;-6.99767081722782;0.000166177841142502;0.00457822243869464;1.31260635641753
NSDHL;-1.49937100000001;12.2792015;-6.98982310560859;0.000167396184536718;0.00457822243869464;1.30495239800989
SATB1;-1.51773049999999;7.54151325;-6.9845974562184;0.000168212995403749;0.00457822243869464;1.29985172842915
XDH;-1.62379449999997;7.61572075;-6.97991734834119;0.000168948317459391;0.00457822243869464;1.29528081089778
SLC2A14;-1.52500049999999;7.10683475;-6.9452029103165;0.000174516069977374;0.00461560101876158;1.26129521856225
NKAIN1;-1.7046465;7.51147775;-6.93601240245145;0.00017602424161225;0.0046185408156357;1.25227369110109
PPFIBP2;-1.92417599999998;5.788399;-6.81944193156581;0.000196473281080741;0.00481554133295603;1.13696826369263
KRT15;-1.57722999999997;10.929155;-6.81853800856667;0.000196641887461907;0.00481554133295603;1.13606774794313
KIF5C;-1.81812950000004;5.66611525;-6.78326864782126;0.000203348501252537;0.00490708135139335;1.100853819914
HOXA5;-1.44153149999999;6.00470675;-6.7668449845095;0.000206558413521726;0.00494418950155809;1.08440425371275
CAMK2N2;-1.63368500000001;8.762053;-6.7601793024606;0.000207877296042521;0.00494418950155809;1.07771865631077
SKAP2;-1.43770900000001;9.8012895;-6.71579608463084;0.000216902594932648;0.00508567360884633;1.03306395056434
MNX1;-1.42688049999999;6.23754025;-6.70481570237237;0.00021920240906517;0.00509701800209351;1.02197902408693
ZNF365;-1.4088215;6.90473825;-6.66417301333652;0.00022795490875743;0.0051703584057977;0.98081975811279
SLC27A5;-1.43487000000001;7.641225;-6.6624520560094;0.000228334037279632;0.0051703584057977;0.979072411166707
AREG;-1.554358;5.591237;-6.64720842416009;0.00023172312464877;0.00521140578291722;0.963578965802986
APOBEC3G;-1.4428825;7.46892425;-6.55489467729845;0.000253486503376749;0.00546793900673436;0.869132302094692
TMSB15A;-1.47708000000002;5.3121455;-6.48910107080408;0.000270389445707266;0.0056936783917721;0.801163382697964
VAMP7;-1.41643950000001;10.98340825;-6.44025474527044;0.000283752146622023;0.00587408531452314;0.75034585705296
TWIST1;-1.3396595;5.96788975;-6.33976212847699;0.000313622678814294;0.00620860225245542;0.644833350616345
IL13RA2;-1.92771649999995;9.09210825;-6.32672443981431;0.000317748595792183;0.00622347727655965;0.63104853380539
PIAS1;-1.49298499999999;6.950624;-6.30093192209539;0.000326090302854849;0.00622691387750966;0.603712684570479
SNX8;-1.389034;8.2195625;-6.29594146278146;0.000327732309342614;0.00622691387750966;0.598413579938933
XLOC_l2_012319;-1.40853450000002;6.23306775;-6.28531394279782;0.000331259857346981;0.00624708146617736;0.58711791666422
LONRF2;-1.47780349999998;7.3878935;-6.25441329196668;0.00034175918726636;0.00631204398381334;0.554190407796264
HMGCS1;-1.46177300000003;8.559108;-6.08517214644647;0.000406259744586893;0.00699528497710556;0.371605342751186
XIST;-1.28582924999999;6.47702;-6.02225826674748;0.000433604061493463;0.00735204587731026;0.302752360365846
PXMP4;-1.288771;8.2658255;-6.01585102972029;0.000436501796399113;0.00735204587731026;0.295710204104833
SPATA4;-1.63122049999996;5.81129425;-6.01011117940057;0.000439115996386008;0.00735204587731026;0.289396832567467
CSF1R;-1.2989965;5.23883975;-6.00592025199506;0.000441035741093799;0.00735204587731026;0.284784322016108
JPH1;-1.36872699999998;6.714507;-6.00263745571336;0.000442546016208331;0.00735204587731026;0.281169626658016
LINC02454;-1.40682599999997;5.8359435;-5.9787743347998;0.000453698857764648;0.00742616993011567;0.254849766201703
NAP1L5;-1.29584999999998;7.5790635;-5.97141953478117;0.000457198986675469;0.00742616993011567;0.246722120001415
PLCD4;-2.79054349999989;6.83648025;-5.96844365114729;0.00045862372391952;0.00742616993011567;0.243431429125357
NDRG4;-1.37906200000002;5.7988165;-5.96350641247155;0.000460998382570884;0.00742616993011567;0.237969228749662
MVK;-1.2497645;11.53272275;-5.9149639509555;0.000485087811609821;0.00765500081410518;0.184087538093179
OSBPL3;-1.25715574999999;8.504062625;-5.85042225806048;0.000519311376237528;0.00778111904962876;0.111944349377758
SOGA3;-1.43435149999999;7.30937225;-5.84889430239538;0.000520153451290973;0.00778111904962876;0.110229453267581
ANKEF1;-1.26092133299999;5.3962385;-5.81184047522383;0.000541045928997451;0.00805719748317825;0.0685429054087452
DGKG;-1.41938400000002;8.039286;-5.79379533242437;0.000551556667331658;0.00806834664689585;0.0481724148560243
ARSI;-1.63531350000005;5.15890975;-5.75826272688319;0.000572922596509602;0.00816575713596088;0.00792796028754505
SNX10;-1.54323124999998;7.007623625;-5.75807874765277;0.000573035588488483;0.00816575713596088;0.0077191241431489
PDPN;-1.2392505;10.01482725;-5.75056535303108;0.000577671187440648;0.0081964847454025;-0.000813440235956975
GSDME;-1.35672699999999;8.734036;-5.6279280440846;0.00065953305150885;0.00898776928691239;-0.141211199700846
KCNAB2;-1.31095900000001;5.6895305;-5.6206535007246;0.000664778514037455;0.00898776928691239;-0.14960620675133
SERPINB8;-1.40665349999999;7.59463725;-5.61514491118483;0.00066878138069584;0.00898776928691239;-0.155968272391524
ABCA1;-1.45271825000003;8.401090625;-5.59487851075284;0.000683739841645601;0.0091515948035642;-0.179411896533701
MIOX;-1.34883375000003;6.980770875;-5.59011125480992;0.000687312164335357;0.00916231457779311;-0.184935046326576
SH3BP5;-1.20866499999999;7.688982;-5.57237280691906;0.000700787278739451;0.00919366168060566;-0.20551462799385
TSPYL2;-1.34498850000004;5.85336525;-5.56109328566596;0.000709508030038641;0.00924625524048668;-0.218624191013811
TRIB3;-1.26695199999999;12.7908315;-5.55996129759537;0.0007103898460628;0.00924625524048668;-0.219940844521647
HIST1H1A;-1.58354749999997;9.13936175;-5.55590634498423;0.000713558628002938;0.00925107774187338;-0.224658804229716
LINP1;-1.73585299999999;6.5928805;-5.5455534322743;0.000721720302934213;0.00927562610751891;-0.236715172417944
MMP1;-1.89141499999992;6.6774555;-5.53792298765653;0.000727801958357162;0.00927562610751891;-0.245610969210754
MFAP2;-1.22457149999999;7.86532225;-5.53559758701792;0.000729666635258094;0.00927562610751891;-0.248323652389235
AKR1B10;-1.20982775;7.048805125;-5.53234179210825;0.00073228627164623;0.00927562610751891;-0.252122987461322
DPF3;-1.1914375;6.38690775;-5.51415643581799;0.000747111367909327;0.00942729077216884;-0.273372345012127
KLHL7;-1.2269905005;8.46711858325;-5.4997115227292;0.000759124261903375;0.00954245174848881;-0.290284977386245
PLXNB3;-1.1540995;6.51020275;-5.45753336348045;0.000795443168975117;0.00977596697632616;-0.339841084299227
NLRP3;-1.26228699999998;8.5475565;-5.45285945526829;0.000799584832288238;0.00979047205757376;-0.345348405661049
RIPK4;-1.25555800000003;9.604049;-5.44741063226351;0.000804443339777197;0.00979627617904246;-0.351772814093643
GFPT2;-1.154696;9.604275;-5.44188384271378;0.000809404783890008;0.00980180298732735;-0.35829354525919
FAM3A;-1.16567375;8.271427125;-5.43511440756186;0.000815527981821729;0.00983991061278335;-0.366286436833109
CYCS;-1.19602433999999;11.000588;-5.42761798239018;0.000822368680456482;0.00986220797879889;-0.375145469608761
TWISTNB;-1.17064800000001;9.6949865;-5.39265824147453;0.000855120558614715;0.0100965305956437;-0.416567634511917
BCL2;-1.17965124999999;5.457349125;-5.38705845458985;0.000860499620123724;0.0101238852104236;-0.423219092262511
EIF2B1;-1.17942949999999;10.83756075;-5.37444627549166;0.000872752341572537;0.0101918720304952;-0.438216653908323
LPXN;-1.28429949999998;7.83275125;-5.37372216805983;0.000873461649038081;0.0101918720304952;-0.439078418577878
CETN2;-1.14524750000001;10.77180375;-5.34797755629859;0.000899099330701289;0.010285198571967;-0.469767003743106
S100A1;-1.40521250000005;5.94013925;-5.28395470717696;0.000966541013742066;0.0108336502723497;-0.546505577179255
FAM25A;-1.35646000000001;5.539218;-5.26441957206507;0.000988218980405009;0.0109632615745603;-0.570040524081207
IQCE;-1.1605315;7.850808;-5.25051271938362;0.00100397871041648;0.0110015876622591;-0.586829050328644
FCRLB;-1.179872;7.1513315;-5.24848454816048;0.00100630022776687;0.0110015876622591;-0.589279866343499
CTSE;-1.129214;5.018908;-5.22414297844863;0.00103463023143114;0.0111677156687475;-0.618741271655543
HOXA6;-2.19183849999994;5.94508475;-5.21828640750615;0.00104157721560743;0.0111677156687475;-0.625842734209225
INHBA;-1.28150049999997;7.20914475;-5.2060836610818;0.0010562181137265;0.0111677156687475;-0.640655628363791
TMLHE;-1.16468637500001;6.7729185625;-5.20474650854396;0.00105783620736984;0.0111677156687475;-0.642280134840744
ROBO4;-1.33961449999995;7.83498125;-5.19826829103254;0.00106571439552609;0.0111677156687475;-0.650154267401928
KCNMB4;-1.19854250000002;6.55460975;-5.19465742106848;0.00107013370655186;0.0111677156687475;-0.65454589809101
H1F0;-1.22252449999998;7.30819775;-5.18334581888548;0.00108410943536157;0.0111677156687475;-0.66831585420136
AKR1B15;-1.12985049999999;5.76238125;-5.18315844691589;0.0010843426284537;0.0111677156687475;-0.668544107410549
GTF2H3;-1.22353199999997;8.6671855;-5.13455562663584;0.00114674453839597;0.0115315501171467;-0.727927140696302
CLIP1;-1.0797655;9.75949525;-5.11465045179347;0.00117343689707702;0.0117557041870807;-0.75234866135556
NTM;-2.04559199999992;6.022872;-5.09654281979293;0.0011983153974994;0.0118676843111248;-0.774616035591011
lnc-CCDC68-1;-1.46719950000003;5.42372325;-5.09349824687433;0.0012025552939129;0.0118676843111248;-0.778364816145062
SCEL;-2.53002399999989;6.199585;-5.07722289482691;0.00122550308883005;0.0119087921091105;-0.798428094528057
LINC02223;-1.27473674999996;5.817464125;-5.07717207003887;0.0012255755028794;0.0119087921091105;-0.79849081018269
CAPN5;-1.10204550000002;9.16529125;-5.07287514111422;0.00123171477847785;0.0119087921091105;-0.803794434355303
DGAT2;-1.25676049999998;7.01618675;-5.06351180913658;0.00124521057999358;0.0119168573388574;-0.815360979599457
ZDHHC4;-1.091779;11.421764;-5.06007255442635;0.00125020863184443;0.0119168573388574;-0.819612786882859
CBX3;-1.38522875000001;10.192515125;-5.04821398867995;0.00126761237094728;0.0119584676282673;-0.834286591132346
TLR6;-1.26400199999999;6.4217775;-5.0468456656303;0.00126963767015179;0.0119584676282673;-0.8359811084201
IL11;-1.10288999999998;6.4383415;-5.02722960206652;0.00129906778173637;0.0119596926131799;-0.860304223346917
TLE2;-1.08810400000001;6.0491835;-5.02713033641885;0.00129921861072742;0.0119596926131799;-0.860427455088357
ATP9B;-1.0660945;8.7810465;-5.00235697432417;0.0013374712327827;0.0121363066224165;-0.891228079094093
SEZ6L2;-1.42108250000002;5.54151475;-4.97184524907588;0.00138630054294799;0.0122871570911154;-0.929289595877403
LOC729296;-1.41907499999997;6.2969315;-4.96128774297038;0.00140365107972968;0.0123745879188968;-0.942491967549193
CCNB3;-1.15934499999999;5.6531;-4.94692386201578;0.00142764254325953;0.0125265147397674;-0.960481163042222
BTBD11;-1.45881749999996;5.18087325;-4.94444756204826;0.00143182409519882;0.0125265147397674;-0.963585591062051
LOC105376382;-1.27748999999996;8.175366;-4.94419506200014;0.00143225123158865;0.0125265147397674;-0.963902190997466
FAM126A;-1.05010149999999;6.75206625;-4.93227821704004;0.00145257064396604;0.0125332660116548;-0.9788551541297
EZR;-1.04972749999999;12.76948625;-4.93041887235975;0.00145576955489275;0.0125332660116548;-0.98119013911275
SMPD1;-1.16075349999999;8.00773675;-4.90412376777015;0.00150184966025095;0.012839711978143;-1.01426748362423
JAZF1;-1.10824550000001;8.03795375;-4.89930712983841;0.00151046327143871;0.012870081379836;-1.02033773991392
RETREG1;-1.21679850000003;6.16543525;-4.88643785176441;0.00153374544671611;0.0129681904011341;-1.03657361502184
CPEB1;-1.0318785;7.79075275;-4.86951020207404;0.00156497344888698;0.0131646311446797;-1.0579675092497
LOC105369306;-1.11205499999997;6.247071;-4.85549090054224;0.00159136631131945;0.0131646311446797;-1.07571839091544
ST3GAL5;-1.26688850000001;5.59596725;-4.85492153167683;0.00159244851264705;0.0131646311446797;-1.07643993717131
MTSS1;-1.22676550000004;6.87809825;-4.85472784644722;0.00159281683541195;0.0131646311446797;-1.0766854005304
KDELR2;-1.031147;12.1037795;-4.84032989051461;0.00162046110136392;0.0132706364403235;-1.09494821721711
DLL1;-1.16629649999999;6.59981775;-4.83676622976166;0.0016273845995386;0.0132706364403235;-1.09947330139186
COL17A1;-1.089622;7.156532;-4.82155856003723;0.00165729812221174;0.0133961554817408;-1.11880530500336
NLGN1;-1.01846175;6.693597875;-4.80874572218909;0.00168297081090444;0.0134713676558493;-1.13512007731717
RPA3;-1.022317;12.873505;-4.80676566233188;0.00168697707487042;0.0134713676558493;-1.13764352617086
MMP9;-1.48226499999995;6.3397755;-4.79856828769089;0.00170367481536792;0.013571925155678;-1.14809680661351
IGSF21-AS1;-1.08250200000001;5.8835085;-4.77114541366366;0.00176086875821116;0.0138097558994932;-1.1831401430575
AP5Z1;-1.260411;8.35639725;-4.74997460232596;0.00180646746891377;0.0140192052869224;-1.2102717213789
G0S2;-1.10583099999997;15.9549055;-4.73959699044518;0.00182929200046792;0.0141299984895957;-1.22359593611446
LINC01234;-1.12246866649998;7.28619166675;-4.72923657837746;0.00185239521143718;0.0141728150298748;-1.23691429537657
CCDC126;-1.07535000000003;5.610447;-4.70886185665084;0.00189877072833038;0.0143646133360646;-1.2631534008876
CREM;-1.03302799999998;8.824843;-4.68712842625939;0.00194964897020914;0.0147035697477838;-1.29121142137683
APLN;-1.13142799999997;5.794213;-4.67500100099455;0.00197868887520639;0.0147664682199376;-1.30689903998863
UBL4A;-1.06160875000001;8.373155875;-4.66887993054005;0.00199352625820374;0.014843688760409;-1.3148254836333
VBP1;-1.01722899999998;10.322151;-4.66534975794805;0.00200213885112209;0.0148743169478868;-1.31939943329708
NUP62CL;-1.24909649999997;5.98639325;-4.65403726275267;0.0020300143795157;0.0149899224889793;-1.33406941251027
SAP25;-1.00529149999998;7.36227525;-4.63305122792325;0.00208286185095878;0.0151339368775159;-1.36133517948025
MSMO1;-1.25907450000001;8.06778975;-4.62342274516271;0.00210761219913545;0.0152467525828048;-1.37386709176744
SLC16A6;-1.00350700000002;5.983901;-4.57635664041772;0.00223333227967438;0.0157764882833408;-1.43532723167109
FAM222A;-1.07863000000003;7.651451;-4.5713783367592;0.00224710372660767;0.0158062232343935;-1.44184758160966
TPRX1;-1.00412700000002;5.060792;-4.5655276180458;0.00226340765531566;0.0158537871509894;-1.44951535915074
LINC01238;-1.19655500000002;6.373023;-4.56551012202366;0.00226345660473895;0.0158537871509894;-1.4495382966595
CACNA2D3;-1.18615350000004;5.19389375;-4.55992411639264;0.00227914432358962;0.0158878111298236;-1.45686398205561
GALK1;-1.04529900000002;9.161884;-4.55792358792002;0.00228479155516417;0.0158878111298236;-1.45948869036476
KRT8;-1.00591299999999;10.26150825;-4.55652622725281;0.00228874522041527;0.0158878111298236;-1.46132239602559
GLDC;-1.01634500000001;8.3924015;-4.5552569514244;0.00229234298515604;0.0158878111298236;-1.46298827580965
MT1HL1;-1.02800049999999;15.29227875;-4.54662122029532;0.00231698616129429;0.0159426314581085;-1.47432881727911
FLI1;-1.05217949999998;7.39641175;-4.53729563680005;0.00234392442603879;0.0160103598191823;-1.48658790637847
RGL1;-1.17475300000004;8.943183;-4.52451249233469;0.0023814095751286;0.0161686830609584;-1.50341348111857
DACT3;-1.42479350000003;5.99139675;-4.51598717962951;0.00240677398112576;0.0161686830609584;-1.51464844798973
TEX19;-1.13944050000004;5.84547675;-4.51453196363152;0.00241113301934259;0.0161686830609584;-1.51656727820212
PPP1R15A;-1.22559600000004;8.2476965;-4.51106462095016;0.00242155419158091;0.0161686830609584;-1.52114055938885
SCG5;-1.00116999999999;6.8746185;-4.49827821993229;0.00246041256159354;0.0161686830609584;-1.53802093563292
KLHDC9;-1.17222450000004;5.75994575;-4.49144907771812;0.00248144596799478;0.0162448720201797;-1.54704672619219
TSHZ3;-1.1170115;7.33342175;-4.4591353539961;0.00258367662182597;0.0166179667543904;-1.58984952167001
FNDC4;-1.35752550000005;5.74309325;-4.43912984792462;0.00264927316472825;0.0169183279793111;-1.61642745940544
ASPHD1;-1.13810949999999;7.05861325;-4.40791904371592;0.00275527923184323;0.0171867040386296;-1.65801187082812
ENDOD1;-1.05810999999997;8.4777495;-4.3893698114741;0.00282047296929485;0.0172614860072425;-1.68279547839335
SPINT2;-1.30394050000006;5.41049625;-4.38645034526184;0.00283088658110756;0.0172614860072425;-1.68670086208953
SLC30A3;-1.18393999999998;6.6357885;-4.38024346813753;0.00285316620591083;0.0173074632600756;-1.69500806519368
ITGA6;-1.05079499999997;10.09108125;-4.35969839509094;0.0029282909561507;0.0176659304763398;-1.72254637611115
ARHGAP31;-1.063494;5.83176;-4.35652843235786;0.0029400734854845;0.0176672009456446;-1.726800958009
NRIP3;-1.04606916449997;9.42193374925;-4.31962245361142;0.00308112909583834;0.0182548616323325;-1.77644471504889
CAVIN3;-1.00295749999999;12.59193725;-4.28784394849081;0.00320851982796177;0.0184556090783189;-1.81935358145973
XLOC_l2_011508;-1.03755699999996;6.007156;-4.27897831277761;0.00324507729633839;0.0184969405891288;-1.83135111392965
GDNF;-1.27614800000006;5.49101;-4.25778388603157;0.00333432819456343;0.0185931467697956;-1.86007988665057
ITGB7;-1.03287700000002;5.7779075;-4.21376823080235;0.00352835669275637;0.0190910564440438;-1.91995436081713
MPP6;-1.07209749999999;8.59931375;-4.21325314669762;0.00353069891365864;0.0190910564440438;-1.92065671771963
AFP;-1.04504999999997;5.096781;-4.17105232663715;0.0037284773164055;0.0197221536128585;-1.97833297237046
SLC20A1;-1.02898049999998;15.77863625;-4.1629692973376;0.00376771935437343;0.0198600570957032;-1.98940985695715
lnc-KRT83-1;-1.03198600000002;6.5929265;-4.1353499808171;0.0039052386881298;0.0202998728033917;-2.02733089068912
AMH;-1.04109750000003;6.59917425;-4.09550558442893;0.00411334554642549;0.0207265955400253;-2.08223193931501
MMAB;-1.06770850000004;6.61890725;-4.07498323572617;0.004225215256455;0.0210053558463763;-2.11059887823259
BTBD16;-1.22661100000004;5.9845155;-4.02545375913755;0.00450906813407363;0.0217523025140165;-2.17930970922721
CPD;-1.08347450000001;7.21540325;-3.98372441587595;0.00476432252809945;0.0223416315998536;-2.23747076809218
ZNF185;-1.18079349999994;7.69993075;-3.96265852744234;0.00489910188982115;0.0224549676046403;-2.26692515885641
ZSWIM8-AS1;-1.03800000000004;7.3686915;-3.93642299276346;0.00507276865839335;0.0228171063736713;-2.30369478044055
HIBADH;-1.08961299999999;8.512504;-3.89523520044183;0.00535902066229628;0.0234938619500069;-2.36161354426399
SHISA3;-1.0218815;8.10460625;-3.86050737303442;0.00561398913280506;0.0239038558984473;-2.41062999481852
TFPI2;-1.10846799999996;9.6420015;-3.84898921338511;0.00570143025415503;0.0241343513703413;-2.42692366819393
STK4-AS1;-1.25215850000005;5.87271725;-3.72029383351723;0.00678513617796811;0.0263914252122013;-2.61018733184634
LINC01291;-1.08774449999998;5.34637075;-3.69835555997032;0.00699111771644778;0.0266529062280431;-2.64164498917597
ECSCR;-1.96852149999985;5.35251825;-3.66035362570884;0.00736404828334539;0.0274604642519943;-2.69628260453956
WDR66;-1.06847274999995;9.453914375;-3.61105888939251;0.00788004359171884;0.0284011929277529;-2.76742781051342
AQP3;-1.11970949999997;5.57409175;-3.5657259944649;0.00838900240001069;0.0292553184962398;-2.83311956795989
SOCS1;-1.18656249999996;7.18734625;-3.53770776591719;0.00872114694587265;0.0297129781418409;-2.87384464745497
PAK3;-1.01224950000001;6.13686575;-3.50223001896504;0.00916211234825829;0.0304727801039657;-2.92554528225843
SPOCD1;-1.31303299999995;9.402651;-3.50013706971398;0.00918886280336539;0.0305310356059558;-2.9285998522567
SGK1;-1.05426850000006;7.88369525;-3.44219525475689;0.0099636779758917;0.0319185265390484;-3.01336176407722
SYNDIG1;-1.17041100000008;6.5123425;-3.42524434633971;0.0102033629870638;0.0321509667933659;-3.03822997350498
SLIT3;-1.02007350000006;6.98886625;-3.3605234549876;0.0111767981163444;0.0336623016581477;-3.13346572458593
MYH16;-1.30634099999993;5.200752;-3.3389564655439;0.0115228358387606;0.034226860092491;-3.16529885873072
EVI2B;-1.34061499999996;5.728342;-3.20679472532142;0.0139087314036311;0.037690381983938;-3.36136536448088
MYLK2;-1.21848550000009;6.37949825;-3.07674092639045;0.0167745280252108;0.0416340763148251;-3.5557965503978
ARHGDIB;-1.29790549999989;8.52667825;-3.05638975365109;0.0172767672604311;0.0424251856607272;-3.58633810109523
MARCH4;-1.08596449999991;8.31712175;-2.88518067634121;0.0221845840333733;0.0479984763621797;-3.84427730984258
