Residuo,Categoría
ALA10A,Superficie
THR11A,Superficie
PHE12A,Core
GLY13A,Superficie
ALA14A,Core
TRP15A,Core
ASP16A,Core
TYR17A,Core
GLY18A,Core
VAL19A,Core
PHE20A,Core
ALA21A,Core
THR22A,Core
MET23A,Core
LEU24A,Core
LEU25A,Core
VAL26A,Core
SER27A,Core
THR28A,Core
GLY29A,Core
ILE30A,Core
GLY31A,Core
LEU32A,Core
TRP33A,Core
VAL34A,Core
GLY35A,Core
LEU36A,Core
ALA56A,Superficie
VAL57A,Core
PRO58A,Core
VAL59A,Core
GLY60A,Core
LEU61A,Core
SER62A,Core
LEU63A,Core
ALA64A,Core
ALA65A,Core
SER66A,Core
PHE67A,Sitio activo
MET68A,Core
SER69A,Sitio activo
ALA70A,Core
VAL71A,Sitio activo
GLN72A,Sitio activo
VAL73A,Core
LEU74A,Core
GLY75A,Core
VAL76A,Core
PRO77A,Core
ALA78A,Core
GLU79A,Core
ALA80A,Core
ALA81A,Superficie
ARG82A,Superficie
TYR83A,Core
GLY84A,Core
LEU85A,Core
LYS86A,Core
PHE87A,Core
LEU88A,Core
TRP89A,Core
MET90A,Sitio activo
CYS91A,Core
ALA92A,Core
GLY93A,Core
GLN94A,Core
LEU95A,Core
LEU96A,Core
ASN97A,Core
SER98A,Core
LEU99A,Core
LEU100A,Core
THR101A,Core
ALA102A,Core
PHE103A,Core
LEU104A,Core
PHE105A,Core
LEU106A,Core
PRO107A,Superficie
ILE108A,Superficie
PHE109A,Core
TYR110A,Superficie
ARG111A,Superficie
LEU112A,Superficie
GLY113A,Superficie
LEU114A,Superficie
THR115A,Superficie
SER116A,Core
THR117A,Core
TYR118A,Core
GLN119A,Superficie
TYR120A,Core
LEU121A,Core
GLU122A,Superficie
LEU123A,Superficie
ARG124A,Superficie
PHE125A,Core
SER126A,Superficie
ARG127A,Superficie
ALA128A,Core
VAL129A,Core
ARG130A,Superficie
LEU131A,Core
CYS132A,Core
GLY133A,Core
THR134A,Core
LEU135A,Core
GLN136A,Core
TYR137A,Core
LEU138A,Core
VAL139A,Core
ALA140A,Core
THR141A,Core
MET142A,Core
LEU143A,Core
TYR144A,Sitio activo
THR145A,Core
GLY146A,Core
ILE147A,Core
VAL148A,Core
ILE149A,Core
TYR150A,Core
ALA151A,Core
PRO152A,Core
ALA153A,Core
LEU154A,Core
ILE155A,Core
LEU156A,Core
ASN157A,Core
GLN158A,Superficie
VAL159A,Core
THR160A,Core
GLY161A,Superficie
LEU162A,Core
ASP163A,Superficie
ILE164A,Core
TRP165A,Core
ALA166A,Core
SER167A,Core
LEU168A,Core
LEU169A,Core
SER170A,Core
THR171A,Core
GLY172A,Core
ILE173A,Core
ILE174A,Core
CYS175A,Core
THR176A,Core
LEU177A,Core
TYR178A,Core
THR179A,Core
THR180A,Core
VAL181A,Core
GLY182A,Core
GLY183A,Core
THR190A,Core
ASP191A,Core
VAL192A,Core
PHE193A,Core
GLN194A,Core
VAL195A,Core
VAL196A,Core
VAL197A,Core
MET198A,Core
LEU199A,Core
VAL200A,Core
GLY201A,Core
PHE202A,Core
TRP203A,Core
VAL204A,Core
ILE205A,Core
LEU206A,Core
ALA207A,Core
ARG208A,Core
GLY209A,Core
VAL210A,Core
ILE211A,Superficie
LEU212A,Superficie
LEU213A,Superficie
GLY214A,Superficie
GLY215A,Superficie
PRO216A,Superficie
ARG217A,Superficie
ASN218A,Superficie
VAL219A,Core
LEU220A,Superficie
SER221A,Superficie
LEU222A,Superficie
ALA223A,Core
GLN224A,Superficie
GLN225A,Superficie
HIS226A,Superficie
SER227A,Superficie
ARG228A,Superficie
ILE229A,Superficie
ASN230A,Superficie
LEU231A,Core
MET232A,Core
ASP233A,Superficie
PHE234A,Core
ASP235A,Superficie
PRO236A,Core
ASP237A,Superficie
PRO238A,Core
ARG239A,Superficie
SER240A,Superficie
ARG241A,Core
TYR242A,Core
THR243A,Core
PHE244A,Core
TRP245A,Core
THR246A,Core
PHE247A,Core
ILE248A,Core
VAL249A,Core
GLY250A,Core
GLY251A,Core
THR252A,Core
LEU253A,Core
VAL254A,Core
TRP255A,Core
LEU256A,Core
SER257A,Core
MET258A,Core
TYR259A,Core
GLY260A,Core
VAL261A,Core
ASN262A,Core
GLN263A,Core
ALA264A,Core
GLN265A,Core
VAL266A,Core
GLN267A,Superficie
ARG268A,Core
TYR269A,Core
VAL270A,Superficie
ALA271A,Superficie
CYS272A,Superficie
HIS273A,Superficie
THR274A,Superficie
GLU275A,Superficie
GLY276A,Superficie
LYS277A,Superficie
ALA278A,Core
LYS279A,Superficie
LEU280A,Core
ALA281A,Core
LEU282A,Core
LEU283A,Core
VAL284A,Core
ASN285A,Core
GLN286A,Core
LEU287A,Core
GLY288A,Core
LEU289A,Core
PHE290A,Core
LEU291A,Core
ILE292A,Core
VAL293A,Sitio activo
ALA294A,Core
SER295A,Core
ALA296A,Core
ALA297A,Core
CYS298A,Core
CYS299A,Core
GLY300A,Core
ILE301A,Core
VAL302A,Core
MET303A,Core
PHE304A,Superficie
VAL305A,Superficie
TYR306A,Superficie
TYR307A,Superficie
LYS308A,Superficie
ASP309A,Superficie
CYS310A,Superficie
ASP311A,Superficie
PRO312A,Superficie
LEU313A,Superficie
LEU314A,Superficie
THR315A,Superficie
GLY316A,Superficie
ARG317A,Superficie
ILE318A,Superficie
SER319A,Superficie
ALA320A,Superficie
PRO321A,Superficie
ASP322A,Core
GLN323A,Core
TYR324A,Superficie
MET325A,Core
PRO326A,Core
LEU327A,Superficie
LEU328A,Core
VAL329A,Core
LEU330A,Superficie
ASP331A,Superficie
ILE332A,Superficie
PHE333A,Core
GLU334A,Superficie
ASP335A,Superficie
LEU336A,Core
PRO337A,Core
GLY338A,Core
VAL339A,Core
PRO340A,Core
GLY341A,Core
LEU342A,Core
PHE343A,Core
LEU344A,Core
ALA345A,Core
CYS346A,Core
ALA347A,Core
TYR348A,Core
SER349A,Core
GLY350A,Core
THR351A,Core
LEU352A,Core
SER353A,Core
THR354A,Core
ALA355A,Core
SER356A,Core
THR357A,Core
SER358A,Core
ILE359A,Core
ASN360A,Core
ALA361A,Core
MET362A,Core
ALA363A,Core
ALA364A,Core
VAL365A,Core
THR366A,Core
VAL367A,Superficie
GLU368A,Superficie
ASP369A,Superficie
LEU370A,Superficie
ILE371A,Core
LYS372A,Superficie
PRO373A,Superficie
ARG374A,Superficie
MET375A,Superficie
PRO376A,Superficie
GLY377A,Superficie
LEU378A,Superficie
ALA379A,Superficie
PRO380A,Superficie
ARG381A,Superficie
LYS382A,Superficie
LEU383A,Superficie
VAL384A,Superficie
PHE385A,Superficie
ILE386A,Superficie
SER387A,Core
LYS388A,Core
GLY389A,Core
LEU390A,Core
SER391A,Core
PHE392A,Core
ILE393A,Core
TYR394A,Core
GLY395A,Core
SER396A,Core
ALA397A,Core
CYS398A,Core
LEU399A,Core
THR400A,Core
VAL401A,Core
ALA402A,Core
ALA403A,Core
LEU404A,Core
SER405A,Core
SER406A,Core
LEU407A,Core
LEU408A,Core
GLY409A,Core
GLY410A,Core
GLY411A,Core
VAL412A,Core
LEU413A,Sitio activo
GLN414A,Core
GLY415A,Core
SER416A,Sitio activo
PHE417A,Sitio activo
THR418A,Core
VAL419A,Core
MET420A,Core
GLY421A,Core
VAL422A,Core
ILE423A,Core
SER424A,Core
GLY425A,Core
PRO426A,Core
LEU427A,Core
LEU428A,Core
GLY429A,Core
ALA430A,Core
PHE431A,Core
THR432A,Core
LEU433A,Core
GLY434A,Core
MET435A,Core
LEU436A,Core
LEU437A,Core
PRO438A,Core
ALA439A,Core
CYS440A,Core
ASN441A,Core
THR442A,Core
PRO443A,Core
GLY444A,Core
VAL445A,Core
LEU446A,Core
SER447A,Core
GLY448A,Core
LEU449A,Core
ALA450A,Core
ALA451A,Core
GLY452A,Core
LEU453A,Core
ALA454A,Core
VAL455A,Core
SER456A,Core
LEU457A,Core
TRP458A,Core
VAL459A,Core
ALA460A,Core
VAL461A,Core
GLY462A,Core
ALA463A,Core
THR464A,Core
LEU465A,Superficie
TYR466A,Superficie
PRO467A,Superficie
PRO468A,Superficie
GLY469A,Superficie
GLU470A,Superficie
GLN471A,Superficie
THR472A,Superficie
MET473A,Superficie
GLY474A,Superficie
VAL475A,Superficie
LEU476A,Superficie
PRO477A,Superficie
THR478A,Superficie
SER479A,Superficie
ALA480A,Superficie
ALA481A,Superficie
GLY482A,Superficie
CYS483A,Superficie
GLY510A,Superficie
ARG511A,Superficie
PRO512A,Superficie
ALA513A,Superficie
LEU514A,Core
ALA515A,Superficie
ASP516A,Superficie
THR517A,Superficie
PHE518A,Core
TYR519A,Core
ALA520A,Superficie
ILE521A,Core
SER522A,Core
TYR523A,Core
LEU524A,Core
TYR525A,Core
TYR526A,Core
GLY527A,Core
ALA528A,Core
LEU529A,Core
GLY530A,Core
THR531A,Core
LEU532A,Core
THR533A,Core
THR534A,Core
MET535A,Core
LEU536A,Core
CYS537A,Core
GLY538A,Core
ALA539A,Core
LEU540A,Core
ILE541A,Core
SER542A,Core
TYR543A,Core
LEU544A,Core
THR545A,Core
GLY546A,Core
PRO547A,Core
THR548A,Superficie
LYS549A,Superficie
ARG550A,Superficie
SER551A,Superficie
SER552A,Superficie
LEU553A,Superficie
GLY554A,Superficie
PRO555A,Superficie
GLY556A,Superficie
LEU557A,Superficie
LEU558A,Superficie
TRP559A,Superficie
TRP560A,Superficie
ASP561A,Superficie
